:020000040800F2
:100000000000032041AD0008F5A20008FDA2000891
:1000100005A300080DA3000815A3000800000000B8
:10002000000000000000000000000000B1660108B0
:100030001DA30008000000000169010869690108AA
:1000400091AD000891AD000891AD000891AD000898
:1000500091AD000891AD000891AD000891AD000888
:1000600091AD00082BA3000891AD000891AD0008E8
:1000700091AD000891AD000891AD000891AD000868
:1000800091AD000891AD000891AD000891AD000858
:1000900091AD000891AD000891AD000891AD000848
:1000A00091AD000839A3000855A3000891AD0008E0
:1000B00091AD00086DA3000891AD000891AD000856
:1000C00091AD000891AD000891AD000891AD000818
:1000D00091AD000885A3000899A3000891AD000820
:1000E00091AD000891AD000891AD000891AD0008F8
:1000F000ADA3000891AD000891AD000891AD0008D6
:1001000091AD000891AD000891AD000891AD0008D7
:1001100091AD000891AD0008C5A30008DDA300085B
:1001200091AD000891AD000891AD000891AD0008B7
:1001300091AD000891AD000891AD000891AD0008A7
:1001400091AD000891AD000891AD000891AD000897
:1001500091AD000891AD000891AD000891AD000887
:1001600091AD000891AD000891AD000891AD000877
:1001700091AD000891AD000891AD000891AD000867
:1001800091AD000891AD000891AD000891AD000857
:1001900091AD000891AD000891AD000891AD000847
:0C01A000000000000000000091AD00080D
:1001B00010B5054C237833B9044B13B10448AFF3A1
:1001C00000800123237010BDD80300200000000030
:1001D00060CB010808B5034B1BB103490348AFF3DB
:1001E000008008BD00000000DC03002060CB010897
:1001F00001F0FF01102A2BDB10F0070F08D010F8D8
:10020000013B013A8B422DD010F0070F42B3F6D1DB
:10021000F0B441EA012141EA014122F007047FF0F4
:1002200000070023F0E80256083C85EA010586EA4B
:10023000010685FA47F5A3FA87F586FA47F6A5FA87
:1002400087F68EB9EED1F0BC01F0FF0102F0070293
:1002500032B110F8013B013A83EA010313B1F8D13E
:100260000020704701387047002D06BF354603381F
:10027000073815F0010F07D1013015F4807F02BF58
:10028000013015F4C03F0130F0BC0138704700BFA9
:10029000034613F8012B002AFBD1181A01387047C6
:1002A00081F0004102E000BF83F0004330B54FEA27
:1002B00041044FEA430594EA050F08BF90EA020F94
:1002C0001FBF54EA000C55EA020C7FEA645C7FEA27
:1002D000655C00F0E2804FEA5454D4EB5555B8BF4A
:1002E0006D420CDD2C4480EA020281EA030382EABB
:1002F000000083EA010180EA020281EA0303362D4D
:1003000088BF30BD11F0004F4FEA01314FF4801C1F
:100310004CEA113102D0404261EB410113F0004F31
:100320004FEA03334CEA133302D0524263EB4303E8
:1003300094EA050F00F0A780A4F10104D5F1200E86
:100340000DDB02FA0EFC22FA05F2801841F10001E1
:1003500003FA0EF2801843FA05F359410EE0A5F1B5
:1003600020050EF1200E012A03FA0EFC28BF4CF0E6
:10037000020C43FA05F3C01851EBE37101F000459C
:1003800007D54FF0000EDCF1000C7EEB00006EEBA9
:100390000101B1F5801F1BD3B1F5001F0CD3490833
:1003A0005FEA30004FEA3C0C04F101044FEA44528A
:1003B00012F5800F80F09A80BCF1004F08BF5FEA11
:1003C000500C50F1000041EB045141EA050130BDF1
:1003D0005FEA4C0C404141EB0101013C28BFB1F503
:1003E000801FE9D291F0000F04BF01460020B1FA4E
:1003F00081F308BF2033A3F10B03B3F120020CDA21
:100400000C3208DD02F1140CC2F10C0201FA0CF0FE
:1004100021FA02F10CE002F11402D8BFC2F1200C63
:1004200001FA02F120FA0CFCDCBF41EA0C01904019
:10043000E41AA2BF01EB0451294330BD6FEA040462
:100440001F3C1CDA0C340EDC04F11404C4F120024D
:1004500020FA04F001FA02F340EA030021FA04F35F
:1004600045EA030130BDC4F10C04C4F1200220FAB6
:1004700002F001FA04F340EA0300294630BD21FAF4
:1004800004F0294630BD94F0000F83F4801306BFBA
:1004900081F480110134013D4EE77FEA645C18BFAE
:1004A0007FEA655C29D094EA050F08BF90EA020F45
:1004B00005D054EA000C04BF1946104630BD91EA3D
:1004C000030F1EBF0021002030BD5FEA545C05D140
:1004D0004000494128BF41F0004130BD14F580047F
:1004E0003CBF01F5801130BD01F0004545F0FE41F3
:1004F00041F470014FF0000030BD7FEA645C1ABF28
:10050000194610467FEA655C1CBF0B46024650EA5E
:10051000013406BF52EA033591EA030F41F400218A
:1005200030BD00BF90F0000F04BF0021704730B510
:100530004FF4806404F132044FF000054FF00001E5
:1005400050E700BF90F0000F04BF0021704730B5A6
:100550004FF4806404F1320410F0004548BF40427B
:100560004FF000013EE700BF42004FEAE2014FEAD0
:1005700031014FEA02701FBF12F07F4393F07F4FAB
:1005800081F06051704732F07F4208BF704793F0AE
:100590007F4F04BF41F40021704730B54FF46074C1
:1005A00001F0004521F000411CE700BF50EA0102C4
:1005B00008BF704730B54FF000050AE050EA01026D
:1005C00008BF704730B511F0004502D5404261EBDD
:1005D00041014FF4806404F132045FEA915C3FF41E
:1005E000D8AE4FF003025FEADC0C18BF03325FEABB
:1005F000DC0C18BF033202EBDC02C2F1200300FA6C
:1006000003FC20FA02F001FA03FE40EA0E0021FA90
:1006100002F11444BDE600BF70B54FF0FF0C4CF47E
:10062000E06C1CEA11541DBF1CEA135594EA0C0F30
:1006300095EA0C0F00F0DEF82C4481EA030621EA6B
:100640004C5123EA4C5350EA013518BF52EA0335A6
:1006500041F4801143F4801338D0A0FB02CE4FF058
:100660000005E1FB02E506F00042E0FB03E54FF088
:100670000006E1FB03569CF0000F18BF4EF0010E80
:10068000A4F1FF04B6F5007F64F5407404D25FEA7C
:100690004E0E6D4146EB060642EAC62141EA55512F
:1006A0004FEAC52040EA5E504FEACE2EB4F1FD0C71
:1006B00088BFBCF5E06F1ED8BEF1004F08BF5FEAEF
:1006C000500E50F1000041EB045170BD06F00046A1
:1006D00046EA010140EA020081EA0301B4EB5C044E
:1006E000C2BFD4EB0C0541EA045170BD41F4801146
:1006F0004FF0000E013C00F3AB8014F1360FDEBF6B
:10070000002001F0004170BDC4F10004203C35DA46
:100710000C341BDC04F11404C4F1200500FA05F3C9
:1007200020FA04F001FA05F240EA020001F000426A
:1007300021F0004110EBD37021FA04F642EB0601E0
:100740005EEA430E08BF20EAD37070BDC4F10C040A
:10075000C4F1200500FA04F320FA05F001FA04F2CE
:1007600040EA020001F0004110EBD37041F10001BA
:100770005EEA430E08BF20EAD37070BDC4F12005C5
:1007800000FA05F24EEA020E20FA04F301FA05F22D
:1007900043EA020321FA04F001F0004121FA04F2D5
:1007A00020EA020000EBD3705EEA430E08BF20EAA5
:1007B000D37070BD94F0000F0FD101F000464000DF
:1007C00041EB010111F4801F08BF013CF7D041EA61
:1007D000060195F0000F18BF704703F00046520065
:1007E00043EB030313F4801F08BF013DF7D043EA36
:1007F0000603704794EA0C0F0CEA135518BF95EAEC
:100800000C0F0CD050EA410618BF52EA4306D1D172
:1008100081EA030101F000414FF0000070BD50EA91
:10082000410606BF1046194652EA430619D094EA1B
:100830000C0F02D150EA013613D195EA0C0F05D105
:1008400052EA03361CBF104619460AD181EA030159
:1008500001F0004141F0FE4141F470014FF0000011
:1008600070BD41F0FE4141F4780170BD70B54FF0AC
:10087000FF0C4CF4E06C1CEA11541DBF1CEA13552C
:1008800094EA0C0F95EA0C0F00F0A7F8A4EB05040E
:1008900081EA030E52EA03354FEA013100F0888005
:1008A0004FEA03334FF0805545EA131343EA1263CE
:1008B0004FEA022245EA111545EA10654FEA002683
:1008C0000EF000419D4208BF964244F1FD0404F53C
:1008D000407402D25B084FEA3202B61A65EB030598
:1008E0005B084FEA32024FF480104FF4002CB6EB55
:1008F000020E75EB030E22BFB61A754640EA0C00D5
:100900005B084FEA3202B6EB020E75EB030E22BF14
:10091000B61A754640EA5C005B084FEA3202B6EB55
:10092000020E75EB030E22BFB61A754640EA9C0014
:100930005B084FEA3202B6EB020E75EB030E22BFE4
:10094000B61A754640EADC0055EA060E18D04FEAA2
:10095000051545EA16754FEA06164FEAC30343EA42
:1009600052734FEAC2025FEA1C1CC0D111F4801F0F
:100970000BD141EA00014FF000004FF0004CB6E708
:1009800011F4801F04BF01430020B4F1FD0C88BFA7
:10099000BCF5E06F3FF6AFAEB5EB030C04BFB6EBB2
:1009A000020C5FEA500C50F1000041EB045170BDA5
:1009B0000EF0004E4EEA113114EB5C04C2BFD4EBD2
:1009C0000C0541EA045170BD41F480114FF0000E56
:1009D000013C90E645EA060E8DE60CEA135594EAD2
:1009E0000C0F08BF95EA0C0F3FF43BAF94EA0C0FD5
:1009F0000AD150EA01347FF434AF95EA0C0F7FF44A
:100A000025AF104619462CE795EA0C0F06D152EA9D
:100A100003353FF4FDAE1046194622E750EA410681
:100A200018BF52EA43067FF4C5AE50EA41047FF492
:100A30000DAF52EA43057FF4EBAE12E74FF0FF3CF7
:100A400006E000BF4FF0010C02E000BF4FF0010CC8
:100A50004DF804CD4FEA410C7FEA6C5C4FEA430C41
:100A600018BF7FEA6C5C1BD001B050EA410C0CBF90
:100A700052EA430C91EA030F02BF90EA020F0020F2
:100A8000704710F1000F91EA030F58BF994208BF59
:100A900090422CBFD8176FEAE37040F00100704716
:100AA0004FEA410C7FEA6C5C02D150EA013C07D16D
:100AB0004FEA430C7FEA6C5CD6D152EA033CD3D0B8
:100AC0005DF8040B704700BF8446104662468C46B2
:100AD0001946634600E000BF01B5FFF7B7FF0028E5
:100AE00048BF10F1000F01BD4DF808EDFFF7F4FF0E
:100AF0000CBF012000205DF808FB00BF4DF808ED99
:100B0000FFF7EAFF34BF012000205DF808FB00BFBB
:100B10004DF808EDFFF7E0FF94BF012000205DF8DD
:100B200008FB00BF4DF808EDFFF7CEFF94BF012092
:100B300000205DF808FB00BF4DF808EDFFF7C4FF8B
:100B400034BF012000205DF808FB00BF4FEA410CD4
:100B50007FEA6C5C02D150EA013C0AD14FEA430CB7
:100B60007FEA6C5C02D152EA033C02D14FF00000F4
:100B700070474FF0010070474FEA410212F5001232
:100B800015D211D56FF47873B3EB625212D94FEAD4
:100B9000C12343F0004343EA505311F0004F23FABE
:100BA00002F018BF404270474FF00000704750EA13
:100BB000013005D111F0004008BF6FF000407047D0
:100BC0004FF00000704700BF4A0011D212F500122A
:100BD00011D20DD56FF47873B3EB62520ED44FEA95
:100BE000C12343F0004343EA505323FA02F0704715
:100BF0004FF00000704750EA013002D14FF0FF3053
:100C000070474FF0000070474FEA4102B2F1E043F5
:100C100024BFB3F5001CDCF1FE5C0DD901F0004CE3
:100C20004FEAC0024CEA5070B2F1004F40EB830033
:100C300008BF20F00100704711F0804F21D113F15F
:100C40003872BCBF01F00040704741F480114FEA98
:100C50005252C2F11802C2F1200C10FA0CF320FA21
:100C600002F018BF40F001004FEAC1234FEAD3233E
:100C700003FA0CFC40EA0C0023FA02F34FEA4303A8
:100C8000CCE77FEA625307D150EA01331EBF4FF031
:100C9000FE4040F44000704701F0004040F0FE404C
:100CA00040F40000704700BF53B94AB9002908BF9B
:100CB00000281CBF4FF0FF314FF0FF3000F0A0B90B
:100CC000ADF1080C6DE904CE00F03CF8DDF804E06D
:100CD000DDE9022304B0704738B500220023044642
:100CE0000D46FFF70BFF28B920462946BDE83840DE
:100CF00000F00AB8204605F1004100F005F8404236
:100D000061EB410138BD00BFD0B50C4B0022064657
:100D10000F46FFF781FCFFF757FF0446FFF702FC81
:100D2000074B0022FFF778FC02460B463046394657
:100D3000FFF7BAFAFFF748FF2146D0BD0000F03DAB
:100D40000000F0412DE9F047089D0C46002B4ED1E4
:100D500094468C458646B2FA82F262D94AB1C2F113
:100D60002003914020FA03F30CFA02FC194300FA25
:100D700002FE4FEA1C471FFA8CF6B1FBF7F44FEA6C
:100D80001E4307FB141143EA014304FB06F1994299
:100D90000AD91CEB030304F1FF3080F01281994261
:100DA00040F20F81023C6344591A1FFA8EF3B1FBE3
:100DB000F7F007FB101143EA014300FB06F69E42E1
:100DC0000AD91CEB030300F1FF3180F0FC809E4246
:100DD00040F2F980634402389B1B40EA0440002142
:100DE0001DB1D3400022C5E90032BDE8F0878B4237
:100DF00005D90DB1C5E9000100210846F5E7B3FAB0
:100E000083F1002946D1A34202D39042C0F0F08082
:100E1000861A64EB03030120002DE6D0C5E90063C8
:100E2000E3E7002A40F09080A1EB0C044FEA1C4855
:100E30001FFA8CF70121B4FBF8F64FEA1E4308FBBA
:100E4000164443EA044307FB06F0984208D91CEB1A
:100E5000030306F1FF3402D2984200F2CD80264609
:100E60001C1A1FFA8EF3B4FBF8F008FB104443EA97
:100E7000044300FB07F79F4208D91CEB030300F172
:100E8000FF3402D29F4200F2B0802046DB1B40EAD2
:100E90000640A5E7C1F120068B4022FA06F71F4362
:100EA00020FA06FC04FA01F343EA0C03F44000FACA
:100EB00001F8380C4FEA1349B4FBF0FE1FFA87FC27
:100EC00000FB1E4449EA04440EFB0CF9A14502FA5A
:100ED00001F20AD93C190EF1FF3A80F08480A14555
:100EE00040F28180AEF1020E3C44A4EB09041FFAEB
:100EF00083F9B4FBF0F300FB134449EA044403FB19
:100F00000CFCA44507D93C1903F1FF3067D2A44576
:100F100065D9023B3C4443EA0E40A0FB0293A4EB9C
:100F20000C049C42CE469C4651D34ED055B1B8EBF2
:100F30000E0364EB0C0404FA06F6CB401E43CC40CF
:100F4000C5E90064002150E7C2F1200320FA03F153
:100F50000CFA02FC24FA03F394400C434FEA1C48B9
:100F600000FA02FE1FFA8CF7B3FBF8F008FB103111
:100F7000230C43EA014300FB07F1994208D91CEB1B
:100F8000030300F1FF362CD299422AD90238634478
:100F90005B1AA4B2B3FBF8F108FB113344EA034433
:100FA00001FB07F3A34208D91CEB040401F1FF364F
:100FB00013D2A34211D902396444E41A41EA004130
:100FC00039E70446F0E6084606E7C845AED2B9EB75
:100FD000020E63EB070C0138A8E73146EDE7034644
:100FE00099E73046D4E7D6467FE7634402384DE7B9
:100FF0000646234608460FE7023E634430E700BF3B
:10100000704700BF80B596B002AF00224FF4007168
:10101000012013F005FF03469E4A13609D4B1B6899
:10102000002B01D10023B9E100224FF4806101209F
:1010300013F0F6FE0346984A1360974B1B68002B8B
:1010400001D10023AAE1082014F01BFB0346934AB8
:101050001360934B1B68002B0BD14FF0500383F3AD
:101060001188BFF36F8FBFF34F8FBB6400BF00BF0A
:10107000FDE78C4B1B68002B0BD14FF0500383F323
:101080001188BFF36F8FBFF34F8F7B6400BF00BF2A
:10109000FDE7854B1B68002B0BD14FF0500383F30A
:1010A0001188BFF36F8FBFF34F8F3B6400BF00BF4A
:1010B000FDE77E4B1B68002B0BD14FF0500383F3F1
:1010C0001188BFF36F8FBFF34F8FFB6300BF00BF6B
:1010D000FDE7774B1B68002B0BD14FF0500383F3D8
:1010E0001188BFF36F8FBFF34F8FBB6300BF00BF8B
:1010F000FDE7704B1B68002B0BD14FF0500383F3BF
:101100001188BFF36F8FBFF34F8F7B6300BF00BFAA
:10111000FDE7694B1B68002B0BD14FF0500383F3A5
:101120001188BFF36F8FBFF34F8F3B6300BF00BFCA
:10113000FDE7624B1B68002B0BD14FF0500383F38C
:101140001188BFF36F8FBFF34F8FFB6200BF00BFEB
:10115000FDE75B4B1B68002B0BD14FF0500383F373
:101160001188BFF36F8FBFF34F8FBB6200BF00BF0B
:10117000FDE7544B1B68002B0BD14FF0500383F35A
:101180001188BFF36F8FBFF34F8F7B6200BF00BF2B
:10119000FDE74D4B1B68002B0BD14FF0500383F341
:1011A0001188BFF36F8FBFF34F8F3B6200BF00BF4B
:1011B000FDE7464B1B68002B0BD14FF0500383F328
:1011C0001188BFF36F8FBFF34F8FFB6100BF00BF6C
:1011D000FDE73F4B1B68002B0BD14FF0500383F30F
:1011E0001188BFF36F8FBFF34F8FBB6100BF00BF8C
:1011F000FDE7384B1B68002B0BD14FF0500383F3F6
:101200001188BFF36F8FBFF34F8F7B6100BF00BFAB
:10121000FDE7314B1B68002B0BD14FF0500383F3DC
:101220001188BFF36F8FBFF34F8F3B6100BF00BFCB
:10123000FDE72A4B1B68002B0BD14FF0500383F3C3
:101240001188BFF36F8FBFF34F8FFB6000BF00BFEC
:10125000FDE7234B1B68002B0BD14FF0500383F3AA
:101260001188BFF36F8FBFF34F8FBB6000BF00BF0C
:10127000FDE71C4B1B68002B36D14FF0500383F366
:101280001188BFF36F8FBFF34F8F7B6000BF00BF2C
:10129000FDE700BFFC0B0020000C0020040C002028
:1012A0009C0E0020A00E0020A40E0020A80E0020FE
:1012B000340E0020380E0020680E00206C0E002036
:1012C000E80D0020EC0D0020DC0E0020E00E0020D8
:1012D000D80F0020DC0F0020100F0020140F00207A
:1012E000AC0F0020B00F00202E4B1B682E4A126856
:1012F0001146184614F0D4F92C4B1B682A4A126880
:101300001146184614F0CCF9294B1B68264A12687E
:101310001146184614F0C4F9264B1B68224A12687D
:101320001146184614F0BCF9234B1B681E4A12687C
:101330001146184614F0B4F9204B1B681A4A12687B
:101340001146184614F0ACF91D4B1B68164A12687A
:101350001146184614F0A4F91A4B1B68124A126879
:101360001146184614F09CF9174B1B680E4A126878
:101370001146184614F094F9144B0193002300937E
:1013800000234FF480721249124814F078FAF8647E
:10139000FB6C012B01D0002300E0012318465037DD
:1013A000BD4680BDFC0B0020040C0020A00E0020D8
:1013B000380E0020140F00206C0E0020EC0D0020D1
:1013C000E00E0020DC0F0020B00F0020F80B002002
:1013D00078CB0108D913000880B584B000AF7860DD
:1013E00005F006FC5B4B1B684FF0FF31184614F00C
:1013F00078F9F860584B1B68FA689A420DD1564B41
:101400001B6800225549184613F03CFF0346012B88
:10141000E8D1524800F0C4F8E4E7514B1B68FA6881
:101420009A420DD14E4B1B6800224E49184613F0CC
:1014300029FF0346012BD5D14A4802F08FFFD1E79F
:10144000494B1B68FA689A420DD1474B1B68002232
:101450004649184613F016FF0346012BC2D14348F4
:1014600002F0FAFFBEE7424B1B68FA689A420DD1C0
:101470003F4B1B6800223F49184613F003FF034609
:10148000012BAFD13B4803F067F8ABE73A4B1B6841
:10149000FA689A420DD1384B1B680022374918462A
:1014A00013F0F0FE0346012B9CD1344803F034F9CD
:1014B00098E7334B1B68FA689A420DD1304B1B6892
:1014C00000223049184613F0DDFE0346012B89D176
:1014D0002C4803F083FA85E72B4B1B68FA689A4285
:1014E0000ED1294B1B6800222849184613F0CAFE6A
:1014F0000346012B7FF476AF244803F0EFF971E740
:10150000234B1B68FA689A420ED1214B1B680022BC
:101510002049184613F0B6FE0346012B7FF462AF54
:101520001C4803F0C9FB5DE71B4B1B68FA689A4235
:101530007FF458AF184B1B6800221849184613F067
:10154000A1FE0346012B7FF44DAF144803F0CCFC01
:1015500048E700BF040C0020FC0B0020F40700202B
:10156000A00E0020380C0020380E0020800C002037
:10157000140F00206C0D00206C0E0020100D0020B8
:10158000EC0D0020B40C0020E00E0020E80C002040
:10159000DC0F00205C0C0020B00F0020C40D0020E8
:1015A000B0B59CB004AF7860A44AA549786805F04E
:1015B000F3F9034687F85F30A148FEF769FE03465A
:1015C0009BB2013B9AB29F4B1A809E4B1B884FF6F1
:1015D000FF72934202D09B4B1B8800E00023994A84
:1015E0001380984B1B881946954816F06BFC0346F0
:1015F000012B42F08A8697F85F30002B42F08586F7
:10160000904B1B881D46904B5C688F4B5B6818465F
:10161000FEF73EFE0346002202928C4A01928C4A5B
:10162000009222462946864817F0B9F80346012B56
:1016300042F06286834B1B881D46834BDC68824BDD
:10164000DB681846FEF724FE034600220292814A18
:101650000192814A009222462946794817F09FF864
:101660000346012B42F040867B4B1B680A227B49D4
:10167000184617F053FF0346794A1360794B1B88CD
:1016800023EAE372764B1B689A42B4BF012300231E
:10169000DBB21946734B1B884FF6FF7293420CBFA7
:1016A00001230023DAB26E4B1B68002B0CBF012311
:1016B0000023DBB21340DBB20B43002B02F00C869D
:1016C000674B1B689AB2684B1A80674B1A88654B48
:1016D0001A805F4B1B68654AD2F8F4105B4A1268A7
:1016E000184618F0D0FC0346002B7FD1604B1E2219
:1016F0001A705D4B1A885E4B1A81524B1B88194633
:1017000000230293534B0193534B00931023594AE8
:101710004B4817F044F80346012B5AD14E4B1B6837
:10172000554A51684B4A1268184618F0ACFC0346FB
:10173000002B0DD14E4B002283F829204F4B186807
:1017400000234FF0FF324A4913F0C8FB02F0E5BD19
:10175000414B1B68484A51693E4A1268184618F0C6
:1017600092FC0346002B0DD1414B022283F8292025
:10177000424B186800234FF0FF323D4913F0AEFB97
:1017800002F0CBBD344B1B683B4AD169314A126829
:10179000184618F078FC0346002B0DD1344B032279
:1017A00083F82920354B186800234FF0FF32304969
:1017B00013F094FB02F0B1BD2D4B032283F82820D7
:1017C0002B4B092283F82A20294802F0C5FE02F09B
:1017D000A4BD274B032283F82820254B082283F839
:1017E0002A20234802F0B8FE02F097BD184B1B6870
:1017F0001E4AD2F82411154A1268184618F043FC04
:101800000346002B3CD11A4B24221A70164B1A881F
:10181000174B1A81164B002283F82820144B002204
:1018200083F82A20124802F097FE4FF4FA700AF06B
:101830004FFD0BF09EFA02F070BD00BFE00D0020DE
:10184000F4030020F40B002034DC01080C0C002011
:10185000080C0020140C0020100C0020DC0D0020CF
:101860001C0C0020200C0020180C002054D901086A
:10187000240D002084CB010814DC0108100F002087
:10188000BA4B1B68BA4AD2F81412BA4A1268184600
:1018900018F0F9FB0346002B36D105F001FA034698
:1018A000002B26D005F0DAF9034687F8593097F86F
:1018B0005930012B0AD1B04B198800230093012322
:1018C0000122422003F092F902F027BD97F8593027
:1018D000002B42F02285A84B1C8805F05FFA0346D6
:1018E0000093002300222146422003F07FF902F0FA
:1018F00014BDA14B19880023009310230422422019
:1019000003F074F902F009BD984B1B68984AD2F8AD
:101910001C12984A1268184618F0B5FB0346002BB3
:1019200062D1964B1B88194600230293944B019376
:10193000944B00931023944A944816F030FF0346CA
:10194000012B46D18F4B1B68914AD1688C4A126893
:10195000184618F098FB0346002B11D105F0A0F9AA
:101960000346002B01D105F0A7F9814B93F818022B
:10197000814B19880023002203F0FCF802F0CDBC53
:10198000804B1B68824A51687D4A1268184618F0DD
:101990007AFB0346002B11D105F082F90346012B97
:1019A00001D105F0C7F9724B93F81802724B1988F0
:1019B0000023002203F0DEF802F0AFBC6C4B93F87A
:1019C00018026D4B19880923032203F0D3F802F0A3
:1019D000A4BC674B93F81802674B198808230322AD
:1019E00003F0C8F802F099BC05F04EF90346002B4D
:1019F0000AD0614B1988002300930F23052242204F
:101A000003F0F4F802F089BC584B1B68584AD2F82E
:101A10002412584A1268184618F035FB0346002B6A
:101A200066D105F03DF90346002B23D105F09AFA63
:101A300005F0A4FA4E4B93F818324F4A128811461B
:101A4000184605F041FB05F0F9FA002200210020BC
:101A500006F0FAFB05F0AAFA05F008FB05F06CFAAF
:101A6000044605F073FA03461946204603F0A2FA2D
:101A700002F053BC05F014F90346012B23D105F005
:101A800071FA05F07BFA3A4B93F818323A4A128809
:101A90001146184605F018FB05F0D0FA0122002186
:101AA000002006F0D1FB05F081FA05F0DFFA05F021
:101AB00043FA044605F04AFA03461946204603F065
:101AC00079FA02F02ABC2A4B93F818022A4B19889B
:101AD0000923032203F04EF805F02EFA044605F020
:101AE00035FA03461946204603F064FA02F015BCA5
:101AF0001E4B1B681E4A51681E4A1268184618F091
:101B0000C2FA0346002B57D1224B00221A701A4BFF
:101B10001A88204B1A81194B1B88194600230293FF
:101B2000174B0193174B00931023174A174816F0D1
:101B300036FE0346012B31D1124B1B6807F15401CD
:101B40000A22184617F0EAFC0346A7F85A30114A51
:101B5000B7F85A305381104B186800234FF0FF320A
:101B60000C4913F0BBF902F0D8BB00BF080C0020F1
:101B700054D901080C0C0020180C0020F40B002094
:101B8000140C0020100C002084CB0108F40300206A
:101B900044D90108240C00209C0E00209E4B0022FA
:101BA0005A819D4B03221A749B4B08225A749A48FF
:101BB00002F0D4FB02F0B1BB984B1B68984AD16885
:101BC000984A1268184618F05EFA0346002B10D1A6
:101BD000914B01221A70944B1A888F4B1A81934BA8
:101BE000186800234FF0FF328B4913F077F902F0A9
:101BF00094BB8A4B1B688A4A51698A4A1268184604
:101C000018F041FA0346002B10D1834B02221A70C0
:101C1000854B1A88804B1A81844B186800234FF03B
:101C2000FF327D4913F05AF902F077BB7B4B1B68FA
:101C30007B4AD1697B4A1268184618F024FA034699
:101C4000002B10D1744B03221A70774B1A88724BF9
:101C50001A81764B186800234FF0FF326E4913F05B
:101C60003DF902F05ABB6D4B1B686D4A516A6D4AD3
:101C70001268184618F007FA0346002B40F0EC8073
:101C80006B4B1B881946002302936A4B01936A4BE6
:101C900000931623694A6A4816F081FD0346012B1A
:101CA00040F0A180644B1B68664A5168614A126823
:101CB000184618F0E8F90346002B7CD15C4B1B88D2
:101CC0001946002302935B4B01935B4B0093102357
:101CD0005D4A5B4816F063FD0346012B53D15B4B15
:101CE00004221A70504B1A88584B1A81574B002205
:101CF0009A72514B1B68564A51684E4A12681846F0
:101D000018F0C1F90346002B0CD1504B0022DA72B7
:101D1000504B186800234FF0FF324C4913F0DEF8A7
:101D200002F0FBBA444B1B68494AD168414A126829
:101D3000184618F0A8F90346002B0CD1434B01229A
:101D4000DA72444B186800234FF0FF323F4913F01A
:101D5000C5F802F0E2BA3D4B04221A70324B1A88E1
:101D60003A4B1A81394B00229A72384B03229A73EC
:101D7000364B0922DA73354B00229A81334802F040
:101D80009BFF02F0CABA314B04221A70264B1A8804
:101D90002E4B1A812D4B00229A722C4B03229A73E0
:101DA0002A4B0822DA73294B00229A81274802F035
:101DB00083FF02F0B2BA254B04221A701A4B1A881C
:101DC000224B1A81214B00229A72204B03229A73D4
:101DD0001E4B0722DA731D4B00229A811B4802F02A
:101DE0006BFF02F09ABA194B04221A700E4B1A8834
:101DF000164B1A81154B00229A72144B03229A73C8
:101E0000124B0722DA73114B00229A810F4802F01D
:101E100053FF02F082BA00BF240C0020080C0020FF
:101E200054D901080C0C0020180C00209C0E002036
:101E3000F40B0020140C0020100C002098CB01089B
:101E4000F403002064DD010884CB01084C0C002061
:101E5000C4DD0108D80F00209F4B1B689F4AD16A40
:101E60009F4A1268184618F00EF90346002B60D1FD
:101E70009C4B1B881946002302939B4B01939B4B61
:101E8000009316239A4A9B4816F089FC0346012BBF
:101E900037D1964B1B68984A5168934A1268184686
:101EA00018F0F1F80346002B13D1944B05221A7059
:101EB000934B1A88914B1A81904B00229A72914B46
:101EC000186800234FF0FF328C4913F007F802F036
:101ED00024BA8A4B05221A70894B1A88874B1A81BB
:101EE000864B00229A72854B03229A73834B0722FA
:101EF000DA73824B00229A81804802F0DDFE02F004
:101F00000CBA7E4B05221A707D4B1A887B4B1A81C6
:101F10007A4B00229A72794B03229A73774B0822EC
:101F2000DA73764B00229A81744802F0C5FE02F003
:101F3000F4B9694B1B68694A516B694A12681846C3
:101F400018F0A1F80346002B60D1664B1B88194698
:101F500000230293644B0193644B00931623644A5D
:101F6000644816F01CFC0346012B37D15F4B1B68FD
:101F7000614A51685C4A1268184618F084F80346B2
:101F8000002B13D15D4B06221A705D4B1A885B4BF8
:101F90001A815A4B00229A725A4B186800234FF04C
:101FA000FF32564912F09AFF02F0B7B9534B06229E
:101FB0001A70534B1A88514B1A81504B00229A7257
:101FC0004E4B03229A734D4B0722DA734B4B002280
:101FD0009A814A4802F070FE02F09FB9474B0622F0
:101FE0001A70474B1A88454B1A81444B00229A724B
:101FF000424B03229A73414B0822DA733F4B002273
:102000009A813E4802F058FE02F087B9324B1B68B5
:10201000324AD16B324A1268184618F034F8034637
:10202000002B10D1354B07221A70354B1A88334BD1
:102030001A81344B186800234FF0FF322F4912F0F9
:102040004DFF02F06AB9244B1B68244AD2F88C1069
:10205000234A1268184618F016F80346002B59D187
:10206000294B11221A70264B1A88274B1A811D4BB7
:102070001B881946002302931B4B01931B4B0093B3
:102080001023224A1B4816F08AFB0346012B18D165
:10209000164B1B6807F150010A22184617F03EFA4A
:1020A0000346A7F85C30184AB7F85C305381184BE8
:1020B000186800234FF0FF32134912F00FFF02F0AF
:1020C0002CB9114B03229A740F4B0822DA740E4874
:1020D00002F022FB02F021B9080C002054D90108BB
:1020E0000C0C0020F40B0020140C0020100C00201D
:1020F00098CB0108F403002064DD01084C0C00209B
:10210000180C0020D80F0020FC0C002084CB010804
:10211000680E0020A74B1B68A74AD2F89410A74A64
:102120001268184617F0AFFF0346002B10D1A44BDE
:1021300012221A70A34B1A88A14B1A81A24B18685D
:1021400000234FF0FF329E4912F0C8FE02F0E5B8BE
:10215000984B1B68984AD2F89C10984A1268184607
:1021600017F091FF0346002B10D1954B13221A70E4
:10217000944B1A88924B1A81934B186800234FF0A6
:10218000FF328F4912F0AAFE02F0C7B8894B1B68D4
:10219000894AD2F8A410894A1268184617F073FFCA
:1021A0000346002B10D1864B14221A70854B1A88D7
:1021B000834B1A81844B186800234FF0FF3280490B
:1021C00012F08CFE02F0A9B87A4B1B687A4AD2F85A
:1021D000AC107A4A1268184617F055FF0346002BD8
:1021E0005FD17A4B1B88194600230293784B0193E9
:1021F000784B00931023784A784816F0D0FA0346BB
:10220000012B43D16E4B15221A706E4B1A886C4B02
:102210001A81704B1B68724A51686D4A12681846E1
:1022200017F031FF0346002B0CD1654B00221A73C7
:10223000654B186800234FF0FF32614912F04EFEE3
:1022400002F06BB8634B1B68654AD168604A12683C
:10225000184617F018FF0346002B0CD1584B0122EB
:102260001A73594B186800234FF0FF32544912F08B
:1022700035FE02F052B8524B03229A74504B092299
:10228000DA744F4802F048FA02F047B84C4B032288
:102290009A744B4B0822DA74494802F03DFA02F076
:1022A0003CB8444B1B68444AD2F8B410434A126805
:1022B000184617F0E8FE0346002B10D1404B1622BB
:1022C0001A70404B1A883E4B1A813F4B1868002306
:1022D0004FF0FF323A4912F001FE02F01EB8354BC2
:1022E0001B68354AD2F8BC10344A1268184617F0F9
:1022F000CAFE0346002B3ED1314B17221A70314BD8
:102300001A882F4B1A81314B1B88194600230293E0
:102310002F4B01932F4B009310232F4A2F4816F079
:102320003EFA0346012B18D12A4B1B6807F14C01DA
:102330000A22184617F0F2F8034687F85E30204A62
:1023400097F85E305373204B186800234FF0FF322C
:102350001B4912F0C3FD01F0E0BF194B00225A7374
:10236000174B03229A74164B0822DA74144802F0B1
:10237000D3F901F0D2BF0F4B1B680F4AD2F8C4103B
:102380000E4A1268184617F07EFE0346002B29D12C
:102390000B4B18221A700B4B1A88094B1A810A4BE7
:1023A000186800234FF0FF32054912F097FD01F045
:1023B000B4BF00BF080C002054D901080C0C002049
:1023C000FC0C0020180C0020680E0020F40B0020EC
:1023D000140C0020100C002084CB0108F403002012
:1023E000B4DD01089B4B1B689B4A516C9B4A1268E9
:1023F000184617F048FE0346002B5FD1984B082281
:102400001A70984B1A88964B1A81974B1B8819465D
:1024100000230293954B0193954B00931023954A0B
:10242000954816F0BCF90346012B3CD1904B1B6834
:10243000924A51688D4A1268184617F024FE0346E6
:10244000002B0CD1864B00229A728D4B186800230A
:102450004FF0FF32824912F041FD01F05EBF844B24
:102460001B68864AD168814A1268184617F00BFE2D
:102470000346002B0CD17A4B01229A72804B1868CC
:1024800000234FF0FF32764912F028FD01F045BFDE
:10249000734B03221A74724B09225A74704801F06C
:1024A000DBFF01F03ABF6E4B03221A746C4B08221B
:1024B0005A746B4801F0D0FF01F02FBF654B1B68C9
:1024C000654AD16C654A1268184617F0DCFD034670
:1024D000002B10D1624B09221A70624B1A88604B94
:1024E0001A81674B186800234FF0FF325C4912F0E5
:1024F000F5FC01F012BF574B1B68574A516D574A04
:102500001268184617F0BFFD0346002B10D1544B3C
:102510000A221A70534B1A88514B1A81584B18686B
:1025200000234FF0FF324E4912F0D8FC01F0F5BE07
:10253000484B1B68484AD16D484A1268184617F044
:10254000A2FD0346002B10D1454B0B221A70454BC0
:102550001A88434B1A814A4B186800234FF0FF3208
:102560003F4912F0BBFC01F0D8BE3A4B1B683A4A17
:10257000516E3A4A1268184617F085FD0346002B43
:1025800010D1404B0C221A70364B1A883D4B1A81E1
:102590003D4B186800234FF0FF323A4912F09EFC81
:1025A00001F0BBBE2B4B1B682B4AD16E2B4A126825
:1025B000184617F068FD0346002B40F0BD80334BF2
:1025C0000D221A70274B1A88304B1A81264B1B8814
:1025D000194600230293254B0193254B00931623A4
:1025E0002B4A254816F0DBF80346012B40F0968075
:1025F0001F4B1B68274A516A1C4A1268184617F07D
:1026000042FD0346002B0CD1204B03229A72224B31
:10261000186800234FF0FF321C4912F05FFC01F0F4
:102620007CBE134B1B681B4AD16A104A12681846BD
:1026300017F029FD0346002B30D1144B02229A7269
:10264000154B186800234FF0FF32104912F046FC7A
:1026500001F063BE080C002054D901080C0C0020C6
:102660006C0C0020180C0020F40B0020140C00202F
:10267000100C002084CB0108F4030020B4DD010815
:10268000340E0020940C0020E80D0020D40C002013
:1026900098CB010834DC0108DC0E0020A54B1B6838
:1026A000A54A516BA54A1268184617F0ECFC034680
:1026B000002B0CD1A24B01229A72A24B1868002366
:1026C0004FF0FF329E4912F009FC01F026BE994BF3
:1026D0001B68994AD16B994A1268184617F0D3FCC7
:1026E0000346002B0CD1964B00229A72954B18682A
:1026F00000234FF0FF32924912F0F0FB01F00DBEC3
:102700008F4B00229A818E4B03221A748C4B072226
:102710005A748B4802F0E2F801F0FFBD884B0022AA
:102720009A81874B03221A74854B08225A74844875
:1027300002F0D4F801F0F1BD834B1B68834A516F5E
:10274000834A1268184617F09EFC0346002B40F09F
:1027500098807B4B0E221A707E4B1A88784B1A8118
:102760007D4B1B88194600230293744B0193714BD8
:1027700000931623794A7A4816F011F80346012B84
:1027800071D16C4B1B686C4A516A6C4A12681846CE
:1027900017F079FC0346002B0CD1694B03229A7287
:1027A000684B186800234FF0FF32654912F096FB22
:1027B00001F0B3BD5F4B1B685F4AD16A5F4A126884
:1027C000184617F060FC0346002B0CD15C4B02222C
:1027D0009A725C4B186800234FF0FF32584912F090
:1027E0007DFB01F09ABD534B1B68534A516B534A12
:1027F0001268184617F047FC0346002B0CD1504BCB
:1028000001229A724F4B186800234FF0FF324C4957
:1028100012F064FB01F081BD464B1B68464AD16B48
:10282000464A1268184617F02EFC0346002B0CD1BE
:10283000434B00229A72434B186800234FF0FF323B
:102840003F4912F04BFB01F068BD3D4B0022DA819D
:102850003B4B03221A743A4B07225A74384802F051
:102860003DF801F05ABD364B0022DA81344B032289
:102870001A74334B08225A74314802F02FF801F0D1
:102880004CBD314B1B68314AD16F314A1268184632
:1028900017F0F9FB0346002B7ED12F4B1B881946FE
:1028A00000230293254B0193224B009310232D4AC2
:1028B0002B4815F074FF0346012B62D1204B0F22E9
:1028C0001A70244B1A881E4B1A811D4B02229A72D1
:1028D000184B1B68244A5168184A1268184617F0AA
:1028E000D2FB0346002B0CD1154B0022DA72154B9C
:1028F000186800234FF0FF32114912F0EFFA01F08F
:102900000CBD0C4B1B68184AD1680C4A126818465B
:1029100017F0B9FB0346002B28D1094B0122DA72CC
:10292000084B186800234FF0FF32054912F0D6FA21
:1029300001F0F3BC100C002034DC0108140C002062
:10294000D40C0020DC0E0020080C002054D9010813
:102950000C0C0020180C0020F40B002098CB010870
:10296000F403002084CB0108B4DD0108A54B032249
:102970001A74A44B09225A74A24801F0AFFF01F067
:10298000CCBCA04B03221A749E4B08225A749D485B
:1029900001F0A4FF01F0C1BC9B4B1B689B4AD2F81D
:1029A00084109B4A1268184617F06DFB0346002BF3
:1029B00010D1944B10221A70964B1A88914B1A81A1
:1029C000954B186800234FF0FF328E4912F086FABB
:1029D00001F0A3BC8C4B1B688C4AD2F8D4108C4AF3
:1029E0001268184617F04FFB0346002B13D18B4B90
:1029F0001A221A70874B1A88884B1A81874B022239
:102A00009A72874B186800234FF0FF32834912F007
:102A100065FA01F082BC7C4B1B687C4AD2F8CC1072
:102A20007B4A1268184617F02EFB0346002B10D184
:102A30007A4B19221A70774B1A88784B1A81784B87
:102A4000186800234FF0FF32744912F047FA01F082
:102A500064BC6D4B1B686D4AD2F8DC106C4A12687E
:102A6000184617F010FB0346002B13D16B4B1B22AB
:102A70001A70684B1A88694B1A81684B03229A7244
:102A8000674B186800234FF0FF32644912F026FAB2
:102A900001F043BC5C4B1B685C4AD2F8E4105C4A12
:102AA0001268184617F0EFFA0346002B10D15B4B63
:102AB0001C221A70574B1A88584B1A81584B1868A9
:102AC00000234FF0FF32554912F008FA01F025BCFF
:102AD0004D4B1B684D4AD2F8EC104D4A126818460F
:102AE00017F0D1FA0346002B13D14C4B1D221A705C
:102AF000484B1A88494B1A81484B04229A72484B1A
:102B0000186800234FF0FF32444912F0E7F901F052
:102B100004BC3D4B1B683D4AD2F8FC103C4A12688D
:102B2000184617F0B0FA0346002B10D13D4B1F2278
:102B30001A70384B1A883B4B1A813B4B186800239C
:102B40004FF0FF32374912F0C9F901F0E6BB2E4BC6
:102B50001B682E4AD2F80C112D4A1268184617F03D
:102B600092FA0346002B10D12E4B21221A70294BCA
:102B70001A882C4B1A812C4B186800234FF0FF3217
:102B8000284912F0ABF901F0C8BB1F4B1B681F4A64
:102B9000D2F804111E4A1268184617F074FA034658
:102BA000002B69D11F4B20221A701A4B1A881D4B1B
:102BB0001A811E4B1B881946002302931C4B01935C
:102BC0001C4B009310231C4A1C4815F0E8FD0346DB
:102BD000012B44D1164B1B680F2B33D8154B1968AA
:102BE000134B1B6801331A46154817F038FA0E4B81
:102BF000186800234FF0FF320A4912F06FF901F014
:102C00008CBB00BFD40C0020080C002054D9010854
:102C10000C0C0020180C0020DC0E0020940C00206E
:102C2000E80D0020240D0020100F0020F40B0020E0
:102C3000140C0020100C002084CB0108F4030020A9
:102C40003C0D0020AD4B032283F82820AB4B09221A
:102C500083F82A20A94801F07FFC01F05EBBA74B56
:102C6000032283F82820A54B082283F82A20A348B2
:102C700001F072FC01F051BBA14B1B68A14AD2F8D4
:102C80001411A14A1268184617F0FDF90346002BEB
:102C900010D19A4B22221A709C4B1A88974B1A819A
:102CA0009B4B186800234FF0FF32944912F016F93D
:102CB00001F033BB924B1B68924AD2F81C11924A26
:102CC0001268184617F0DFF90346002B10D18B4B22
:102CD00023221A708D4B1A88884B1A818C4B1868E6
:102CE00000234FF0FF32854912F0F8F801F015BBD0
:102CF000834B1B68834AD2F82C11834A126818460A
:102D000017F0C1F90346002B5CD103F0EFFC03463A
:102D1000022B04D1012011F013FD01F0FEBA03F0E3
:102D2000E5FC0346002B27D103F0A4FC0346002B4F
:102D300016D1012003F0C4FC07F10803184603F084
:102D400099FD002387F84830704B198807F1080374
:102D5000009300230022252001F07BFF01F0DDBA63
:102D6000002003F0ADFC694B1988022304222520C2
:102D700001F000FF01F0D1BA03F0B8FC0346012BCB
:102D800041F0CB8203F0FAFC0346002B0ED1022067
:102D900003F096FC5D4B198800230022252001F0EA
:102DA000E9FE5C4803F09CFD01F0B7BA002003F097
:102DB00087FC564B198802230422252001F0DAFEF5
:102DC00001F0ABBA4E4B1B684F4A12685249184685
:102DD00017F059F90346002B0DD103F02DFD00200B
:102DE00003F06EFC494B198800230022252001F0D6
:102DF000C1FE01F092BA424B1B68424AD2F844111C
:102E0000414A1268184617F03EF90346002B39D1A3
:102E10004249434802F0FAF80346002B0BD03B4BE3
:102E20001B8819460023009308230322282001F061
:102E3000C1FF01F072BA3A4B1B68384A126811465A
:102E4000184604F049F80346184605F015FB0346FA
:102E5000002B0BD02D4B1B88194600230093092310
:102E60000322282001F0A6FF01F057BA274B1B8848
:102E700019460023009300230022282001F09AFF26
:102E800001F04BBA1E4B1B681E4AD2F84C111E4A69
:102E90001268184617F0F7F80346002B15D105F015
:102EA000D1FD03461A461F4B53F822301E4A1360C9
:102EB000164B1B8819461C4B1B68009300230022ED
:102EC000292001F077FF01F028BA0D4B1B680D4A4D
:102ED000D2F80C120C4A1268184617F0D4F80346C0
:102EE000002B23D1094B1B88194600230093002394
:102EF0000022412001F05EFF01F00FBA240D0020F6
:102F0000080C002054D901080C0C0020180C0020DB
:102F1000100F002000001E08B0CB0108140C002088
:102F2000100C002010000020D40D0020AE4B1B68B8
:102F3000AE4AD2F85411AE4A1268184617F0A3F8F8
:102F40000346002B39D1AB49AB4802F05FF803468A
:102F5000002B0BD0A94B1B88194600230093082394
:102F600003222A2001F026FF01F0D7B9A24B1B68EB
:102F7000A04A12681146184603F07EFF0346184621
:102F800005F0BAFA0346002B0BD09C4B1B88194660
:102F900000230093092303222A2001F00BFF01F0F4
:102FA000BCB9964B1B8819460023009300230022CE
:102FB0002A2001F0FFFE01F0B0B98B4B1B688B4A51
:102FC000D2F85C118A4A1268184617F05CF803467A
:102FD000002B15D105F042FD03461A46884B53F8E5
:102FE0002230884A1360854B1B881946854B1B6825
:102FF0000093002300222B2001F0DCFE01F08DB9AC
:10300000794B1B68794AD2F86411794A12681846DC
:1030100017F039F80346002B3ED17649764801F087
:10302000F5FF0346002B0BD0744B1B881946002379
:103030000093082303222C2001F0BCFE01F06DB99F
:103040006D4B1B687049184616F0E2F953EC102BD3
:1030500010461946FDF7D8FD034600EE103A05F07C
:10306000A5FA0346002B0BD0644B1B88194600239E
:103070000093092303222C2001F09CFE01F04DB99E
:103080005E4B1B88194600230093002300222C204E
:1030900001F090FE01F041B9534B1B68534AD2F83E
:1030A0006C11534A1268184616F0EDFF0346002BC8
:1030B00013D105F0DFFCF0EE407A524BC3ED007AFD
:1030C0004E4B1B8819464F4B1B6800930023002270
:1030D0002D2001F06FFE01F020B9434B1B68434ADD
:1030E000D2F87411424A1268184616F0CCFF034613
:1030F000002B40F08D803F493F4801F0ABFF034675
:10310000002B0BD03D4B1B8819460023009308234E
:1031100003222E2001F04EFE01F0FFB8364B1B6853
:10312000344A12681146184603F0A6FE03461A46B2
:10313000364B1A70354B93F90030B3F1FF3F04D092
:10314000324B93F90030002B0BD12C4B1B881946C6
:1031500000230093072303222E2001F02BFE01F011
:10316000D3B82449244801F051FF0346002B0BD06B
:10317000224B1B88194600230093082303222E208C
:1031800001F018FE01F0C9B8204B93F900401A4B2A
:103190001B681D49184616F03BF953EC102B1046DE
:1031A0001946FDF731FD034600EE103A204605F0C2
:1031B00025FA0346002B0BD0104B1B881946002321
:1031C0000093092303222E2001F0F4FD01F0A5B89D
:1031D0000A4B1B88194600230093002300222E204F
:1031E00001F0E8FD01F099B8080C002054D901085D
:1031F0000C0C0020140C0020100C0020180C0020D7
:1032000004000020D40D0020DC0D0020D80D00208B
:10321000AE4B1B68AE4AD2F87C11AE4A1268184613
:1032200016F031FF0346002B4DD1AB49AB4801F0FE
:1032300011FF0346002B0BD0A94B1B881946002316
:103240000093082303222F2001F0B4FD01F065B89C
:10325000A24B1B68A04A12681146184603F00CFEE8
:1032600003461A469F4B1A709E4B93F90030B3F1F8
:10327000FF3F04D09B4B93F90030002B0BD1984BB0
:103280001B88194600230093072303222F2001F0F7
:1032900091FD01F039B8934B93F90030184605F0D1
:1032A00025FCF0EE407A904BC3ED007A8C4B1B88E6
:1032B00019468D4B1B680093002300222F2001F03C
:1032C00079FD01F02AB8814B1B68814AD2F884113C
:1032D000804A1268184616F0D6FE0346002B78D1B5
:1032E0007D497E4801F0B6FE0346002B0BD07C4B97
:1032F0001B8819460023009308230322302001F085
:1033000059FD01F00AB8754B1B68734A12681146E3
:10331000184603F0B1FD03461A46724B1A70714B02
:1033200093F90030B3F1FF3F04D06E4B93F90030B6
:10333000002B0BD16A4B1B881946002300930723EF
:103340000322302001F036FD00F0DEBF6249634801
:1033500001F05CFE0346002B0BD0614B1B88194625
:103360000023009308230322302001F023FD00F006
:10337000D4BF5C4B93F90040584B1B685B4918461F
:1033800016F046F853EC102B10461946FDF73CFC9E
:10339000034600EE103A204605F078F90346002B6C
:1033A0000BD04F4B1B88194600230093092303229F
:1033B000302001F0FFFC00F0B0BF494B1B881946DC
:1033C0000023009300230022302001F0F3FC00F0E2
:1033D000A4BF3E4B1B683E4AD2F88C113D4A12688E
:1033E000184616F050FE0346002B4DD13A493B4893
:1033F00001F030FE0346002B0BD0394B1B881946D9
:103400000023009308230322312001F0D3FC00F0B5
:1034100084BF324B1B68304A12681146184603F0CD
:103420002BFD03461A462F4B1A702E4B93F9003092
:10343000B3F1FF3F04D02B4B93F90030002B0BD19D
:10344000274B1B88194600230093072303223120B2
:1034500001F0B0FC00F058BF224B93F90030184641
:1034600005F068FBF0EE407A1F4BC3ED007A1C4B71
:103470001B8819461C4B1B68009300230022312037
:1034800001F098FC00F049BF104B1B68104AD2F8BD
:103490009411104A1268184616F0F5FD0346002BE9
:1034A00040F08C800C490D4801F0D4FD0346002B00
:1034B0001ED00B4B1B8819460023009308230322C0
:1034C000322001F077FC00F028BF00BF080C00207C
:1034D00054D901080C0C0020140C0020100C002002
:1034E000180C0020D80D0020D40D0020DC0D002089
:1034F000B34B1B68B34A12681146184603F0BCFC74
:1035000003461A46B04B1A70AF4B93F90030B3F133
:10351000FF3F04D0AC4B93F90030002B0BD1AB4BE9
:103520001B8819460023009307230322322001F051
:1035300041FC00F0E9BEA349A14801F067FD034644
:10354000002B0BD0A14B1B881946002300930823A6
:103550000322322001F02EFC00F0DFBE9A4B93F9DB
:103560000040974B1B689A49184615F051FF53ECE1
:10357000102B10461946FDF747FB034600EE103AA4
:10358000204605F0CBF80346002B0BD08F4B1B8851
:1035900019460023009309230322322001F00AFC7C
:1035A00000F0BBBE894B1B88194600230093002303
:1035B0000022322001F0FEFB00F0AFBE854B1B68FD
:1035C000854AD2F89C11854A1268184616F05BFDB0
:1035D0000346002B4DD17B49794801F03BFD034662
:1035E000002B0BD0794B1B8819460023009308232E
:1035F0000322332001F0DEFB00F08FBE704B1B680E
:10360000704A12681146184603F036FC03461A4603
:103610006D4B1A706C4B93F90030B3F1FF3F04D03F
:10362000694B93F90030002B0BD1684B1B8819466E
:103630000023009307230322332001F0BBFB00F09B
:1036400063BE614B93F90030184605F097FAF0EE2F
:10365000407A634BC3ED007A5C4B1B881946604B84
:103660001B68009300230022332001F0A3FB00F02D
:1036700054BE584B1B68584AD2F8A411574A1268D6
:10368000184616F000FD0346002B78D14D494C48F2
:1036900001F0E0FC0346002B0BD04C4B1B88194675
:1036A0000023009308230322342001F083FB00F061
:1036B00034BE434B1B68434A12681146184603F058
:1036C000DBFB03461A46404B1A703F4B93F9003020
:1036D000B3F1FF3F04D03C4B93F90030002B0BD1EA
:1036E0003A4B1B88194600230093072303223420FA
:1036F00001F060FB00F008BE3249314801F086FC61
:103700000346002B0BD0314B1B8819460023009336
:1037100008230322342001F04DFB00F0FEBD2A4BAC
:1037200093F90040264B1B682949184615F070FE96
:1037300053EC102B10461946FDF766FA034600EECF
:10374000103A204605F032F80346002B0BD01F4BF1
:103750001B8819460023009309230322342001F01B
:1037600029FB00F0DABD194B1B8819460023009392
:1037700000230022342001F01DFB00F0CEBD154BCC
:103780001B68154AD2F8AC11144A1268184616F094
:103790007AFC0346002B60D10A49094801F05AFC23
:1037A0000346002B1ED0094B1B88194600230093AB
:1037B00008230322352001F0FDFA00F0AEBD00BF62
:1037C000100C0020140C0020D80D0020180C002034
:1037D000DC0D0020080C002054D901080C0C00203E
:1037E000D40D0020AF4B1B68AF4A12681146184633
:1037F00003F042FB03461A46AC4B1A70AB4B93F9ED
:103800000030B3F1FF3F04D0A84B93F90030002BF8
:103810000BD1A74B1B8819460023009307230322D3
:10382000352001F0C7FA00F06FBDA04B93F90030CE
:10383000184605F0C7F9F0EE407A9E4BC3ED007ACA
:103840009B4B1B8819469B4B1B680093002300224F
:10385000352001F0AFFA00F060BD974B1B68974A26
:10386000D2F8B411964A1268184616F00CFC0346BA
:10387000002B78D18C498B4801F0ECFB0346002BE0
:103880000BD08B4B1B88194600230093082303227F
:10389000362001F08FFA00F040BD824B1B68824A4F
:1038A00012681146184603F0E7FA03461A467F4BA2
:1038B0001A707E4B93F90030B3F1FF3F04D07B4B7D
:1038C00093F90030002B0BD1794B1B88194600234C
:1038D000009307230322362001F06CFA00F014BD98
:1038E0007149704801F092FB0346002B0BD0704BDE
:1038F0001B8819460023009308230322362001F079
:1039000059FA00F00ABD694B93F90040654B1B68FA
:103910006C49184615F07CFD53EC102B10461946E7
:10392000FDF772F9034600EE103A204605F01CF848
:103930000346002B0BD05E4B1B88194600230093D7
:1039400009230322362001F035FA00F0E6BC584B7B
:103950001B8819460023009300230022362001F023
:1039600029FA00F0DABC544B1B68544AD2F8BC1157
:10397000534A1268184616F086FB0346002B4DD1B9
:103980004949484801F066FB0346002B0BD0484BE1
:103990001B8819460023009308230322372001F0D7
:1039A00009FA00F0BABC3F4B1B683F4A1268114647
:1039B000184603F061FA03461A463C4B1A703B4B1B
:1039C00093F90030B3F1FF3F04D0384B93F9003046
:1039D000002B0BD1364B1B8819460023009307237D
:1039E0000322372001F0E6F900F08EBC2F4B93F94B
:1039F0000030184605F04AF9F0EE407A2D4BC3ED41
:103A0000007A2B4B1B8819462A4B1B680093002316
:103A10000022372001F0CEF900F07FBC264B1B6856
:103A2000264AD2F8C411264A1268184616F02BFB13
:103A30000346002B40F089801B491A4801F00AFB1D
:103A40000346002B0BD01A4B1B881946002300930A
:103A500008230322382001F0ADF900F05EBC114BC1
:103A60001B68114A12681146184603F005FA03460E
:103A70001A460E4B1A700D4B93F90030B3F1FF3F0D
:103A800004D00A4B93F90030002B1DD1084B1B8842
:103A900019460023009307230322382001F08AF9F6
:103AA00000F032BC100C0020140C0020D80D0020B7
:103AB000180C0020D40D0020080C002054D9010857
:103AC0000C0C0020DC0D0020AC49AD4801F09EFA42
:103AD0000346002B0BD0AB4B1B88194600230093E9
:103AE00008230322382001F065F900F016BCA64B2C
:103AF00093F90040A24B1B680A22A449184615F00E
:103B00000DFD07EE900AF8EEE77AFCEEE77A17EE85
:103B1000901A204604F090FE0346002B0AD0994BE1
:103B20001B8819460023009309230322382001F043
:103B300041F9F2E3934B1B881946002300930023BD
:103B40000022382001F036F9E7E3914B1B68914AD7
:103B5000D2F8CC11904A1268184616F094FA03462F
:103B6000002B49D18549864801F074FA0346002BA1
:103B70000AD0844B1B881946002300930823032294
:103B8000392001F017F9C8E37D4B1B687B4A1268A6
:103B90001146184603F070F903461A467A4B1A701C
:103BA000794B93F90030B3F1FF3F04D0764B93F992
:103BB0000030002B0AD1734B1B8819460023009359
:103BC00007230322392001F0F5F89DE36E4B93F9AA
:103BD0000030184605F01AF803461A466F4B1A6073
:103BE000684B1B8819466D4B1B680093002300220D
:103BF000392001F0DFF890E3654B1B68654AD2F885
:103C0000D411654A1268184616F03DFA0346002B97
:103C100073D15A495A4801F01DFA0346002B0AD0C5
:103C2000584B1B88194600230093082303223A208F
:103C300001F0C0F871E3524B1B68504A12681146FC
:103C4000184603F019F903461A464F4B1A704E4BAB
:103C500093F90030B3F1FF3F04D04B4B93F90030A0
:103C6000002B0AD1474B1B881946002300930723DA
:103C700003223A2001F09EF846E34049404801F013
:103C8000C5F90346002B0AD03E4B1B88194600237A
:103C90000093082303223A2001F08CF83DE33A4BCD
:103CA00093F90040364B1B680A223849184615F034
:103CB00035FC07EE900AF8EEE77AFCEEE77A17EEAD
:103CC000901A204604F016FE0346002B0AD02D4B16
:103CD0001B88194600230093092303223A2001F090
:103CE00069F81AE3274B1B88194600230093002329
:103CF00000223A2001F05EF80FE3254B1B68254AAD
:103D0000D2F8DC11244A1268184616F0BCF90346B2
:103D1000002B5BD119491A4801F09CF90346002B8E
:103D20000AD0184B1B88194600230093082303224E
:103D30003B2001F03FF8F0E2114B1B680F4A12687C
:103D40001146184603F098F803461A460E4B1A70AF
:103D50000D4B93F90030B3F1FF3F04D00A4B93F9B8
:103D60000030002B1CD1074B1B8819460023009301
:103D7000072303223B2001F01DF8C5E2140C0020AC
:103D8000100C0020180C0020D80D0020DC0D0020A5
:103D9000080C002054D901080C0C0020D40D002080
:103DA000A24B93F90030184604F050FF03461A4620
:103DB0009F4B1A609F4B1B8819469D4B1B680093B5
:103DC000002300223B2000F0F5FFA6E29A4B1B687F
:103DD0009A4AD2F8E4119A4A1268184616F053F932
:103DE0000346002B0FD1974B3C221A70914B1A8837
:103DF000944B1A81944B186800234FF0FF3291497D
:103E000011F06CF889E28C4B1B688C4AD2F8EC11EB
:103E10008B4A1268184616F036F90346002B40F01C
:103E20005E818A4B1B88194600230293884B0193BD
:103E3000884B00931023884A884814F0B0FC03464E
:103E4000012B40F01381834B1B68854A5168804ADF
:103E50001268184616F017F90346002B11D1794B5A
:103E60003D221A70774B00229A72724B1A88754B5A
:103E70001A81754B186800234FF0FF32714911F019
:103E80002DF8744B1B68764AD168714A126818463F
:103E900016F0F9F80346002B12D16A4B3D221A7036
:103EA000684B01229A72634B1A88664B1A81664BE3
:103EB000186800234FF0FF32624911F00FF82CE22E
:103EC000644B1B68664A5169614A1268184616F0CD
:103ED000DAF80346002B12D15A4B3D221A70594B87
:103EE00002229A72534B1A88564B1A81564B186805
:103EF00000234FF0FF32534910F0F0FF0DE2554B15
:103F00001B68574AD169524A1268184616F0BBF826
:103F10000346002B12D14B4B3D221A70494B032212
:103F20009A72444B1A88474B1A81474B18680023F2
:103F30004FF0FF32434910F0D1FFEEE1454B1B68D3
:103F4000474A516A424A1268184616F09CF80346DE
:103F5000002B12D13B4B3D221A703A4B04229A722D
:103F6000344B1A88374B1A81374B186800234FF0AF
:103F7000FF32344910F0B2FFCFE1364B1B68384AAC
:103F8000D16A334A1268184616F07DF80346002BB2
:103F900012D12C4B3D221A702A4B05229A72254BC6
:103FA0001A88284B1A81284B186800234FF0FF32DB
:103FB000244910F093FFB0E102F0D4FF02F0DEFFDD
:103FC0001E4B93F8E8311B4A12881146184603F03D
:103FD0007BF803F033F8234B93F84830194603205D
:103FE00004F020F902F0E2FF03F040F802F0A4FF31
:103FF000044602F0ABFF034619461B4B174A204606
:1040000002F07EFC184B1B689BB21A461349012034
:1040100010F0BEFB00BF012010F0CEFC0346212BA8
:10402000F9D0012010F08CFB77E100BFD80D002003
:10403000D40D0020180C0020080C002054D90108D1
:104040000C0C0020B40D0020AC0F0020F40B00205D
:10405000140C0020100C002084CB0108F403002075
:1040600084DD0108CCDC0108E00D002002F07AFFBD
:1040700002F084FFAB4B93F8E831AB4A128811464B
:10408000184603F021F802F0D9FFA84B93F840300E
:104090001946032004F0C6F802F088FF02F0E6FF9C
:1040A00002F04AFF044602F051FF03461946A04BB6
:1040B000A04A204602F024FC9D4B1B689BB21A4686
:1040C0009C49012010F064FB00BF012010F074FC3B
:1040D0000346212BF9D0012010F032FB1DE1964B55
:1040E0001B68904AD2F8F411944A1268184615F0E9
:1040F000CAFF0346002B0FD1914B3E221A708A4B08
:104100001A888F4B1A818F4B186800234FF0FF32AB
:104110008B4910F0E3FE00E1874B1B68814AD2F81F
:10412000FC11864A1268184615F0ADFF0346002BB5
:1041300073D18549854800F08DFF0346002B0AD0D6
:10414000794B1B88194600230093082303223F2044
:1041500000F030FEE1E07D4B1B687B4A126811469F
:10416000184602F089FE03461A46794B1A70784BBE
:1041700093F90030B3F1FF3F04D0754B93F9003051
:10418000002B0AD1684B1B88194600230093072394
:1041900003223F2000F00EFEB6E06B496B4800F0B2
:1041A00035FF0346002B0AD05F4B1B8819460023BE
:1041B0000093082303223F2000F0FCFDADE0644B98
:1041C00093F90040614B1B680A226249184615F0BA
:1041D000A5F907EE900AF8EEE77AFCEEE77A17EE1B
:1041E000901A204604F006FC0346002B0AD04E4BE2
:1041F0001B88194600230093092303223F2000F067
:10420000D9FD8AE0484B1B88194600230093002300
:1042100000223F2000F0CEFD7FE0474B1B68414A63
:10422000D2F80412454A1268184615F02CFF0346CE
:10423000002B49D14449454800F00CFF0346002BB0
:104240000AD0394B1B881946002300930823032208
:10425000402000F0AFFD60E03C4B1B683A4A12681A
:104260001146184602F008FE03461A46384B1A70EB
:10427000374B93F90030B3F1FF3F04D0344B93F93F
:104280000030002B0AD1284B1B88194600230093CD
:1042900007230322402000F08DFD35E02C4B93F9DD
:1042A0000030184604F016FD03461A462A4B1A60E1
:1042B0001D4B1B881946284B1B68009300230022C6
:1042C000402000F077FD28E0174B198805230322D2
:1042D000262000F04FFC20E0134B1988062304220F
:1042E000272000F047FC18E00F4B19880423022216
:1042F000272000F03FFC10E00B4B1988042302221A
:10430000272000F037FC08E007E0074B198804235A
:104310000222272000F02EFC00E000BF00BF603723
:10432000BD46B0BD54D90108180C0020CCDC0108F2
:10433000E00D0020F4030020080C00200C0C0020ED
:10434000B40D0020AC0F0020140C0020100C002035
:10435000D80D0020DC0D0020D40D002090B583B0D6
:1043600000AF786002F0FEFD02F008FE7B681B786B
:10437000002B12D1364B1B78364A1289114618464B
:1043800002F0A2FE02F05AFE7B681A7C7B685B7C1E
:104390001946104602F0E6FE47E07B681B78012BC9
:1043A00014D12B4B1B7A2B4A12891146184602F066
:1043B0008BFE02F043FE7B68187C7B68597C7B682F
:1043C000B3F90A301A4602F0DFFE2EE07B681B7854
:1043D000022B14D11E4B1B7C1E4A12891146184613
:1043E00002F072FE02F02AFE7B68187C7B68597C22
:1043F0007B68B3F90E301A4602F0F6FE15E07B68D2
:104400001B78032B11D1124B1B7E124A12891146C5
:10441000184602F059FE02F011FE7B681A7C7B6898
:104420005B7C1946104602F00FFF02F0BFFD02F060
:104430001DFE02F081FD044602F088FD0346194688
:10444000204600F0B7FD00BF0C37BD4690BD00BF51
:1044500054D90108240C002090B583B000AF7860D7
:1044600002F080FD02F08AFD7B681B78082B13D1D7
:10447000384B93F840207B681B891946104602F0A0
:1044800023FE02F0DBFD7B681A7C7B685B7C1946AF
:10449000104602F063FF4BE07B681B78092B14D1B8
:1044A0002C4B93F848207B681B891946104602F074
:1044B0000BFE02F0C3FD7B68187C7B68597C7B682F
:1044C0009B7A1A4602F05CFF32E07B681B780A2B6D
:1044D00015D1204B93F850207B681B891946104654
:1044E00002F0F2FD02F0AAFD7B68187C7B68597C23
:1044F0007B68B3F90C301A4602F078FF18E07B684D
:104500001B780B2B14D1134B93F858207B681B8915
:104510001946104602F0D8FD02F090FD7B68187C29
:104520007B68597C7B68B3F90E301A4602F08EFF27
:1045300002F03CFD02F09AFD02F0FEFC044602F09F
:1045400005FD03461946204600F034FD00BF0C3738
:10455000BD4690BD54D90108F0B589B006AF78606A
:1045600002F000FD02F00AFD7B681B781E2B15D1BE
:10457000674B93F8F030674A12881146184602F0EC
:10458000A3FD02F05BFD7B6893F828207B6893F81D
:104590002A301946104603F039FBA7E07B681B78E8
:1045A0001F2B20D15A4B93F8F8305A4A12881146E3
:1045B000184602F089FD02F041FD7B6893F828C09F
:1045C0007B6893F82AE07E686D4606F134040FCCD0
:1045D0000FC523682B8006F12C030CCB7146604677
:1045E00003F04AFA82E07B681B78212B16D1484BF6
:1045F00093F80831474A12881146184602F064FDC4
:1046000002F01CFD7B6893F828007B6893F82A1061
:104610007B6818331A4603F01DFB67E07B681B7844
:10462000202B15D13A4B93F800313A4A12881146A3
:10463000184602F049FD02F001FD7B6893F828203E
:104640007B6893F82A301946104603F0F1FA4DE0E2
:104650007B681B78222B15D12D4B93F810312D4AF6
:1046600012881146184602F02FFD02F0E7FC7B6825
:1046700093F828207B6893F82A301946104603F0F7
:1046800017FB33E07B681B78232B16D1204B93F864
:104690001831204A12881146184602F015FD02F022
:1046A000CDFC7B6893F828007B6893F82A107B6820
:1046B0000C331A4603F044FB18E07B681B78242B6C
:1046C00014D1134B93F81831124A12881146184628
:1046D00002F0FAFC02F0B2FC7B6893F828207B68B9
:1046E00093F82A301946104603F0C4FC02F05EFC31
:1046F00002F0BCFC02F020FC044602F027FC03465A
:104700001946204600F056FC00BF0C37BD46F0BDF0
:1047100054D90108180C002090B583B000AF786020
:1047200002F020FC02F02AFC7B681B78112B13D1CD
:10473000694B93F888207B681B891946104602F064
:10474000C3FC02F07BFC7B689A7C7B68DB7C1946AF
:10475000104602F083FFADE07B681B78122B14D16A
:104760005D4B93F890207B681B891946104602F038
:10477000ABFC02F063FC7B68987C7B68D97C7B682F
:104780005B891A4602F07CFF94E07B681B78132B50
:1047900015D1514B93F898207B681B891946104618
:1047A00002F092FC02F04AFC7B68987C7B68D97C22
:1047B0007B68B3F90E301A4602F092FF7AE07B680C
:1047C0001B78142B15D1444B93F8A0207B681B89D0
:1047D0001946104602F078FC02F030FC7B68987CA9
:1047E0007B68D97C7B68B3F910301A4602F0A8FFC9
:1047F00060E07B681B78152B13D1374B93F8A8200A
:104800007B681B891946104602F05EFC02F016FC1C
:104810007B689A7C7B68DB7C1946104603F02AFC97
:1048200048E07B681B78162B14D12B4B93F8B020F3
:104830007B681B891946104602F046FC02F0FEFB1D
:104840007B68987C7B68D97C7B681B7B1A4602F06E
:10485000A7FF2FE07B681B78172B13D11E4B93F813
:10486000B8207B681B891946104602F02DFC02F027
:10487000E5FB7B689A7C7B68DB7C1946104602F07E
:10488000EDFE17E07B681B78182B13D1124B93F8C1
:10489000C0207B681B891946104602F015FC02F007
:1048A000CDFB7B68987C7B68D97C7B685B7B1A46F8
:1048B00002F0E6FE02F07AFB02F0D8FB02F03CFBCD
:1048C000044602F043FB03461946204600F072FB03
:1048D00000BF0C37BD4690BD54D9010890B583B0D8
:1048E00000AF786002F03EFB02F048FB7B681B786B
:1048F0000D2B15D1384B93F868207B681B8919461E
:10490000104602F0E1FB02F099FB7B68187C7B68A3
:10491000597C7B68B3F90C301A4602F0F7FD49E088
:104920007B681B780E2B15D12B4B93F870207B687E
:104930001B891946104602F0C7FB02F07FFB7B681B
:10494000187C7B68597C7B68B3F90E301A4602F0FC
:104950000DFE2FE07B681B780F2B13D11E4B93F8B5
:1049600078207B681B891946104602F0ADFB02F0E7
:1049700065FB7B681A7C7B685B7C1946104602F0FD
:1049800025FE17E07B681B78102B13D1124B93F890
:1049900080207B681B891946104602F095FB02F0C7
:1049A0004DFB7B68187C7B68597C7B68DB7A1A46F8
:1049B00002F01EFE02F0FAFA02F058FB02F0BCFA16
:1049C000044602F0C3FA03461946204600F0F2FA04
:1049D00000BF0C37BD4690BD54D90108F0B587B073
:1049E00004AF786002F0BEFA02F0C8FA7B681B7868
:1049F0000C2B14D15E4B93F860207B681B89194601
:104A0000104602F061FB02F019FB7B68987F7B681F
:104A1000D97F7B689B7B1A4602F048FD96E07B6855
:104A20001B781A2B15D1524B93F8D0207B681B8929
:104A30001946104602F048FB02F000FB7B68987FA5
:104A40007B68D97F7B68B3F90C301A4602F00EFF01
:104A50007CE07B681B781B2B15D1454B93F8D82045
:104A60007B681B891946104602F02EFB02F0E6FA1D
:104A70007B68987F7B68D97F7B68B3F90C301A46D6
:104A800002F024FF62E07B681B781D2B15D1384BA8
:104A900093F8E8207B681B891946104602F014FB46
:104AA00002F0CCFA7B68987F7B68D97F7B68B3F98A
:104AB0000C301A4602F03AFF48E07B681B78192B4D
:104AC00015D12B4B93F8C8207B681B8919461046DB
:104AD00002F0FAFA02F0B2FA7B68987F7B68D97F1D
:104AE0007B68B3F910301A4602F090FE2EE07B6826
:104AF0001B781C2B2AD11E4B93F8E0207B681B8966
:104B00001946104602F0E0FA02F098FA7B689C7FA2
:104B10007B68DD7F7B68B3F912607B68B3F914C0F2
:104B20007B68B3F916307A68B2F918207968B1F960
:104B30001A107868B0F91C0003900291019200935A
:104B4000634632462946204602F020FF02F02EFA44
:104B500002F08CFA02F0F0F9044602F0F7F903468D
:104B60001946204600F026FA00BF0C37BD46F0BDBE
:104B700054D9010890B583B000AF044608461146E9
:104B80001A462346FB710346BB800B46BB71134696
:104B9000FB7002F0E7F902F0F1F9FB78042B05D184
:104BA000FB790021184602F08FFA05E0BA88FB79FC
:104BB0001146184602F088FA02F040FAFA78BB79FA
:104BC0001146184603F056FA02F0F0F902F04EFAD8
:104BD00002F0B2F9044602F0B9F90346194620463C
:104BE00000F0E8F900BF0C37BD4690BD90B583B02A
:104BF00000AF0446084611461A462346FB71034699
:104C0000BB800B46BB711346FB7002F0ABF902F0A0
:104C1000B5F9BA88FB791146184602F055FA02F048
:104C20000DFAF978BB79BA69184603F035FA02F043
:104C3000BDF902F01BFA02F07FF9044602F086F992
:104C400003461946204600F0B5F900BF0C37BD46B3
:104C500090BD90B583B000AF0446084611461A4691
:104C60002346FB710346BB800B46BB711346FB70AA
:104C700002F078F902F082F9BA88FB7911461846F9
:104C800002F022FA02F0DAF9F978BB79BA6918462B
:104C900003F030FA02F08AF902F0E8F902F04CF978
:104CA000044602F053F903461946204600F082F903
:104CB00000BF0C37BD4690BD90B583B000AF7860A3
:104CC00002F050F902F05AF97B681B78072B13D1D8
:104CD000374B93F838207B681B891946104602F041
:104CE000F3F902F0ABF97B689A7B7B68DB7B1946B2
:104CF000104602F0BBFA49E07B681B78042B13D105
:104D00002B4B93F820207B681B891946104602F034
:104D1000DBF902F093F97B689A7B7B68DB7B1946B1
:104D2000104602F0A3FA31E07B681B78052B14D102
:104D30001F4B93F828207B681B891946104602F008
:104D4000C3F902F07BF97B68987B7B68D97B7B6831
:104D5000DB7A1A4602F09CFA18E07B681B78062B77
:104D600014D1134B93F830207B681B8919461046E9
:104D700002F0AAF902F062F97B68987B7B68D97B24
:104D80007B68B3F90C301A4602F0B8FA02F00EF95B
:104D900002F06CF902F0D0F8044602F0D7F80346AE
:104DA0001946204600F006F900BF0C37BD4690BDFD
:104DB00054D9010890B587B000AF396011461A4642
:104DC0000346FB710B46BB7113467B7102F0CAF8B8
:104DD00002F0D4F8FB79434A12F833303A6892B2C1
:104DE0001146184602F070F902F028F9FB79412BC0
:104DF0005EDC2D2B04DA292B41D02B2B3FD057E042
:104E00002D3B012202FA03F340F255521A40002AC8
:104E100014BF01220022D2B2002A37D103F40522A6
:104E2000002A14BF01220022D2B2002A39D103F491
:104E30008013002B14BF01230023DBB2002B37D0DB
:104E400003F034FE87ED050A03F022FE87ED040A25
:104E500003F03AFE87ED030A03F03FFE87ED020AF6
:104E60007A79BB79D7ED021A97ED031AD7ED050AC7
:104E700097ED040A1146184603F08AF81FE0BA6A53
:104E80007979BB79184603F055F818E0D7ED0A7A1E
:104E90007A79BB79B0EE670A1146184602F0EAFF4C
:104EA0000DE0BA6A7979BB79184603F015F806E087
:104EB0007A79BB791146184603F0CAF800BF02F0B0
:104EC00075F802F0D3F802F037F8044602F03EF825
:104ED00003461946204600F06DF800BF1C37BD465A
:104EE00090BD00BF54D9010890B583B000AF786081
:104EF00002F038F802F042F87B681B783C2B14D1A2
:104F00002B4B93F8E0217B681B891946104602F071
:104F1000DBF802F093F87B68187B7B68597B7B6831
:104F2000DB7A1A4603F012F92FE07B681B783D2BE1
:104F300013D11F4B93F8E8217B681B891946104653
:104F400002F0C2F802F07AF87B681A7B7B685B7B20
:104F50001946104603F066F917E07B681B783E2B74
:104F600013D1134B93F8F0217B681B891946104627
:104F700002F0AAF802F062F87B68187B7B68597B24
:104F80007B689B7A1A4603F017F902F00FF802F0DB
:104F90006DF801F0D1FF044601F0D8FF0346194631
:104FA000204600F007F800BF0C37BD4690BD00BF9B
:104FB00054D9010880B584B000AF78600B467B807F
:104FC0000023FB60798807F10C030F4A786801F031
:104FD00097FCFB689BB21A460B4901200FF0D8FBE7
:104FE00000BF01200FF0E8FC0346212BF9D04FF45D
:104FF00080620021044815F02AF801200FF0A0FB80
:1050000000BF1037BD4680BDF403002080B586B0D8
:1050100004AF786039600C4B1B881946002302935B
:105020003B6801937B6800931023084A084813F0FB
:10503000B6FB0346012B14BF01230023DBB2184645
:105040000837BD4680BD00BFF40B002084CB0108AB
:10505000F403002080B586B004AF786039600C4B53
:105060001B881946002302933B6801937B680093D9
:105070001623084A084813F092FB0346012B14BF7D
:1050800001230023DBB218460837BD4680BD00BFB0
:10509000F40B002098CB0108F403002080B584B005
:1050A00002AF0022202101200FF0BAFE0346164A6B
:1050B0001360154B1B68002B01D100231FE0002259
:1050C000202101200FF0ACFE0346104A13600F4B65
:1050D0001B68002B01D1002311E00D4B019300232D
:1050E000009300234FF480720A490B4810F0C7FB6D
:1050F00078607B68012B01D0002300E00123184673
:105100000837BD4680BD00BFE80D0020EC0D002033
:10511000E40D0020C4CB01081D51000880B58AB001
:1051200000AF78600FF0FEF80FF0A0F9774B1B6826
:10513000FA227749184610F0A5F80346012BF5D15D
:10514000734B1B7887F8273097F827300C2B1DD12D
:10515000002387F8243007F1240318460DF002FFDE
:105160000346002B05D001220321694800F0F0F826
:1051700009E000220021664800F0EAF897F82430A0
:10518000184600F023F900F065F9CFE797F82730CB
:105190001A2B07D097F827301B2B03D097F827300E
:1051A0001D2B38D15A4B9B7A184600F0B3F80346B2
:1051B000012B05D107220321554800F0C9F827E04B
:1051C00000237B84524B9B7A07F12202114618463A
:1051D0000FF0B8F8034687F8253097F82530002BF4
:1051E0000CD097F827301D2B01D10E2300E00D23A2
:1051F0001A460421464800F0ABF804E000220021E2
:10520000434800F0A5F8B7F92230184600F0CEF870
:1052100000F020F979E097F82730192B20D10023EE
:105220003B8407F1200318460EF016FF0346012BBE
:1052300009D111220421364800F08AF84FF0FF30DE
:1052400000F0A4F809E000220021314800F080F8C5
:10525000B7F92030184600F099F800F0FBF865E740
:1052600097F827301C2B7FF461AF07F1140300225D
:105270001A605A609A6007F1080300221A605A60A7
:105280009A60002387F8263007F1140318460FF0C0
:1052900015F9034687F8263007F1080318460FF082
:1052A00021F903461A4697F82630134387F826302B
:1052B00097F82630002B0FD00E220421144800F05E
:1052C00047F800220021002000F090F80022002181
:1052D000002000F0A5F816E0002200210C4800F0A4
:1052E00037F87B691BB2BA6911B2FA6912B2184673
:1052F00000F07CF8BB681BB2FA6811B23A6912B2CE
:10530000184600F08DF800F0A5F80FE7E80D002032
:10531000F00D002080B483B000AF0346FB71FB7931
:10532000002B0BD0FB79012B08D0FB79022B05D089
:10533000FB79042B02D0FB79032B01D1002300E081
:10534000012318460C37BD465DF8047B704700000A
:1053500080B483B000AF78600B46FB701346BB701F
:105360007B681A78084B1A707B681A89064B1A8179
:10537000054AFB789377044ABB78D37700BF0C3794
:10538000BD465DF8047B7047100E002080B483B0EA
:1053900000AF0346FB80044AFB88138200BF0C3732
:1053A000BD465DF8047B7047100E002080B483B0CA
:1053B00000AF0346FB80044AFB88938100BF0C3793
:1053C000BD465DF8047B7047100E002080B483B0AA
:1053D00000AF0346FB71044AFB79937300BF0C379F
:1053E000BD465DF8047B7047100E002080B483B08A
:1053F00000AF0346FB800B46BB8013467B80074A09
:10540000FB885382054ABB889382044A7B88D382F7
:1054100000BF0C37BD465DF8047B7047100E0020BE
:1054200080B483B000AF0346FB800B46BB801346BD
:105430007B80074AFB881383054ABB885383044A51
:105440007B88938300BF0C37BD465DF8047B7047B3
:10545000100E002080B500AF044B186800234FF0F9
:10546000FF3203490FF03AFD00BF80BDEC0D002074
:10547000100E002080B584B002AF0022142101205C
:105480000FF0CEFC0346154A1360144B1B68002B2B
:1054900001D100231EE00022142101200FF0C0FCE6
:1054A00003460F4A13600E4B1B68002B01D10023EB
:1054B00010E00C4B019300230093002380220A4943
:1054C0000A4810F0DCF978607B68012B01D00023DA
:1054D00000E0012318460837BD4680BD340E002089
:1054E000380E0020300E0020C8CB0108F15400080F
:1054F00080B584B000AF7860374B1B68FA2237491B
:1055000018460FF0BFFE0346012BF5D1334B1B7835
:10551000FB73FB7B082B15D1304B9B7A18460DF0A3
:1055200047FD0346012B05D1012203212B4800F042
:1055300057F804E000220021284800F051F800F05C
:105540009DF8D9E7FB7B092B0FD10DF05DFD0346DC
:10555000FB7200220021214800F042F8FB7A184635
:1055600000F05CF800F08AF8C6E7FB7B0A2B10D14C
:105570000DF056FD0346BB8100220021174800F0C4
:105580002FF8B7F90C30184600F058F800F076F80C
:10559000B2E7FB7B0B2BAFD100233B8107F1080364
:1055A000194600200EF0CEFE0346BB73BB7B002BDA
:1055B00005D00E220421094800F012F804E0002270
:1055C0000021064800F00CF8B7F90830184600F042
:1055D00045F800F053F88FE7340E00203C0E002011
:1055E00080B483B000AF78600B46FB701346BB708D
:1055F0007B681A78084B1A707B681A89064B1A81E7
:10560000054AFB781374044ABB78537400BF0C3707
:10561000BD465DF8047B7047500E002080B483B017
:1056200000AF0346FB71044AFB79937200BF0C374D
:10563000BD465DF8047B7047500E002080B483B0F7
:1056400000AF0346FB80044AFB88938100BF0C3700
:10565000BD465DF8047B7047500E002080B483B0D7
:1056600000AF0346FB80044AFB88D38100BF0C37A0
:10567000BD465DF8047B7047500E002080B500AF3A
:10568000044B186800234FF0FF3203490FF026FC4B
:1056900000BF80BD380E0020500E002080B584B0C1
:1056A00002AF0022142101200FF0BAFB0346154A75
:1056B0001360144B1B68002B01D100231EE0002255
:1056C000142101200FF0ACFB03460F4A13600E4B70
:1056D0001B68002B01D1002310E00C4B0193002329
:1056E0000093002380220A490A4810F0C8F8786025
:1056F0007B68012B01D0002300E001231846083706
:10570000BD4680BD680E00206C0E0020640E002097
:10571000D0CB01081957000880B584B000AF78607D
:105720000DF0EAFB684B1B68FA22684918460FF037
:10573000A9FD0346012BF5D1644B1B78FB73FB7B62
:10574000112B15D1614B5B8918460DF049FD0346BD
:10575000002B05D00B2203215C4800F0BBF804E0CD
:1057600000220021594800F0B5F800F001F9D9E70E
:10577000FB7B122B0DD100220021544800F0AAF827
:105780000DF08AFD0346184600F0C2F800F0F0F86C
:10579000C8E7FB7B132B0DD1002200214B4800F002
:1057A00099F80DF085FD0346184600F0C1F800F0A9
:1057B000DFF8B7E7FB7B142B1FD10023BB8107F178
:1057C0000C03194601200EF0BDFD0346BB73BB7BE5
:1057D000002B05D00D2204213C4800F07BF804E0AA
:1057E00000220021394800F075F8B7F90C3018464E
:1057F00000F0AEF800F0BCF894E7FB7B152B21D14C
:10580000324B1B7B002B08D164200DF085FB00225E
:1058100000212E4800F05EF811E02C4B1B7B012B81
:1058200008D100200DF078FB00220021274800F06D
:1058300051F804E00A220421244800F04BF800F05B
:1058400097F86FE7FB7B162B12D1002200211F482F
:1058500000F040F80DF078FB0346002B0CBF01234D
:105860000023DBB21A46194B1A7300F081F859E78E
:10587000FB7B172B16D1154B5B7B642B05D90922BB
:105880000321124800F026F809E0104B5B7B184614
:105890000DF042FB002200210C4800F01BF800F044
:1058A00067F83FE7FB7B182B7FF43CAF0DF04CFB18
:1058B00003461A46064B5A7300220021034800F0A3
:1058C00009F800F055F82DE7680E0020700E002052
:1058D000840E002080B483B000AF78600B46FB706C
:1058E0001346BB707B681A78084B1A707B681A895C
:1058F000064B1A81054AFB789374044ABB78D3742B
:1059000000BF0C37BD465DF8047B7047840E002055
:1059100080B483B000AF0346FB80044AFB88538108
:1059200000BF0C37BD465DF8047B7047840E002035
:1059300080B483B000AF0346FB80044AFB88D38168
:1059400000BF0C37BD465DF8047B7047840E002015
:1059500080B483B000AF0346FB80044AFB88138207
:1059600000BF0C37BD465DF8047B7047840E0020F5
:1059700080B500AF044B186800234FF0FF32034995
:105980000FF0ACFA00BF80BD6C0E0020840E00202A
:1059900080B584B000AF7860642010F0BFF80EF0DE
:1059A00095FB654B1B684FF0FF32644918460FF0BA
:1059B00069FC0346012BF4D1604B1B78FB73FB7B26
:1059C000032B22D10EF082FB0346002B0ED00E23B8
:1059D00004225A495A4800F03FF95A4B18680023EC
:1059E0004FF0FF3256490FF079FADAE70023002230
:1059F0005249534800F030F9524B186800234FF0D9
:105A0000FF324F490FF06AFACBE7FB7B002B53D1F3
:105A10004A4BB3F90A30184600F0F8F80346012B58
:105A20000ED10B2303224549454800F015F9454B9B
:105A3000186800234FF0FF3241490FF04FFAB0E7EA
:105A40003E4BB3F90A3018460EF056FB03461A4691
:105A50003D4B1A703C4B1B78002B19D03A4B1B78EE
:105A6000052B06D1122304223449354800F0F4F8FE
:105A700005E00E2304223149314800F0EDF8314BA6
:105A8000186800234FF0FF322D490FF027FA88E7FE
:105A90000023002229492A4800F0DEF8274BB3F9F9
:105AA0000A20274B5A81274B186800234FF0FF32FA
:105AB00023490FF013FA74E7FB7B012B14D1002369
:105AC00000221E491E4800F0C7F80EF027FB0346CF
:105AD0001A461B4B5A811B4B186800234FF0FF32AC
:105AE00017490FF0FBF95CE7FB7B022B14D1002375
:105AF00000221249124800F0AFF80EF039FB0346BD
:105B00001A460F4BDA810F4B186800234FF0FF3213
:105B10000B490FF0E3F944E705230222074908483F
:105B200000F09AF8074B186800234FF0FF32044941
:105B30000FF0D4F935E700BF9C0E0020AC0E00201A
:105B4000C00E0020A00E0020D40E002080B584B02E
:105B500002AF0022142101200FF062F90346244A0B
:105B60001360234B1B68002B01D100233BE0002274
:105B7000142101200FF054F903461E4A13601D4BF7
:105B80001B68002B01D100232DE0002214210120ED
:105B90000FF046F90346184A1360174B1B68002B99
:105BA00001D100231FE00022142101200FF038F959
:105BB0000346124A1360114B1B68002B01D10023CE
:105BC00011E00F4B01930023009300234FF4007268
:105BD0000C490D480FF053FE78607B68012B01D013
:105BE000002300E0012318460837BD4680BD00BFF2
:105BF0009C0E0020A00E0020A40E0020A80E002065
:105C0000980E0020D4CB01089159000880B483B0CD
:105C100000AF0346FB800F4BB3F90A3013F1640F5A
:105C2000ACBF01230023DAB20A4BB3F90A30642B6C
:105C3000D4BF01230023DBB21340DBB2002B01D021
:105C4000002300E0012318460C37BD465DF8047BB5
:105C5000704700BFAC0E002080B485B000AFF86084
:105C6000B96011461A460B46FB711346BB71BB68FF
:105C70001A78FB681A70BB681A89FB681A81FB687E
:105C8000FA791A74FB68BA795A7400BF1437BD46A2
:105C90005DF8047B7047000080B584B002AF00223D
:105CA000142101200FF0BCF80346154A1360144B71
:105CB0001B68002B01D100231EE0002214210120CB
:105CC0000FF0AEF803460F4A13600E4B1B68002B13
:105CD00001D1002310E00C4B01930023009300231B
:105CE00080220A490A480FF0CAFD78607B68012BC0
:105CF00001D0002300E0012318460837BD4680BDCF
:105D0000DC0E0020E00E0020D80E0020DCCB0108C5
:105D1000155D000880B584B000AF7860444B1B6807
:105D2000FA22444918460FF0ADFA0346012BF5D18B
:105D3000404B9B7A184600F081F80346012B07D1AF
:105D4000072203213B4800F093F800F0E3F8E5E771
:105D5000384B1B78FB73FB7B0E2B13D1354B9B7A97
:105D600018460EF01BFA03467B81002200213148C1
:105D700000F07EF8B7F90A30184600F0ABF800F0F2
:105D8000C9F8CBE7FB7B0D2B13D12A4B9B7A184626
:105D90000EF02CFA0346BB8100220021254800F0BA
:105DA00067F8B7F90C30184600F084F800F0B2F844
:105DB000B4E7FB7B0F2B1CD11E4BDB7A002B06D1EB
:105DC00001224FF400511C4807F000FD09E0194B77
:105DD000DB7A012B05D100224FF40051164807F061
:105DE000F5FC00220021134800F042F800F092F880
:105DF00094E7FB7B102B91D14FF400510E4807F034
:105E0000CDFC0346BB73002200210A4800F030F8A5
:105E1000BB7B002B03D1012000F06CF805E0BB7BBD
:105E2000012B02D1002000F065F800F073F875E74F
:105E3000DC0E0020E40E00200004024080B483B099
:105E400000AF0346FB71FB79002B08D0FB79012BD7
:105E500005D0FB79022B02D0FB79032B01D1002363
:105E600000E0012318460C37BD465DF8047B7047FF
:105E700080B483B000AF78600B46FB701346BB70F4
:105E80007B681A780A4B1A707B681A89084B1A814A
:105E90007B689A7A064B9A72054AFB781374044A17
:105EA000BB78537400BF0C37BD465DF8047B704768
:105EB000F80E002080B483B000AF0346FB80044A94
:105EC000FB88938100BF0C37BD465DF8047B7047AB
:105ED000F80E002080B483B000AF0346FB80044A74
:105EE000FB88D38100BF0C37BD465DF8047B70474B
:105EF000F80E002080B483B000AF0346FB71044A63
:105F0000FB79D37200BF0C37BD465DF8047B704748
:105F1000F80E002080B500AF044B186800234FF046
:105F2000FF3203490EF0DAFF00BF80BDE00E002013
:105F3000F80E002080B584B002AF00224821012075
:105F40000EF06EFF0346164A1360154B1B68002BBC
:105F500001D100231FE00022482101200EF060FF44
:105F60000346104A13600F4B1B68002B01D100231E
:105F700011E00D4B01930023009300234FF40072B6
:105F80000A490B480FF07BFC78607B68012B01D03D
:105F9000002300E0012318460837BD4680BD00BF3E
:105FA000100F0020140F00200C0F0020E8CB010878
:105FB000B55F000880B584B000AF7860714B1B6896
:105FC0004FF0FF32704918460FF05CF90346012B81
:105FD000F4D16D4B1B78FB73FB7B1E2B27D16A4BD7
:105FE00093F82930002B02D100F0A4FE10E0664B9C
:105FF00093F82930022B04D100F05EFE03F034F94F
:1060000006E0614B93F82930032B01D103F020F90E
:10601000002300225C495D4800F0C2F85C4B186820
:1060200000234FF0FF3259490EF058FFC6E7FB7BC3
:106030001F2B51D103200EF0D9F803461A46534BBB
:106040009A8503200EF0AAF803461A464F4BDA85CC
:1060500002200EF0CBF803461A464C4B1A8602205B
:106060000EF09CF803461A46484B5A8601200EF063
:10607000BDF803461A46454B9A8601200EF08EF86D
:1060800003461A46414BDA8600200EF0AFF803466D
:106090001A463E4B1A8700200EF080F803461A4637
:1060A0003A4B5A873B480CF05DFF00200EF026FD6E
:1060B00003461A46354B83F8442000230022324918
:1060C000324800F06DF8324B186800234FF0FF3271
:1060D0002E490EF003FF71E7FB7B212B13D12E4AD3
:1060E000102100200DF042FF0023002226492748FE
:1060F00000F056F8264B186800234FF0FF32234972
:106100000EF0ECFE5AE7FB7B202B13D1234A102123
:1061100000200DF081FF002300221B491B4800F0E6
:106120003FF81B4B186800234FF0FF3217490EF061
:10613000D5FE43E7FB7B222B0ED100230022124920
:10614000124800F02DF8124B186800234FF0FF3270
:106150000E490EF0C3FE31E7FB7B232B7FF42EAFFD
:10616000002300220849094800F01AF8074800F007
:1061700038F8074B186800234FF0FF3203490EF040
:10618000ADFE1BE7100F0020180F0020600F00204D
:10619000140F00209C0F0020780F0020300F0020EB
:1061A00080B485B000AFF860B96011461A460B465E
:1061B000FB711346BB71BB681A78FB681A70BB6829
:1061C0001A89FB681A81FB68FA7983F82820FB6832
:1061D000BA7983F82A2000BF1437BD465DF8047BE6
:1061E000704780B584B000AF786006F095F8F8602D
:1061F0007B68FA68DA6006F09BF8F8607B68FA68FA
:106200001A6106F0A1F8F8607B68FA685A6100BF6D
:106210001037BD4680BD80B500AFFEF73FFFFFF7EA
:1062200029F9FFF73BFAFFF791FCFFF735FDFFF780
:1062300081FE00F08FF900F005F8FAF7E3FE00BFE9
:1062400080BD000080B584B002AF0DF0C1F800221F
:10625000102101200EF0E4FD0346164A1360154B91
:106260001B68002B01D100231FE000221021012018
:106270000EF0D6FD0346104A13600F4B1B68002B2F
:1062800001D1002311E00D4B019300230093002363
:106290004FF480720A490B480FF0F1FA78607B687E
:1062A000012B01D0002300E0012318460837BD462A
:1062B00080BD00BFAC0F0020B00F0020A80F002051
:1062C000F0CB0108C962000880B584B000AF7860E7
:1062D0002A4B1B684FF0FF32294918460EF0D2FFB7
:1062E0000346012BF4D1264B1B78FB73FB7B3C2B25
:1062F00015D100200CF018F803461A46214BDA722B
:10630000002300221E491F4800F040F81E4B186869
:1063100000234FF0FF321B490EF0E0FDD8E7FB7B76
:106320003D2B13D1164B9B7A18460DF059F80023DC
:1063300000221349134800F029F8134B1868002372
:106340004FF0FF320F490EF0C9FDC1E7FB7B3E2B3A
:10635000BED10DF0ABF803461A460A4B9A720023E1
:1063600000220749074800F011F8074B186800237E
:106370004FF0FF3203490EF0B1FDA9E7AC0F00204A
:10638000B40F0020C40F0020B00F002080B485B0EF
:1063900000AFF860B96011461A460B46FB71134610
:1063A000BB71BB681A78FB681A70BB681A89FB68F6
:1063B0001A81FB68FA791A73FB68BA795A7300BFBD
:1063C0001437BD465DF8047B7047000080B584B08B
:1063D00000AF78600EF058FB5A4B1B684FF0FF324D
:1063E000594918460EF04EFF0346012BF4D1564B87
:1063F0001B78FB73FB7B072B10D10EF045FB0023B2
:1064000000225149514800F011F9514B18680023FE
:106410004FF0FF324D490EF061FDDDE74A4B9B7AAC
:10642000184600F0D5F80346012B0ED107230322AE
:106430004549464800F0FAF8454B186800234FF0EC
:10644000FF3242490EF04AFDC6E7FB7B042B41D1E7
:106450003D4BDB7A184600F0D5F80346012B0ED1F0
:106460000A2303223849394800F0E0F8384B18680D
:1064700000234FF0FF3235490EF030FDACE7324BD0
:106480009B7A314AD27A114618460EF005FB034634
:10649000BB73BB7B002B0ED1002300222A492B4863
:1064A00000F0C4F82A4B186800234FF0FF32274948
:1064B0000EF014FD90E7032304222349234800F043
:1064C000B5F8234B186800234FF0FF321F490EF038
:1064D00005FD81E7FB7B052B17D1002300221A491C
:1064E0001A4800F0A3F8184B9B7A18460EF006FBEA
:1064F00003461A46154BDA72154B186800234FF005
:10650000FF3212490EF0EAFC66E7FB7B062B7FF4B4
:1065100063AF002300220C490C4800F087F80A4BB7
:106520009B7A18460EF018FB03461A46074B9A81D1
:10653000074B186800234FF0FF3204490EF0CEFCE1
:106540004AE700BFD80F0020E00F0020F00F002026
:10655000DC0F002080B584B002AF002210210120A2
:106560000EF05EFC0346154A1360144B1B68002BAB
:1065700001D100231EE00022102101200EF050FC6A
:1065800003460F4A13600E4B1B68002B01D10023FA
:1065900010E00C4B0193002300930023C8220A490A
:1065A0000A480FF06CF978607B68012B01D000235A
:1065B00000E0012318460837BD4680BDD80F0020F3
:1065C000DC0F0020D40F002000CC0108CD630008B0
:1065D00080B483B000AF0346FB71FB79002B08D079
:1065E000FB79012B05D0FB79022B02D0FB79032B21
:1065F00001D1002300E0012318460C37BD465DF8A9
:10660000047B704780B483B000AF0346FB71FB7915
:10661000012B02D0FB79002B01D1002300E00123E4
:1066200018460C37BD465DF8047B704780B485B0D2
:1066300000AFF860B96011461A460B46FB7113466D
:10664000BB71BB681A78FB681A70BB681A89FB6853
:106650001A81BB689A7AFB689A72FB68FA799A7316
:10666000FB68BA79DA7300BF1437BD465DF8047B66
:106670007047000080B582B000AF0023FB8012E0BD
:106680003B4619460C4808F0A7FE0346002B05D1EF
:10669000FB883A68094941F8232001E0012306E01C
:1066A000FB880133FB80FB88072BE9D900231846C0
:1066B0000837BD4680BD00BF101900200010002023
:1066C00080B483B000AF0346FB71FB79022B04D882
:1066D000054AFB791370002300E0012318460C37AC
:1066E000BD465DF8047B70472010002080B400AFE9
:1066F000034B1B781846BD465DF8047B704700BF0E
:106700002010002080B500AF00F00CF80346002BED
:1067100003D10020FFF7D4FF02E00220FFF7D0FFF3
:1067200000BF80BD80B584B000AF134BBB600023B9
:10673000FB730023BB810FE0BB899B00BA68134445
:106740001B687B607B68B3F1FF3F02D1FB7B0133A9
:10675000FB73BB890133BB81BB89072BECD9FB7B66
:10676000082B04D0B86800F0BBF8022300E0002337
:1067700018461037BD4680BD00001E08B0B582B077
:1067800000AF0023BB8000F057F80346FB71FB7994
:10679000002B35D106F05EFC0346FB7106F08CFC45
:1067A0000346FB71224BC022DA60FB79002B23D118
:1067B0000023BB801CE0BB8803F1017303F5603349
:1067C0009B001946BB881B4A52F8233000221C4606
:1067D000154622462B46022006F0E8FB0346FB71D5
:1067E000FB79002B01D001231DE0BB880133BB8066
:1067F000BB88072BDFD903E006F08AFC0346FB7158
:1068000006F076FC06F048FC00237B8007E07B88DE
:10681000084A002142F823107B8801337B807B8863
:10682000072BF4D9FB7918460837BD46B0BD00BF29
:10683000003C02400010002080B582B000AF06F09E
:1068400009FC0346FB7106F037FC0346FB71084B5D
:10685000C022DA600221172006F0A6FD06F048FCEF
:1068600006F01AFCFB7918460837BD4680BD00BF0C
:10687000003C024080B586B000AF78600023FB8208
:1068800022E0FB8A144A52F8232007F10C03134933
:10689000184613F079FB00237B750FE07A7DFB8AA5
:1068A000D9007B7D0B4419467B680B4418323A446F
:1068B00012F80C2C1A707B7D01337B757B7D072BC6
:1068C000ECD9FB8A0133FB82FB8A072BD9D900BFA5
:1068D00000BF1837BD4680BD0010002008CC01085D
:1068E00080B483B000AF7860044A7B68D360002333
:1068F00018460C37BD465DF8047B7047BC15002078
:1069000080B588B000AFF860B9607A603B607B68A2
:10691000AA221A707B681533BA68F968184613F012
:1069200092FC7B6803F1150007F11C031022B96883
:1069300000F07FF87B68053310220021184613F021
:1069400086FBFB691433BB617B680133BA691A604B
:106950007B68581CFB6903F1140107F1140304223E
:1069600000F067F87B685A1C7B699B081946104643
:1069700000F0C0F803463B61FB6915337A681344A5
:106980003A691A60FB6903F119023B681A60002337
:1069900018462037BD4680BD80B58AB000AFF8608C
:1069A000B9607A607B6800221A60FB6801331B685B
:1069B000FB61FB69132B01D8012336E0FB69143B13
:1069C000FB61FB691533FA6813441B687B61FB6844
:1069D000581CFB6903F1140107F11803042200F0AD
:1069E00028F8FB685A1CBB699B081946104600F042
:1069F00081F878627B697A6A9A4201D0012314E0B7
:106A0000FB681533F9697A68184600F038F80346D0
:106A100087F82330FB6803F115017B681B681A4671
:106A2000B86813F010FC97F8233018462837BD4695
:106A300080BD80B586B000AFF860B9607A603B6019
:106A4000BB687A68B3FBF2F2796801FB02F29B1A29
:106A50007A68D31A7B61BA687B691A443B681A600A
:106A6000FA68BB6813447A69D2B211467A6918464B
:106A700013F0EDFA002318461837BD4680BD80B4E8
:106A800087B000AFF860B9607A60BB68002B01D1B5
:106A9000012329E0BB68013BFA6813441B78FB74AF
:106AA000FB7C002B03D0FB7CBA689A4201D2FF2307
:106AB0001AE0FB7CBA68D31A7B610BE0FA687B6949
:106AC00013441B78FA7C9A4201D001230CE07B69C5
:106AD00001337B617A69BB689A42EFD3FB7CBA6869
:106AE000D21A7B681A60002318461C37BD465DF831
:106AF000047B70472DE9F04385B000AF78603960C2
:106B00006B461E4639680B46013BFB6000238846F6
:106B100099464FF000024FF000034FEA491343EA51
:106B2000D8634FEA481200230C461D464FF000027E
:106B30004FF000036B0143EAD46362018B0007331B
:106B4000DB08DB00ADEB030D6B4603339B089B00BA
:106B5000BB603B689B001A467968B86813F073FB0A
:106B60003968B86800F00EF83A68B968044806F069
:106B700020F90346B54618461437BD46BDE8F083F4
:106B8000B415002080B487B000AF7860396000236E
:106B90007B6121E07B699B007A681A4407F10C0352
:106BA00012681A6000233B6110E03B69C3F10302E5
:106BB0007B6999003B690B4479680B4418323A446D
:106BC00012F80C2C1A703B6901333B613B69032BB3
:106BD000EBDD7B6901337B617A693B689A42D9D3EB
:106BE00000BF00BF1C37BD465DF8047B7047000046
:106BF00080B582B000AF0023FB7132200EF08EFF13
:106C0000FB1D19467F200DF0D1F90346002B04D05F
:106C1000114B00221A700E231AE0FB795BB2002B95
:106C200003DA0D4B00221A7011E0FB7903F0010327
:106C3000002B09D0084B01221A7000F0C9F8034656
:106C4000002B04D0012303E0034B00221A70002321
:106C500018460837BD4680BD2210002080B500AF21
:106C6000074B1B78002B01D0012307E0054B1B6865
:106C70000133044A136000F0ABF80023184680BDCE
:106C8000211000202410002080B400AF034B1B789B
:106C90001846BD465DF8047B704700BF21100020F8
:106CA00080B400AF034B1B781846BD465DF8047BEB
:106CB000704700BF2210002080B582B000AF0023D3
:106CC000FB7132200EF02AFFFB1D19467F200DF0CC
:106CD0006DF90346002B04D0154B00221A700E23C9
:106CE00021E0FB795BB2002B04DAFB7903F07F0330
:106CF000DBB2FB7132200EF011FFFB7943F0010390
:106D0000DBB219467F200DF06BF90346002B04D04F
:106D1000074B00221A700E2305E0FFF769FF044BB2
:106D200001221A70002318460837BD4680BD00BFF7
:106D30002210002080B582B000AF0023FB7132200A
:106D40000EF0ECFEFB1D19467F200DF02FF90346D7
:106D5000002B04D0104B00221A700E2318E03220B2
:106D60000EF0DCFEFB7923F00103DBB219467F2035
:106D70000DF036F90346002B04D0074B00221A70A1
:106D80000E2305E000F056F8034B00221A70002392
:106D900018460837BD4680BD2210002080B400AFE1
:106DA000034B1B681846BD465DF8047B704700BF67
:106DB0002410002080B500AF044B01221A7000F0AF
:106DC00039F800F043F800BF80BD00BF211000205B
:106DD00080B582B000AF0023FB71154B1B681B68A8
:106DE0006FF001021A61124B1B68184609F0E0F9B6
:106DF00003461A46FB791343FB710D4B1B681B6856
:106E000000225A620A4B1B681B686FF001021A616C
:106E1000074B1B68184609F05BF903461A46FB79D5
:106E20001343FB71002318460837BD4680BD00BFE1
:106E30000000002080B500AF034B1B68184609F026
:106E4000B7F900BF80BD00BF0000002080B500AFD3
:106E5000002001F011FB002001F04EFB01200CF09E
:106E6000A7F80CF0A5F9002100200DF015FE002078
:106E70000DF042F900BF80BD80B584B000AF7860EE
:106E800039603B68002B02D14FF0FF331EE0002336
:106E9000FB7315E097F90F300E4A52F823303A6829
:106EA0001946786813F0EFF80346002B02D197F9E2
:106EB0000F300BE097F90F30DBB20133DBB2FB731D
:106EC00097F90F30022BE5DD4FF0FF3318461037EE
:106ED000BD4680BD0400002080B584B000AF78605E
:106EE00039603B68002B02D14FF0FF331EE00023D6
:106EF000FB7315E097F90F300E4A52F823303A68C9
:106F00001946786813F0BFF80346002B02D197F9B1
:106F10000F300BE097F90F30DBB20133DBB2FB73BC
:106F200097F90F30012BE5DD4FF0FF33184610378E
:106F3000BD4680BD1000002080B400AF024B184653
:106F4000BD465DF8047B70472810002080B400AF78
:106F5000034B1B881846BD465DF8047B704700BF95
:106F60002814002080B400AF034B00221A8000BF19
:106F7000BD465DF8047B70472814002080B400AF44
:106F8000084B1B881A46084B7B219954054B1B88DC
:106F900001339AB2034B1A8000BFBD465DF8047BF3
:106FA000704700BF281400202810002080B400AFD4
:106FB000084B1B881A46084B7D219954054B1B88AA
:106FC00001339AB2034B1A8000BFBD465DF8047BC3
:106FD000704700BF281400202810002080B400AFA4
:106FE000084B1B881A46084B5B219954054B1B889C
:106FF00001339AB2034B1A8000BFBD465DF8047B93
:10700000704700BF281400202810002080B400AF73
:10701000084B1B881A46084B5D219954054B1B8869
:1070200001339AB2034B1A8000BFBD465DF8047B62
:10703000704700BF281400202810002080B400AF43
:10704000084B1B881A46084B2C219954054B1B886A
:1070500001339AB2034B1A8000BFBD465DF8047B32
:10706000704700BF281400202810002080B400AF13
:10707000084B1B881A46084B0D219954054B1B8859
:1070800001339AB2034B1A8000BFBD465DF8047B02
:10709000704700BF281400202810002080B500AFE2
:1070A000054B5B69184601F035F901F003F9FFF76C
:1070B00065FF00BF80BD00BF34DC010880B500AFB4
:1070C000FFF774FF00BF80BD80B582B000AF0346FC
:1070D0000A46FB711346BB800C4B5A68FB790C497E
:1070E000DB000B445B681946104601F08DF9FFF791
:1070F000A5FF064BDB68B7F904201146184601F0DE
:1071000094F900BF0837BD4680BD00BF34DC0108DC
:1071100054D9010880B582B000AF03460A46FB711E
:107120001346BB710D4BD3F88C30FA7912B211466D
:10713000184601F07AF9FFF781FF084BD3F8942045
:10714000BB790749DB000B445B681946104601F028
:107150005BF900BF0837BD4680BD00BF34DC0108C5
:10716000CCDC010880B582B000AF03460A46FB7153
:107170001346BB71BA79FB7911461846FFF7CAFF6F
:1071800000BF0837BD4680BD80B582B000AF034662
:10719000FB710B46BB711346BB80FFF77FFFFB798A
:1071A000002B07D00F4BD3F894300021184601F084
:1071B0003CF908E00B4BD3F89430B7F904201146A2
:1071C000184601F032F9FFF779FFFFF737FFBA7978
:1071D000FB7911461846FFF79DFF00BF0837BD46F3
:1071E00080BD00BF7CDB010880B582B000AF0346E4
:1071F000FB710B46BB711346BB80FFF74FFFFB795A
:10720000002B07D00F4BD3F894300021184601F023
:107210000CF908E00B4BD3F89430B7F90420114671
:10722000184601F002F9FFF749FFFFF707FFBA79A7
:10723000FB7911461846FFF76DFF00BF0837BD46C2
:1072400080BD00BF7CDB010880B582B000AF034683
:107250000A46FB711346BB71BA79FB791146184691
:10726000FFF758FF00BF0837BD4680BD80B582B02C
:1072700000AF03460A46FB711346BB71BA79FB792E
:1072800011461846FFF746FF00BF0837BD4680BDD0
:1072900080B582B000AF0346FB710B46BB7113464D
:1072A0007B71FFF7FBFEFB79002B07D0104BD3F867
:1072B00094301049184601F0A7F80BE00C4BD3F8B6
:1072C00094207B790C49DB000B445B68194610461F
:1072D00001F09AF8FFF7F2FEFFF7B0FEBA79FB79FA
:1072E00011461846FFF716FF00BF0837BD4680BDA0
:1072F0007CDB0108F0D50108C4DD010880B582B04F
:1073000000AF0346FB710B46BB711346BB80FFF712
:10731000C5FEFB79002B07D00F4BD3F8943000212A
:10732000184601F082F808E00B4BD3F89430B7F917
:1073300004201146184601F078F8FFF7BFFEFFF76A
:107340007DFEBA79FB7911461846FFF7E3FE00BFD0
:107350000837BD4680BD00BF7CDB010880B582B028
:1073600000AF03460A46FB711346BB71BA79FB793D
:1073700011461846FFF7CEFE00BF0837BD4680BD58
:1073800080B582B000AF0346FB710B46BB7113465C
:107390007B71FFF783FEFB79002B07D0104BD3F8EE
:1073A00094301049184601F02FF80BE00C4BD3F83D
:1073B00094207B790C49DB000B445B68194610462E
:1073C00001F022F8FFF77AFEFFF738FEBA79FB7971
:1073D00011461846FFF79EFE00BF0837BD4680BD28
:1073E0007CDB0108F0D501082CDE010880B582B0F5
:1073F00000AF0346FB710B46BB711346BB80FFF722
:107400004DFEFB79002B07D00F4BD3F894300021B1
:10741000184601F00AF808E00B4BD3F89430B7F99E
:1074200004201146184601F000F8FFF747FEFFF769
:1074300005FEBA79FB7911461846FFF76BFE00BFCF
:107440000837BD4680BD00BF7CDB010880B582B037
:1074500000AF0346FB710B46BB711346BB80FFF7C1
:107460001DFEFB79002B07D00F4BD3F89430002181
:10747000184600F0DAFF08E00B4BD3F89430B7F968
:1074800004201146184600F0D0FFFFF717FEFFF763
:10749000D5FDBA79FB7911461846FFF73BFE00BFD0
:1074A0000837BD4680BD00BF7CDB010880B582B0D7
:1074B00000AF0346FB710B46BB7113467B71FFF7B0
:1074C000EDFDFB79002B07D00F4BD3F89430002152
:1074D000184600F0AAFF08E00B4BD3F894307A79F5
:1074E00012B21146184600F0A0FFFFF7E7FDFFF7C4
:1074F000A5FDBA79FB7911461846FFF70BFE00BFD0
:107500000837BD4680BD00BF7CDB010880B582B076
:1075100000AF0346FB710B46BB711346BB80FFF700
:10752000BDFDFB79002B07D00F4BD3F89430002121
:10753000184600F07AFF08E00B4BD3F89430B7F907
:1075400004201146184600F070FFFFF7B7FDFFF763
:1075500075FDBA79FB7911461846FFF7DBFD00BFD0
:107560000837BD4680BD00BF7CDB010880B582B016
:1075700000AF0346FB710B46BB711346BB80FFF7A0
:107580008DFDFB79002B07D00F4BD3F894300021F1
:10759000184600F04AFF08E00B4BD3F89430B7F9D7
:1075A00004201146184600F040FFFFF787FDFFF763
:1075B00045FDBA79FB7911461846FFF7ABFD00BFD0
:1075C0000837BD4680BD00BF7CDB010880B582B0B6
:1075D00000AF03460A46FB711346BB71BA79FB79CB
:1075E00011461846FFF796FD00BF0837BD4680BD1F
:1075F00080B582B000AF0346FB710B46BB711346EA
:107600007B71FFF74BFDFB79002B07D0104BD3F8B4
:1076100094301049184600F0F7FE0BE00C4BD3F8FD
:1076200094207B790C49DB000B445B6819461046BB
:1076300000F0EAFEFFF742FDFFF700FDBA79FB79A3
:1076400011461846FFF766FD00BF0837BD4680BDEE
:107650007CDB0108F0D5010830DF010880B582B07D
:1076600000AF03460A46FB711346BB71BA79FB793A
:1076700011461846FFF74EFD00BF0837BD4680BDD6
:1076800080B582B000AF0346FB710B46BB71134659
:10769000BB80FFF703FDFB79002B07D00F4BD3F81E
:1076A00094300021184600F0C0FE08E00B4BD3F8E0
:1076B0009430B7F904201146184600F0B6FEFFF7E3
:1076C000FDFCFFF7BBFCBA79FB7911461846FFF7C2
:1076D00021FD00BF0837BD4680BD00BF7CDB01082F
:1076E00080B582B000AF0346FB710B46BB711346F9
:1076F000BB80FFF7D3FCFB79002B07D00F4BD3F8EF
:1077000094300021184600F090FE08E00B4BD3F8AF
:107710009430B7F904201146184600F086FEFFF7B2
:10772000CDFCFFF78BFCBA79FB7911461846FFF7C1
:10773000F1FC00BF0837BD4680BD00BF7CDB0108FF
:1077400080B582B000AF0346FB710B46BB71134698
:10775000BB80FFF7A3FCFB79002B07D00F4BD3F8BE
:1077600094300021184600F060FE08E00B4BD3F87F
:107770009430B7F904201146184600F056FEFFF782
:107780009DFCFFF75BFCBA79FB7911461846FFF7C1
:10779000C1FC00BF0837BD4680BD00BF7CDB0108CF
:1077A00080B582B000AF0346FB710B46BB71134638
:1077B0007B71FFF773FCFB79002B07D0114BD3F8DB
:1077C00094300021184600F030FE0CE00D4BD3F849
:1077D00094207B790C49DB000B445B681BB2194693
:1077E000104600F022FEFFF769FCFFF727FCBA798C
:1077F000FB7911461846FFF78DFC00BF0837BD46E0
:1078000080BD00BF7CDB0108B4DD010880B582B01B
:1078100000AF0346FB710B46BB711346BB80FFF7FD
:107820003DFCFB79002B07D00F4BD3F8943000219F
:10783000184600F0FAFD08E00B4BD3F89430B7F986
:1078400004201146184600F0F0FDFFF737FCFFF763
:10785000F5FBBA79FB7911461846FFF75BFC00BFD0
:107860000837BD4680BD00BF7CDB010880B582B013
:1078700000AF0346FB710B46BB711346BB80FFF79D
:107880000DFCFB79002B07D00F4BD3F8943000216F
:10789000184600F0CAFD08E00B4BD3F89430B7F956
:1078A00004201146184600F0C0FDFFF707FCFFF763
:1078B000C5FBBA79FB7911461846FFF72BFC00BFD0
:1078C0000837BD4680BD00BF7CDB010880B582B0B3
:1078D00000AF0346FB710B46BB711346BB80FFF73D
:1078E000DDFBFB79002B07D00F4BD3F89430002140
:1078F000184600F09AFD08E00B4BD3F89430B7F926
:1079000004201146184600F090FDFFF7D7FBFFF763
:1079100095FBBA79FB7911461846FFF7FBFB00BFD0
:107920000837BD4680BD00BF7CDB010880B582B052
:1079300000AF0346FB710B46BB711346BB80FFF7DC
:10794000ADFBFB79002B07D00F4BD3F8943000210F
:10795000184600F06AFD08E00B4BD3F89430B7F9F5
:1079600004201146184600F060FDFFF7A7FBFFF763
:1079700065FBBA79FB7911461846FFF7CBFB00BFD0
:107980000837BD4680BD00BF7CDB010890B583B0E1
:1079900000AF0446084611461A462346FB710346CB
:1079A000BB710B46BB8013467B80FFF777FB314BE7
:1079B000D3F89430184600F0ADFC00F07BFCFFF7E4
:1079C0000DFBFB79002B1CD0002000F0CDFCFFF755
:1079D00035FB002000F0C8FCFFF730FB002000F072
:1079E000C3FCFFF72BFB002000F0BEFCFFF726FBDB
:1079F000002000F0B9FCFFF721FB002000F0B4FCF0
:107A000027E0B7F90430184600F0AEFCFFF716FB8C
:107A1000B7F90230184600F0A7FCFFF70FFBB7F9E3
:107A20001830184600F0A0FCFFF708FBB7F91C302F
:107A3000184600F099FCFFF701FBB7F92030184613
:107A400000F092FCFFF7FAFAB7F92430184600F07C
:107A50008BFCFFF7DBFAFFF731FBFFF7EFFABA79A0
:107A6000FB7911461846FFF755FB00BF0C37BD46A2
:107A700090BD00BF7CDB010882B080B582B000AF52
:107A800007F1100C8CE80C000346FB710B46BB7130
:107A9000FB79002B06D05A4B5B695A49184600F017
:107AA000B3FC9CE0FFF7FAFA554BDB69184600F08F
:107AB00031FC00F0FFFBFFF761FA514B5B6A18469F
:107AC00000F028FC00F0F6FBFFF758FA4E4B5B681D
:107AD000B7F910201146184600F0A7FCFFF7AEFAE0
:107AE000494BDB68B7F912201146184600F09DFC9F
:107AF000FFF75CFAFFF7A2FA414BDB6A184600F089
:107B000009FC00F0D7FBFFF739FA3F4B5B68B7F988
:107B100014201146184600F088FCFFF78FFA3A4B04
:107B2000DB68B7F916201146184600F07EFCFFF717
:107B30003DFAFFF783FA324B5B6B184600F0EAFB25
:107B400000F0B8FBFFF71AFA2F4B5B68B7F9182063
:107B50001146184600F069FCFFF770FA2A4BDB6803
:107B6000B7F91A201146184600F05FFCFFF71EFA1D
:107B7000FFF764FA224BDB6B184600F0CBFB00F0FA
:107B800099FBFFF7FBF9204B5B68B7F91C20114606
:107B9000184600F04AFCFFF751FA1B4BDB68B7F9B7
:107BA0001E201146184600F040FCFFF7FFF9FFF7D2
:107BB00045FA134BDB6C184600F0ACFB00F07AFB87
:107BC000FFF7DCF9104B5B6B97F8202012B21146DF
:107BD000184600F02AFCFFF7E9F9FFF7E7F9FFF78D
:107BE0006DFAFFF72BFABA79FB7911461846FFF7C1
:107BF00091FA00BF0837BD46BDE8804002B070472B
:107C000034DC0108F0D501087CDB010880B582B0C6
:107C100000AF03460A46FB711346BB71BA79FB7984
:107C200011461846FFF776FA00BF0837BD4680BDFB
:107C300080B582B000AF03460A46FB711346BB71A4
:107C4000BA79FB7911461846FFF764FA00BF083786
:107C5000BD4680BD80B582B000AF03463A60FB717F
:107C60000B46BB71FFF71AFAFB79002B07D00E4BBE
:107C7000D3F894300D49184600F0C6FB06E00A4BD5
:107C8000D3F894303968184600F0BEFBFFF716FAB7
:107C9000FFF7D4F9BA79FB7911461846FFF73AFA9B
:107CA00000BF0837BD4680BD7CDB0108F0D5010868
:107CB00080B586B000AF03460A46FB711346BB7120
:107CC0000023FB6007F1100300221A609A80FFF77F
:107CD000E5F9FB79002B07D0164BD3F89430164901
:107CE000184600F091FB17E007F10C031846F8F76F
:107CF000CFFA03461A4607F10C0313440F4A1068E3
:107D0000186092889A800B4BD3F8943007F10C02DC
:107D10001146184600F078FBFFF7D0F9FFF78EF90F
:107D2000BA79FB7911461846FFF7F4F900BF183706
:107D3000BD4680BD7CDB0108F0D50108F4D5010803
:107D400080B588B000AF03463A60FB710B46BB714B
:107D50000023FB6007F1100300221A605A601A72B8
:107D6000FFF79CF9FB79002B07D03F4BD3F89430F9
:107D70003E49184600F048FB67E03B681B68FB6122
:107D8000FB699B08002B14BF01230023DBB21A46BA
:107D900007F10C033649184612F0F6F8FB69002B80
:107DA00014BF01230023DBB21A4607F10C03023390
:107DB0002F49184612F0E8F83B685B68FB61FB69E5
:107DC0009B08002B14BF01230023DBB21A4607F1E6
:107DD0000C0304332649184612F0D6F8FB69002B31
:107DE00014BF01230023DBB21A4607F10C0306334C
:107DF0001F49184612F0C8F83B689B68FB61FB6995
:107E00009B08002B14BF01230023DBB21A4607F1A5
:107E10000C0308331649184612F0B6F8FB69002B1C
:107E200014BF01230023DBB21A4607F10C030A3307
:107E30000F49184612F0A8F80B4BD3F8943007F10D
:107E40000C021146184600F0DFFAFFF737F9FFF78A
:107E5000F5F8BA79FB7911461846FFF75BF900BFD0
:107E60002037BD4680BD00BF7CDB0108F0D501088E
:107E7000FCD5010880B582B000AF03460A4687ED05
:107E8000000AFB711346BB71FFF708F9FB79002B61
:107E900008D00F4BD3F894309FED0E0A184600F02F
:107EA000D8FA07E00A4BD3F8943097ED000A184649
:107EB00000F0CFFAFFF702F9FFF7C0F8BA79FB79C3
:107EC00011461846FFF726F900BF0837BD4680BDAA
:107ED0007CDB01080000000080B582B000AF0346E3
:107EE0003A60FB710B46BB71FFF7D8F8FB79002BAA
:107EF00007D00F4BD3F894300021184600F095FAC4
:107F000008E00B4BD3F894303A6812B21146184689
:107F100000F08BFAFFF7D2F8FFF790F8BA79FB7907
:107F200011461846FFF7F6F800BF0837BD4680BD7A
:107F30007CDB010880B582B000AF03463A60FB717C
:107F40000B46BB71FFF7AAF8FB79002B07D00E4B4D
:107F5000D3F894300D49184600F056FA06E00A4B63
:107F6000D3F894303968184600F04EFAFFF7A6F8B7
:107F7000FFF764F8BA79FB7911461846FFF7CAF89B
:107F800000BF0837BD4680BD7CDB0108F0D5010885
:107F900080B586B000AF03460A4687ED040AC7EDF8
:107FA000030A87ED021AC7ED011AFB751346BB756C
:107FB000FFF774F8244BD3F89430184600F0AAF970
:107FC00000F078F9FFF70AF8FB7D002B16D09FED43
:107FD0001F0A00F0EDF9FFF731F89FED1C0A00F0E1
:107FE000E7F9FFF72BF89FED190A00F0E1F9FFF729
:107FF00025F89FED160A00F0DBF915E097ED030A6E
:1080000000F0D6F9FFF71AF897ED040A00F0D0F95E
:10801000FFF714F897ED020A00F0CAF9FFF70EF81F
:1080200097ED010A00F0C4F9FEF7F0FFFFF746F8FC
:10803000FFF704F8BA7DFB7D11461846FFF76AF892
:1080400000BF1837BD4680BD7CDB01080000000082
:1080500080B582B000AF03460A46FB711346BB7180
:10806000BA79FB7911461846FFF754F800BF083774
:10807000BD4680BD80B582B000AF03460A46FB71A5
:108080001346BB71BA79FB7911461846FFF742F8DF
:1080900000BF0837BD4680BD80B582B000AF034643
:1080A0003A60FB710B46BB71FEF7F8FFFB79002BC2
:1080B00007D00F4BD3F894300021184600F0B5F9E3
:1080C00008E00B4BD3F894303A6812B211461846C8
:1080D00000F0ABF9FEF7F2FFFEF7B0FFBA79FB79DB
:1080E00011461846FFF716F800BF0837BD4680BD99
:1080F0007CDB010880B582B000AF03463A60FB71BB
:108100000B46BB71FEF7CAFFFB79002B07D00E4B65
:10811000D3F894300021184600F087F906E00A4BA6
:10812000D3F894303968184600F06EF9FEF7C6FFB0
:10813000FEF784FFBA79FB7911461846FEF7EAFF8D
:1081400000BF0837BD4680BD7CDB010880B582B02A
:1081500000AF0346FB710B46BB7113467B71FEF704
:108160009DFFFB79002B07D0104BD3F894301049BA
:10817000184600F049F90BE00C4BD3F894207B79BA
:108180000C49DB000B445B681946104600F03CF9D3
:10819000FEF794FFFEF752FFBA79FB7911461846B5
:1081A000FEF7B8FF00BF0837BD4680BD7CDB010885
:1081B000F0D501081CDE010880B582B000AF03468F
:1081C000FB710B46BB7113467B71FEF767FFFB79B2
:1081D000002B07D0104BD3F894301049184600F00C
:1081E00013F90BE00C4BD3F894207B790C49DB009E
:1081F0000B445B681946104600F006F9FEF75EFF77
:10820000FEF71CFFBA79FB7911461846FEF782FF8C
:1082100000BF0837BD4680BD7CDB0108F0D50108F2
:1082200084DD010880B582B000AF03460A46FB71C9
:108230001346BB71BA79FB7911461846FEF76AFFFF
:1082400000BF0837BD4680BD80B582B000AF034691
:10825000FB710B46BB7113467B71FEF71FFFFB7969
:10826000002B07D0104BD3F894301049184600F07B
:10827000CBF80BE00C4BD3F894207B790C49DB0056
:108280000B445B681946104600F0BEF8FEF716FF77
:10829000FEF7D4FEBA79FB7911461846FEF73AFF8D
:1082A00000BF0837BD4680BD7CDB0108F0D5010862
:1082B00044D9010880B400AF084B1B881A46084B0C
:1082C0003A219954054B1B8801339AB2034B1A800B
:1082D00000BFBD465DF8047B704700BF2814002036
:1082E0002810002080B400AF084B1B881A46084BAA
:1082F00022219954054B1B8801339AB2034B1A80F3
:1083000000BFBD465DF8047B704700BF2814002005
:108310002810002090B585B000AF78600023FB8165
:10832000FFF7E0FF0E4B1B881A460E4BD4187868F7
:10833000F7F7AEFF034601331A467968204611F07D
:108340008EFE0346FB81064B1A88FB8913449AB2C2
:10835000034B1A80FFF7C6FF00BF1437BD4690BD20
:10836000281400202810002080B584B000AF786069
:108370000023FB810B4B1B881A460B4B13447A6876
:108380000A49184611F000FE0346FB81054B1A8886
:10839000FB8913449AB2034B1A8000BF1037BD46C5
:1083A00080BD00BF281400202810002004D601083A
:1083B00090B587B002AF87ED010A0023FB810F4B18
:1083C0001B881A460E4BD4187868F8F7CDF8024689
:1083D0000B46CDE9002304220A49204611F0D4FDC2
:1083E0000346FB81054B1A88FB8913449AB2034B61
:1083F0001A8000BF1437BD4690BD00BF281400206E
:108400002810002008D6010880B582B000AF78603F
:1084100039607868FFF77EFFFFF74CFF3868FFF799
:1084200079FF00BF0837BD4680BD80B582B000AF80
:1084300078600B467B807868FFF76CFFFFF73AFFA8
:10844000B7F902301846FFF78FFF00BF0837BD4667
:1084500080BD80B582B000AF786087ED000A786893
:10846000FFF758FFFFF726FF97ED000AFFF7A0FF81
:1084700000BF0837BD4680BD80B582B000AF03465F
:10848000FB7197F90730002B03DB97F90730012BBD
:1084900001DD012326E097F90730012B12D1134BA0
:1084A00093F90030184600F0E9FC0346104A5B01DE
:1084B00013441C331B681BB218460BF01DFE00F062
:1084C00011FD0BE037200AF027FD00200BF014FE11
:1084D00000F0FCFC00F026FE00F060FF054AFB798E
:1084E0001370002318460837BD4680BD2B140020AA
:1084F000180000202A14002080B582B000AF034687
:10850000FB7197F90730002B03DB97F90730022B3B
:1085100001DD012340E0224AFB79137097F907300F
:10852000002B0BD097F90730184600F0A7FC034644
:108530005B011C4A1344184600F0A2FE00F0C6FC82
:1085400000F0F0FD00F02AFF97F90730022B07D169
:1085500037200AF0E1FC012100200CF09DFA03E035
:10856000002100200CF098FA0F4B93F90030012BFA
:1085700011D10B4B93F90030184600F07FFC0346F5
:10858000084A5B0113441C331B681BB218460BF0EE
:10859000B3FD00F0A7FC002318460837BD4680BD98
:1085A0002B140020180000202A14002080B483B06F
:1085B00000AF87ED010AD7ED017AB9EE007AF4EE4B
:1085C000C77AF1EE10FA08D4D7ED017A9FED097A57
:1085D000F4EEC77AF1EE10FA01DD012303E0064A5A
:1085E0007B681360002318460C37BD465DF8047B9A
:1085F000704700BF000054435800002080B582B08F
:1086000000AF034687ED000AFB7197F90730184663
:1086100000F042FC0346002B01D101232BE0D7EDF3
:10862000007A9FED177AF4EEC77AF1EE10FA08D4CB
:10863000D7ED007A9FED137AF4EEC77AF1EE10FAD7
:1086400001DD012317E097F90730184600F016FC0A
:1086500003460D4A5B0113443A681A6097F90730E4
:10866000184600F00BFC03465B01074A134418460A
:1086700000F006FE034618460837BD4680BD00BF21
:10868000000016C4000016441800002080B582B017
:1086900000AF034687ED000AFB7197F907301846D3
:1086A00000F0FAFB0346002B01D101232CE0D7EDAB
:1086B000007A9FED177AF4EEC77AF1EE10FA08D43B
:1086C000D7ED007A9FED137AF4EEC77AF1EE10FA47
:1086D00001DD012318E097F90730184600F0CEFBC2
:1086E00003460D4A5B01134404333A681A6097F954
:1086F0000730184600F0C2FB03465B01064A1344EC
:10870000184600F0BDFD034618460837BD4680BD3B
:10871000000016C4000016441800002080B582B086
:1087200000AF034687ED000AFB7197F90730184642
:1087300000F0B2FB0346002B01D101232CE0D7ED62
:10874000007A9FED177AF4EEC77AF1EE10FA08D4AA
:10875000D7ED007A9FED137AF4EEC77AF1EE10FAB6
:1087600001DD012318E097F90730184600F086FB79
:1087700003460D4A5B01134408333A681A6097F9BF
:108780000730184600F07AFB03465B01064A1344A3
:10879000184600F075FD034618460837BD4680BDF3
:1087A000000016C4000016441800002080B582B0F6
:1087B00000AF034687ED000AFB7197F907301846B2
:1087C00000F06AFB0346002B01D101232CE0D7ED1A
:1087D000007AB2EE047AF4EEC77AF1EE10FA08D419
:1087E000D7ED007A9FED127AF4EEC77AF1EE10FA27
:1087F00001DD012318E097F90730184600F03EFB31
:1088000003460C4A5B0113440C333A681A6097F92B
:108810000730184600F032FB03465B01054A13445B
:10882000184600F02DFD034618460837BD4680BDAA
:108830000000C8421800002080B584B000AF034695
:108840003960FB7197F90730184600F025FB0346A5
:10885000002B01D1012340E03B68632B03D93B6827
:10886000B3F57A7F03D900F031FB012335E01D4ACF
:108870001D4B1B685B68B2FBF3F33A6802FB03F322
:108880001A4AA2FB03239B09FB60FB689AB2164BB2
:108890001B68DA60144B1B68184607F0C9FB0346D7
:1088A000002B01D0012318E097F90730184600F09B
:1088B000E5FA03460E4A5B01134410333A681A6026
:1088C00097F90730184600F0D9FA03465B01084AC9
:1088D0001344184600F0D4FC034618461037BD4632
:1088E00080BD00BF804A5D055C000020F11976055F
:1088F0001800002080B582B000AF03463960FB71DC
:1089000097F90730184600F0C7FA0346002B01D14B
:10891000012322E03B68002B02D03B68202B01D9C9
:1089200001231AE000F03AFD97F90730184600F0ED
:10893000A5FA03460B4A5B01134414333A681A60E4
:1089400097F90730184600F099FA03465B01054A8B
:108950001344184600F094FC034618460837BD46F9
:1089600080BD00BF1800002080B582B000AF034674
:1089700087ED000AFB7197F90730184600F08CFA72
:108980000346002B01D101232EE0D7ED007AF5EE4E
:10899000C07AF1EE10FA08D4D7ED007AB7EE007A7B
:1089A000F4EEC77AF1EE10FA01DD01231CE097F92D
:1089B0000730184600F062FA03460D4A5B01134483
:1089C00018333A681A6097F90730184600F056FADB
:1089D0000346074A5B0113441833D3ED007AB0EE27
:1089E000670A00F095FA034618460837BD4680BD71
:1089F0001800002080B582B000AF03463960FB71DB
:108A000097F90730184600F047FA0346002B01D1CA
:108A1000012311E03B68642B01D901230CE097F995
:108A20000730184600F02AFA0346054A5B01134452
:108A30001C333A681A60002318460837BD4680BDCB
:108A40001800002080B400AF034B93F900301846A3
:108A5000BD465DF8047B70472A14002080B400AF47
:108A6000034B93F900301846BD465DF8047B704710
:108A70002B14002080B400AF044B1B6807EE903A23
:108A8000B0EE670ABD465DF8047B704758000020D1
:108A900080B400AF044B1B6807EE903AB0EE670A53
:108AA000BD465DF8047B70473014002080B400AFF1
:108AB000044B1B6807EE903AB0EE670ABD465DF8BE
:108AC000047B70472C14002080B500AF00F0B0FC90
:108AD000F0EE407AB0EE670A80BD80B500AF00F0DE
:108AE000B5FCF0EE407AB0EE670A80BD80B582B08A
:108AF00000AF0346FB7197F90730184600F0CCF938
:108B00000346002B02D14FF07E5309E097F907305E
:108B1000184600F0B3F90346054A5B0113441B688D
:108B200007EE903AB0EE670A0837BD4680BD00BF39
:108B30001800002080B582B000AF0346FB7197F9A2
:108B40000730184600F0A8F90346002B02D14FF079
:108B50007E530AE097F90730184600F08FF9034674
:108B6000054A5B01134404331B6807EE903AB0EEEC
:108B7000670A0837BD4680BD1800002080B582B066
:108B800000AF0346FB7197F90730184600F084F9EF
:108B90000346002B02D14FF07E530AE097F90730CD
:108BA000184600F06BF90346054A5B01134408338D
:108BB0001B6807EE903AB0EE670A0837BD4680BDE5
:108BC0001800002080B582B000AF0346FB7197F912
:108BD0000730184600F060F90346002B02D14FF031
:108BE0007E530AE097F90730184600F047F903462C
:108BF000054A5B0113440C331B6807EE903AB0EE54
:108C0000670A0837BD4680BD1800002080B582B0D5
:108C100000AF0346FB7197F90730184600F03CF9A6
:108C20000346002B01D101230AE097F907301846CB
:108C300000F024F90346044A5B01134410331B6817
:108C400018460837BD4680BD1800002080B582B0A8
:108C500000AF0346FB7197F90730184600F01CF986
:108C60000346002B01D101230AE097F9073018468B
:108C700000F004F90346044A5B01134414331B68F3
:108C800018460837BD4680BD1800002080B582B068
:108C900000AF0346FB7197F90730184600F0FCF867
:108CA0000346002B02D14FF07E530AE097F90730BC
:108CB000184600F0E3F80346054A5B0113441833F5
:108CC0001B6807EE903AB0EE670A0837BD4680BDD4
:108CD0001800002080B582B000AF0346FB7197F901
:108CE0000730184600F0D8F80346002B01D10123C5
:108CF0000AE097F90730184600F0C0F80346044A26
:108D00005B0113441C331B6818460837BD4680BD01
:108D10001800002080B52DED028B00AF4E4B1B7864
:108D2000022B25D0022B00F38180002B02D0012BD7
:108D300008D07BE000F010F9F0EE407A474BC3ED2D
:108D4000007A74E0464B93ED007A444BD3ED007A01
:108D500077EE677A434BC3ED007A424BD3ED007A4E
:108D6000B0EE670A00F09CFA3F4800F0FDFA5EE0C2
:108D70003E4B93F90030012B4CD13C4B93F9003022
:108D8000184600F07BF80346394A5B011344103360
:108D90001B68384A126802FB03F341F2883293429F
:108DA00032D32F4B93ED008A00F02EF9F0EE407A8B
:108DB00078EE677AB0EE047AF4EEC77AF1EE10FA44
:108DC00002DD00F0AFF932E000F01EF9B0EE407ABB
:108DD000234BD3ED007A77EE677AB7EE007AF4EEA4
:108DE000C77AF1EE10FA00DC21E01F4BD3ED007AD8
:108DF0001E4B93F900301846B0EE670A00F01EF9DA
:108E00001C4B00221A6012E01A4B1B680133194AEE
:108E100013600CE0144BD3ED007A144B93F900303F
:108E20001846B0EE670A00F009F900E000BF0A4BEF
:108E30001B785A1C104B83FB0231D317C91A0B46FF
:108E40005B000B44D11ACAB2034B1A7000BFBD4677
:108E5000BDEC028B80BD00BF381400203C14002004
:108E6000580000202C140020301400202B14002067
:108E700018000020341400205655555580B483B096
:108E800000AF0346FB7197F90730013B18460C37DA
:108E9000BD465DF8047B704780B584B000AF0346E3
:108EA000FB7197F907301846FFF7E8FFF860FB6899
:108EB000002B04DBFB68012B01DC012300E0002315
:108EC000DBB218461037BD4680BD000080B500AF4C
:108ED000034B1B68184607F06BF90346184680BD24
:108EE0005C00002080B500AF084B1B68184607F0F7
:108EF0005FF9064B1B681B6800225A62034B1B6814
:108F0000184607F0E5F80023184680BD5C000020F5
:108F100080B483B000AF87ED010AD7ED017AF5EE9A
:108F2000C07AF1EE10FA08D4D7ED017AB7EE007AE4
:108F3000F4EEC77AF1EE10FA01DD012303E0054AF1
:108F40007B681360002318460C37BD465DF8047B30
:108F5000704700BF6000002080B582B000AF0023E2
:108F6000FB80BB1D194603200BF0ECF9B7F9063066
:108F70001846F7F7E7FA4FF000021F4BF7F776FCB9
:108F800002460B4610461946F7F73EFE03461B4ABB
:108F90001360BB1D194602200BF0D4F9B7F9063057
:108FA0001846F7F7CFFA4FF00002134BF7F75EFCC5
:108FB00002460B4610461946F7F726FE0346104AAE
:108FC00013600F4B93ED007A0E4BD3ED007A27EE32
:108FD000277A0C4BD3ED007AF7EE006A76EEE76A5B
:108FE000064BD3ED007A66EEA77A77EE277AB0EEDD
:108FF000670A0837BD4680BD000059404014002074
:10900000441400206000002080B400AF094B93EDB1
:10901000007A094BD3ED007A77EE277AB0EE007A2A
:10902000C7EE876AF0EE667AB0EE670ABD465DF875
:10903000047B7047441400204014002080B582B0A7
:1090400000AF87ED010A0346FB7097F90330012B4F
:1090500002D0022B44D056E03B1D184600F076F8B3
:109060002B4B1B8807EE903AB8EE677AD7ED017A62
:10907000B4EEE77AF1EE10FA09DD264B01221A7000
:10908000234B1B8818460AF0ABF803463CE0224B02
:109090001B8807EE903AB8EE677AD7ED017AB4EE06
:1090A000E77AF1EE10FA09D51C4B01221A701A4B1F
:1090B0001B8818460AF094F8034625E0154B002259
:1090C0001A70164B00221A70D7ED017AFCEEE77A7F
:1090D00017EE903A9BB218460AF082F8034613E066
:1090E000D7ED017A9FED0E7AF4EEC77AF1EE10FA21
:1090F00004DD002009F05CFF034605E0012009F0D3
:1091000057FF034600E0012318460837BD4680BDDF
:109110003CDE0108481400203EDE0108491400200E
:109120000000000080B582B000AF0AF041F80346AD
:10913000FB71012009F03CFF03461A46FB791343FB
:10914000FB71FB7918460837BD4680BD80B582B0FB
:1091500000AF7860364B1B78012B30D17B68D3EDA4
:10916000007A9FED347AF4EEC77AF1EE10FA03D567
:109170004B2009F0D1FE56E07B68D3ED007A9FEDDD
:109180002E7AF4EEC77AF1EE10FA03DD642009F0CE
:10919000C3FE48E07B68D3ED007A9FED287A67EE46
:1091A000877A9FED277A77EE877AFCEEE77AC7ED2C
:1091B000007A3B78DBB2184609F0AEFE33E01C4B78
:1091C0001B78002B2FD17B68D3ED007A9FED197AA5
:1091D000F4EEC77AF1EE10FA03D5412009F09CFEB7
:1091E00021E07B68D3ED007A9FED167AF4EEC77A22
:1091F000F1EE10FA03DD642009F08EFE13E07B68C7
:10920000D3ED007A9FED107A67EE877A9FED0F7AA3
:1092100077EE877AFCEEE77AC7ED007A3B78DBB22F
:10922000184609F079FE00BF0837BD4680BD00BF73
:109230004A1400200000FA4400007A45CDCC4C3C92
:10924000000048420080BB45295C0F3C00003E42C4
:1092500080B400AF034B01221A7000BFBD465DF819
:10926000047B70474A14002080B400AF034B0022F7
:109270001A7000BFBD465DF8047B70474A14002099
:1092800080B483B000AF7860044A7B681360002329
:1092900018460C37BD465DF8047B70474C1400201F
:1092A00080B52DED028B82B000AF87ED010A2B4B0C
:1092B0001B68002B01D101234AE097ED010A00F061
:1092C00093F9264B1B6893ED008A00F07FF9F0EECE
:1092D000407A68EE277A224BC3ED007A1F4B1B6859
:1092E000D3ED017AF5EE407AF1EE10FA11D01B4B76
:1092F0001B6893ED018A00F02BFAF0EE407A28EE1D
:10930000277A174BD3ED007A77EE277A144BC3ED0B
:10931000007A124B1B68D3ED027AF5EE407AF1EE3B
:1093200010FA11D00D4B1B6893ED028A00F054FA2D
:10933000F0EE407A28EE277A094BD3ED007A77EEEB
:10934000277A074BC3ED007A064B01221A700023DF
:1093500018460837BD46BDEC028B80BD4C1400207A
:10936000581500206A15002080B483B000AF7860E3
:10937000084B1B78002B01D1012304E0064B1A682F
:109380007B681A60002318460C37BD465DF8047BE5
:10939000704700BF6A1500205815002080B500AF47
:1093A00080220021164810F052FE8022002115482C
:1093B00010F04DFE144B00221A80144B00221A802C
:1093C000134B00221A70134B00221A70124B00220A
:1093D0001A70124B4FF000021A60114B4FF000024E
:1093E0001A60104B4FF000021A600F4B4FF0000252
:1093F0001A600E4B00221A800023184680BD00BF61
:10940000D41400205014002054150020D014002043
:1094100068150020691500206A15002058150020E5
:109420005C150020601500206415002056150020F2
:1094300080B400AF044B1B6807EE903AB0EE670AA9
:10944000BD465DF8047B70475C15002080B400AF1A
:10945000044B1B6807EE903AB0EE670ABD465DF814
:10946000047B70476415002080B48DB000AF786035
:109470004FF00003FB624FF00003BB624FF00003AC
:109480007B624FF000033B624FF00003BB614FF083
:1094900000037B614FF07E533B61474B1B78002BF1
:1094A00003D0464B1B685B6901E0454B1B88FB60A2
:1094B0000023FB613BE0FB6907EE903AF8EEE77AA8
:1094C00097ED047A67EE277AC7ED067A97ED0B7A67
:1094D000D7ED067A77EE277AC7ED0B7AD7ED067AC5
:1094E00067EEA77A97ED0A7A77EE277AC7ED0A7AC0
:1094F000344AFB699B00134493ED007AD7ED067A5A
:1095000067EE277A97ED097A77EE277AC7ED097A21
:109510002C4AFB699B001344D3ED007A97ED087A3F
:1095200077EE277AC7ED087AFB690133FB61FA69A8
:10953000FB689A42BFDBFB6807EE903AB8EEE77A29
:10954000D7ED0A7A27EE277AD7ED0B7A67EEA77A5E
:1095500077EE677AC7ED057AD7ED057AF5EE407AB2
:10956000F1EE10FA05D17B684FF000021A6001237A
:109570001CE0FB6807EE903AB8EEE77AD7ED097A7F
:1095800027EE277AD7ED0B6AD7ED087A66EEA77A31
:1095900077EE676A97ED057AC6EE877A7B68C3ED4A
:1095A000007A7B681B68084A13600023184634372A
:1095B000BD465DF8047B7047691500204C140020FF
:1095C000D0140020501400206415002080B400AF97
:1095D000044B1B6807EE903AB0EE670ABD465DF893
:1095E000047B70476015002080B582B000AF87ED26
:1095F000010A97ED010A00F001F9214B1B881A4678
:10960000204B1B681B6902FB03F3B3F57A7F07D37A
:1096100097ED010A00F03EF8194B00221A8005E090
:10962000174B1B8801339AB2154B1A80164B1B78C7
:10963000002B0BD1154B1B881A46124B1B685B691C
:10964000013B9A4202D1104B01221A700F4B1B882A
:109650000F4A9B0013447A681A600C4B1B88013335
:109660001A46084B1B685B69B2FBF3F101FB03F37D
:10967000D31A9AB2054B1A8000BF0837BD4680BD89
:10968000561500204C1400206815002054150020A9
:10969000D414002080B483B000AF87ED010A164BCC
:1096A0001B78002B0BD1154B1B881A46144B1B68DB
:1096B0005B69013B9A4202D10F4B01221A700F4B9A
:1096C0001B88104A9B0013447A681A600B4B1B8856
:1096D00001331A460A4B1B685B69B2FBF3F101FBCD
:1096E00003F3D31A9AB2054B1A8000BF0C37BD465C
:1096F0005DF8047B704700BF69150020D01400207E
:109700004C1400205014002080B400AF0D4B1B8877
:109710001A460D4B1B685B691344013B0A4A1268E9
:109720005269B3FBF2F101FB02F29B1A074A9B005C
:1097300013441B6807EE903AB0EE670ABD465DF829
:10974000047B7047541500204C140020D4140020D2
:10975000B0B500AF1D4B1B681B691846F6F7E2FE5B
:109760004FF000021A4BF7F781F802460B461446F9
:109770001D46FFF7C9FF10EE103A1846F6F7F4FE43
:1097800002460B4620462946F6F746FF02460B46A0
:1097900014461D460F4B1B681846F6F7E5FE0246B9
:1097A0000B4620462946F6F781FD02460B46104639
:1097B0001946F7F729FA0346064A1360054B1B685A
:1097C00007EE903AB0EE670AB0BD00BF4C1400201F
:1097D00000408F405C15002080B582B000AF4FF094
:1097E00000037B603B1D1846FFF73EFE7B6807EEDB
:1097F000903AB0EE670A0837BD4680BD80B485B0A8
:1098000000AF87ED010A0023FB60204B1B78002B83
:1098100004D01F4B1B685B69FB6002E01D4B1B887B
:10982000FB601D4B4FF000021A600023BB6010E08C
:109830001A4ABB689B00134493ED007A164BD3ED94
:10984000007A77EE277A144BC3ED007ABB680133B8
:10985000BB60BA68FB689A42EADB0F4B93ED007A73
:10986000D7ED017A77EE276AFB68013307EE903A6D
:10987000B8EEE77AC6EE877A074BC3ED007A00BFF1
:109880001437BD465DF8047B704700BF68150020A3
:109890004C1400205415002060150020D414002022
:1098A00080B584B000AF3B4600221A605A609A60CF
:1098B000DA60214B214A1A601F4B4FF480325A6004
:1098C0001D4B00229A601C4B00221A611A4B002289
:1098D0001A76194B002283F82020174B0022DA62F7
:1098E000154B174A9A62144B0022DA60124B012280
:1098F000DA61114B002283F830200F4B01225A61AC
:109900000D4802F02DFD0346002B01D000F098FB1E
:1099100000233B6001237B600023BB603B4619466C
:10992000054802F0FFFE0346002B01D000F088FB43
:1099300000BF1037BD4680BD6C15002000200140DF
:109940000100000F80B58CB000AF786007F11C03F8
:1099500000221A605A609A60DA601A617B681B689C
:10996000314A93425BD10023BB61304B5B6C2F4A81
:1099700043F4807353642D4B5B6C03F48073BB61C1
:10998000BB6900237B61294B1B6B284A43F004030E
:109990001363264B1B6B03F004037B617B6900237D
:1099A0003B61224B1B6B214A43F0010313631F4BA6
:1099B0001B6B03F001033B613B690023FB601B4B06
:1099C0001B6B1A4A43F002031363184B1B6B03F023
:1099D0000203FB60FB683923FB6103233B62002326
:1099E0007B6207F11C031946114803F02BFDE723A6
:1099F000FB6103233B6200237B6207F11C031946D2
:109A00000C4803F01FFD0123FB6103233B6200238D
:109A10007B6207F11C031946074803F013FD00BFE2
:109A20003037BD4680BD00BF0020014000380240F5
:109A300000080240000002400004024080B500AF70
:109A4000064B074A1A60054803F097F90346002BB6
:109A500001D000F0F5FA00BF80BD00BFB4150020B2
:109A60000030024080B485B000AF78607B681B682E
:109A70000B4A93420DD10023FB600A4B1B6B094A32
:109A800043F480531363074B1B6B03F48053FB6059
:109A9000FB6800BF1437BD465DF8047B704700BF0C
:109AA000003002400038024080B500AF0F4B104A32
:109AB0001A600E4B80225A600C4B4FF400729A6071
:109AC0000A4B0C4ADA60094B0B4A1A61074B2822F1
:109AD0005A61064B01225A62044803F09DF903467D
:109AE000002B01D000F0ACFA00BF80BDBC150020F7
:109AF00000000650D4DD0108F4DD010880B485B013
:109B000000AF78607B681B680B4A93420DD100233D
:109B1000FB600A4B5B6B094A43F010035363074B2E
:109B20005B6B03F01003FB60FB6800BF1437BD469E
:109B30005DF8047B704700BF00000650003802400B
:109B400080B485B000AFF860B9607A60FB68074AFE
:109B50001A60BB68064A1A607B6880221A6000BFE0
:109B60001437BD465DF8047B704700BF1C1600200B
:109B7000BC16002080B58CB000AF07F11C0300229A
:109B80001A605A609A60DA601A610023BB61794BEF
:109B90001B6B784A43F010031363764B1B6B03F087
:109BA0001003BB61BB6900237B61724B1B6B714A65
:109BB00043F0040313636F4B1B6B03F004037B61DF
:109BC0007B6900233B616B4B1B6B6A4A43F080034C
:109BD0001363684B1B6B03F080033B613B690023FD
:109BE000FB60644B1B6B634A43F001031363614BDF
:109BF0001B6B03F00103FB60FB680023BB605D4B44
:109C00001B6B5C4A43F0020313635A4B1B6B03F05C
:109C10000203BB60BB6800237B60564B1B6B554A3D
:109C200043F008031363534B1B6B03F008037B6083
:109C30007B68012241F218014F4803F0C7FD002262
:109C40004AF680714C4803F0C1FD00224FF43E41BA
:109C50004A4803F0BBFD01224FF48471484803F0E9
:109C6000B5FD00224FF40471454803F0AFFD00221A
:109C70004FF40461434803F0A9FD4BF69873FB6170
:109C800001233B6200237B620023BB6207F11C03BC
:109C90001946394803F0D6FB0823FB614FF44413FF
:109CA0003B6200237B6207F11C031946364803F030
:109CB000C9FB4FF48043FB6100233B6200237B62BE
:109CC00007F11C0319462C4803F0BCFB4FF43E433C
:109CD000FB6101233B6200237B620023BB6207F12F
:109CE0001C031946254803F0ADFB4FF44673FB6196
:109CF00001233B6200237B620023BB6207F11C034C
:109D000019461F4803F09EFB40F60143FB61002308
:109D10003B6200237B6207F11C031946184803F0DD
:109D200091FB4FF40463FB6101233B6200237B62E0
:109D30000023BB6207F11C031946124803F082FBA3
:109D40004FF48053FB6100233B6200237B6207F1E9
:109D50001C0319460B4803F075FB0022062109205D
:109D600002F0DDFF092002F0F6FF00BF3037BD46EC
:109D700080BD00BF003802400010024000040240D5
:109D8000000C0240000802400000024080B500AF15
:109D90001B4B1C4A1A601A4B1B4A5A60184B002274
:109DA0009A60174B0022DA60154B4FF480421A611B
:109DB000134B00225A61124B00229A61104B002271
:109DC000DA610F4B00221A620D4803F04BFD034687
:109DD000002B01D000F034F90021094804F03CFDCB
:109DE0000346002B01D000F02BF90021044804F0B9
:109DF0006FFD0346002B01D000F022F900BF80BDAB
:109E0000BC18002000540040A086010080B58AB034
:109E100000AF786007F1140300221A605A609A605C
:109E2000DA601A617B681B68194A93422BD10023C0
:109E30003B61184B1B6B174A43F002031363154B2E
:109E40001B6B03F002033B613B69C0237B61122360
:109E5000BB610023FB6103233B6204237B6207F1A8
:109E6000140319460C4803F0EDFA0023FB60094B7C
:109E70001B6C084A43F400131364064B1B6C03F479
:109E80000013FB60FB6800BF2837BD4680BD00BFE4
:109E900000540040003802400004024080B500AF8A
:109EA00002F0D4F900F032F8FFF764FEFFF7F8FC97
:109EB00000F064FE00F08CFE00F0FEF800F0F2FC12
:109EC00000F014FDFFF762FF00F0C8FC00F06CFC2E
:109ED00000F034FC00F09EFC00F064FB00F0B0FBEE
:109EE000FFF7ACFDFFF7E0FD00F0B0F809F036FA3F
:109EF000FCF708FCFCF78FF901200AF021FC0AF0BE
:109F000015F80BF041FE00BFFDE7000080B594B0EE
:109F100000AF07F1200330220021184610F097F817
:109F200007F10C0300221A605A609A60DA601A6125
:109F30000023BB602B4B1B6C2A4A43F080531364F5
:109F4000284B1B6C03F08053BB60BB6800237B6015
:109F5000254B1B68244A43F440431360224B1B6883
:109F600003F440437B607B6801233B624FF4803302
:109F70007B620223BB634FF48003FB6304233B64D7
:109F8000B4237B640223BB640823FB6407F1200332
:109F9000184604F02DFD0346002B01D000F050F8C8
:109FA00004F0D6FC0346002B01D000F049F80F2343
:109FB000FB6002233B6100237B614FF4A053BB6134
:109FC0004FF48053FB6107F10C030521184604F0A0
:109FD00087FF0346002B01D000F032F800BF503756
:109FE000BD4680BD003802400070004080B582B0A0
:109FF00000AF0346FB80FB88184608F0BFF900BF9E
:10A000000837BD4680BD000080B582B000AF7860E3
:10A010007B681B68084A934202D102F039F906E0D6
:10A020007B681B68054A934201D1FCF7C3FE00BF61
:10A030000837BD4680BD00BF00000140004401401C
:10A0400080B400AF72B600BF00BFFDE780B500AFBF
:10A05000064B074A1A60054805F094F90346002BA1
:10A0600001D0FFF7EDFF00BF80BD00BF1019002039
:10A070000008065080B485B000AF78607B681B682C
:10A080000B4A93420DD10023FB600A4B5B6B094ADC
:10A0900043F040035363074B5B6B03F04003FB60EB
:10A0A000FB6800BF1437BD465DF8047B704700BFF6
:10A0B000000806500038024080B500AF174B184A20
:10A0C0001A60164B4FF482725A60144B00229A6049
:10A0D000124B0022DA60114B00221A610F4B002252
:10A0E0005A610E4B4FF400729A610C4B3022DA61C8
:10A0F0000A4B00221A62094B00225A62074B0022C7
:10A100009A62064B0A22DA62044805F0BBF903465C
:10A11000002B01D0FFF794FF00BF80BD2019002065
:10A120000034014080B58AB000AF786007F11403B5
:10A1300000221A605A609A60DA601A617B681B68B4
:10A14000194A93422BD100233B61184B5B6C174A91
:10A1500043F400535364154B5B6C03F400533B61B1
:10A160003B690023FB60114B1B6B104A43F010034B
:10A1700013630E4B1B6B03F01003FB60FB6864233F
:10A180007B610223BB610023FB6103233B62052348
:10A190007B6207F114031946054803F053F900BF29
:10A1A0002837BD4680BD00BF003401400038024062
:10A1B0000010024080B582B000AF00237B60124BDC
:10A1C0005B6C114A43F4804353640F4B5B6C03F4A4
:10A1D00080437B607B6800233B600B4B1B6C0A4A0F
:10A1E00043F080531364084B1B6C03F080533B60B7
:10A1F0003B6800220F216FF0010002F090FD00BFCC
:10A200000837BD4680BD00BF0038024080B58CB025
:10A2100000AF78600023BB6200237B620023BB6039
:10A220002F4B5B6C2E4A43F0010353642C4B5B6C49
:10A2300003F00103BB60BB6807F10C0207F11003D8
:10A240001146184605F06CF805F056F803465B0019
:10A25000BB62BB6A234AA2FB03239B0C013B7B62CC
:10A26000214B224A1A60204B40F2E732DA601E4A44
:10A270007B6A53601C4B00221A611B4B00229A60C0
:10A28000194B00229A61184805F0D2FE034687F860
:10A290002F3097F82F30002B1BD1134805F018FFF3
:10A2A000034687F82F3097F82F30002B11D1192053
:10A2B00002F051FD7B680F2B08D800227968192025
:10A2C00002F02DFD0A4A7B68136002E0012387F843
:10A2D0002F3097F82F3018463037BD4680BD00BF6D
:10A2E0000038024083DE1B43781900200000014043
:10A2F000C000002080B400AF00BFFDE780B400AF15
:10A3000000BFFDE780B400AF00BFFDE780B400AF41
:10A3100000BFFDE780B400AF00BFFDE780B400AF31
:10A3200000BFBD465DF8047B704780B500AF0820D4
:10A3300003F080FA00BF80BD80B500AF034806F08F
:10A3400087F8034806F084F800BF80BD7819002024
:10A35000E41A002080B500AF034806F079F80248FF
:10A3600008F0C8FF00BF80BD2C1B002080B500AFE7
:10A37000034806F06DF8024809F0A4F800BF80BD5C
:10A38000C419002080B500AF024806F0AFFF00BF3F
:10A3900080BD00BF041C002080B500AF024806F05D
:10A3A000A5FF00BF80BD00BF4C1C002080B500AFE2
:10A3B000034806F04DF8024807F0CCFF00BF80BD0F
:10A3C000741B002080B500AF034806F041F8FEF78B
:10A3D000A1FC00BF80BD00BF541A002080B500AFB3
:10A3E000034806F035F802480AF0F0F900BF80BDD6
:10A3F0009C1A002080B400AF01231846BD465DF8CA
:10A40000047B704780B582B000AF786039600FF090
:10A41000EDFE034616221A604FF0FF331846083748
:10A42000BD4680BD80B582B000AF78604FF0FF318F
:10A430007868FFF7E7FF00BFFDE780B586B000AFA3
:10A44000F860B9607A6000237B610AE0AFF30080B6
:10A450000146BB685A1CBA60CAB21A707B690133E4
:10A460007B617A697B689A42F0DB7B681846183713
:10A47000BD4680BD80B586B000AFF860B9607A6037
:10A4800000237B6109E0BB685A1CBA601B78184640
:10A49000AFF300807B6901337B617A697B689A4204
:10A4A000F1DB7B6818461837BD4680BD80B483B0A9
:10A4B00000AF78604FF0FF3318460C37BD465DF8AB
:10A4C000047B704780B483B000AF786039603B682C
:10A4D0004FF400525A60002318460C37BD465DF811
:10A4E000047B704780B483B000AF786001231846C6
:10A4F0000C37BD465DF8047B704780B485B000AF73
:10A50000F860B9607A60002318461437BD465DF8DC
:10A51000047B704780B586B000AF7860144A154B55
:10A52000D31A7B617B693B61134B1B68002B02D103
:10A53000114B124A1A60104B1A687B6813443A692F
:10A540009A4207D20FF052FE03460C221A604FF0D7
:10A55000FF3309E0084B1B68FB60074B1A687B68F8
:10A560001344054A1360FB6818461837BD4680BD82
:10A570000000032000040000C0190020A862002091
:10A5800080B400AF064BD3F88830054A43F470031B
:10A59000C2F8883000BFBD465DF8047B704700BF3D
:10A5A00000ED00E080B586B000AF07F1080300229F
:10A5B0001A605A609A60DA603B4600221A605A605C
:10A5C0001D4B1E4A1A601C4B4AF6C7725A601A4B42
:10A5D00010229A60184B0122DA60174B4FF48072F8
:10A5E0001A61154B00229A61134805F021FD0346BC
:10A5F000002B01D0FFF724FD4FF48053BB6007F11F
:10A60000080319460C4806F0D5F80346002B01D084
:10A61000FFF716FD00233B6000237B603B46194695
:10A62000054806F0D3FC0346002B01D0FFF708FDD8
:10A6300000BF1837BD4680BDC4190020000400408B
:10A6400080B58EB000AF07F1280300221A605A606F
:10A650009A60DA6007F1200300221A605A603B1DFD
:10A6600000221A605A609A60DA601A615A619A612F
:10A67000304B314A1A602F4B2C225A602D4B00224E
:10A680009A602C4B6322DA602A4B00221A61294B14
:10A6900000229A61274805F0CBFC0346002B01D02D
:10A6A000FFF7CEFC4FF48053BB6207F12803194635
:10A6B000204806F07FF80346002B01D0FFF7C0FCCE
:10A6C0001C4805F0A4FD0346002B01D0FFF7B8FCA1
:10A6D00000233B6200237B6207F1200319461548E3
:10A6E00006F074FC0346002B01D0FFF7A9FC6023A1
:10A6F0007B601423BB600023FB6000237B613B1D58
:10A70000002219460B4805F093FF0346002B01D0A9
:10A71000FFF796FC074B1B689A69064B1B6822F0F3
:10A7200008029A61034800F0EFF900BF3837BD46D0
:10A7300080BD00BF0C1A00200008004080B582B028
:10A7400000AF3B4600221A605A60154B154A1A604A
:10A75000134B4FF4FA725A60114B00229A60104B5F
:10A7600041F27072DA600E4B00229A610C4805F0DB
:10A770005FFC0346002B01D0FFF762FC00233B6027
:10A7800000237B603B461946054806F01FFC034644
:10A79000002B01D0FFF754FC00BF0837BD4680BD39
:10A7A000541A00200010004080B582B000AF3B4634
:10A7B00000221A605A60154B154A1A60134B4AF66C
:10A7C000C8725A60114B00229A60104B4FF44872C5
:10A7D000DA600E4B00229A610C4805F029FC034612
:10A7E000002B01D0FFF72CFC00233B6000237B6093
:10A7F0003B461946054806F0E9FB0346002B01D00D
:10A80000FFF71EFC00BF0837BD4680BD9C1A002024
:10A810000014004080B500AF0E4B0F4A1A600D4B7C
:10A8200048F6A0425A600B4B00229A60094B41F255
:10A830008832DA60074B00221A61064B00229A61C7
:10A84000044805F0F5FB0346002B01D0FFF7F8FBA9
:10A8500000BF80BDE41A00200044014080B500AF75
:10A860000E4B0F4A1A600D4BB4225A600B4B00225C
:10A870009A600A4B4CF25032DA60084B00221A619F
:10A88000064B00229A61054805F0D2FB0346002BD7
:10A8900001D0FFF7D5FB00BF80BD00BF2C1B0020FF
:10A8A0000048014080B500AF0E4B0F4A1A600D4BB7
:10A8B00041F294125A600B4B00229A60094B142209
:10A8C000DA60084B00221A61064B00229A610548A3
:10A8D00005F0AEFB0346002B01D0FFF7B1FB00BF34
:10A8E00080BD00BF741B0020001C004080B500AF7D
:10A8F0000E4B0F4A1A600D4B4FF496525A600B4B99
:10A9000000229A60094B4FF6FF72DA60074B002273
:10A910001A61064B00229A61044805F089FB034640
:10A92000002B01D0FFF78CFB00BF80BDBC1B0020BB
:10A930000020004080B58AB000AF78607B681B685B
:10A94000684A934216D100237B62674B1B6C664AB0
:10A9500043F002031364644B1B6C03F002037B623D
:10A960007B6A002206211D2002F0D9F91D2002F089
:10A97000F2F9B2E07B681B685C4A93420ED1002377
:10A980003B62594B1B6C584A43F004031364564B0B
:10A990001B6C03F004033B623B6A9EE07B681B6810
:10A9A000534A934216D10023FB614F4B1B6C4E4A16
:10A9B00043F0100313644C4B1B6C03F01003FB615A
:10A9C000FB6900220621362002F0A9F9362002F0A8
:10A9D000C2F982E07B681B68464A934216D1002385
:10A9E000BB61414B1B6C404A43F0200313643E4B58
:10A9F0001B6C03F02003BB61BB69002206213720DA
:10AA000002F08DF9372002F0A6F966E07B681B683A
:10AA1000394A934216D100237B61334B5B6C324A37
:10AA200043F400335364304B5B6C03F400337B61BD
:10AA30007B6900220521192002F071F9192002F02A
:10AA40008AF94AE07B681B682C4A934216D100239E
:10AA50003B61254B5B6C244A43F480235364224BB7
:10AA60005B6C03F480233B613B69002206211A20C2
:10AA700002F055F91A2002F06EF92EE07B681B688F
:10AA80001F4A934216D10023FB60174B1B6C164ADA
:10AA900043F080031364144B1B6C03F08003FB60D2
:10AAA000FB68002206212C2002F039F92C2002F04C
:10AAB00052F912E07B681B68124A93420DD10023C1
:10AAC000BB60094B1B6C084A43F480731364064B4C
:10AAD0001B6C03F48073BB60BB6800BF2837BD46A6
:10AAE00080BD00BF00040040003802400008004064
:10AAF00000100040001400400044014000480140A4
:10AB0000001C00400020004080B588B000AF786095
:10AB100007F10C0300221A605A609A60DA601A6129
:10AB20007B681B68124A93421ED10023BB60114B05
:10AB30001B6B104A43F0080313630E4B1B6B03F0AF
:10AB40000803BB60BB684FF48053FB6002233B618A
:10AB500000237B610023BB610223FB6107F10C032F
:10AB60001946054802F06EFC00BF2037BD4680BD87
:10AB70000008004000380240000C024080B500AFE1
:10AB8000114B124A1A60104B4FF4E1325A600E4BCF
:10AB900000229A600C4B0022DA600B4B00221A61F3
:10ABA000094B0C225A61084B00229A61064B002285
:10ABB000DA61054806F09AFA0346002B01D0FFF748
:10ABC0003FFA00BF80BD00BF041C00200010014000
:10ABD00080B500AF114B124A1A60104B4FF4E132AE
:10ABE0005A600E4B00229A600C4B0022DA600B4B2D
:10ABF00000221A61094B0C225A61084B00229A610B
:10AC0000064B0022DA61054806F070FA0346002B75
:10AC100001D0FFF715FA00BF80BD00BF4C1C00201B
:10AC20000044004080B58CB000AF786007F11C0391
:10AC300000221A605A609A60DA601A617B681B68A9
:10AC40003A4A934235D10023BB61394B5B6C384A99
:10AC500043F010035364364B5B6C03F01003BB618D
:10AC6000BB6900237B61324B1B6B314A43F001030C
:10AC700013632F4B1B6B03F001037B617B694FF464
:10AC8000C063FB6102233B6200237B620323BB6240
:10AC90000723FB6207F11C031946264802F0D2FB8A
:10ACA00000220621252002F03AF8252002F053F870
:10ACB00038E07B681B68204A934233D100233B6114
:10ACC0001B4B1B6C1A4A43F400331364184B1B6C68
:10ACD00003F400333B613B690023FB60144B1B6BA7
:10ACE000134A43F008031363114B1B6B03F0080373
:10ACF000FB60FB686023FB6102233B6200237B62F5
:10AD00000323BB620723FB6207F11C0319460B48B0
:10AD100002F098FB00220621262002F000F82620EF
:10AD200002F019F800BF3037BD4680BD0010014069
:10AD3000003802400000024000440040000C024085
:10AD4000DFF834D0FFF71CFC0C480D490D4A0023F6
:10AD500002E0D458C4500433C4188C42F9D30A4AD0
:10AD60000A4C002301E013600432A242FBD30FF02F
:10AD700043FAFFF793F8704700000320000000201B
:10AD8000D80300203CE50108D8030020A862002079
:10AD9000FEE780B582B000AF78607B682033012188
:10ADA000184601F0E0F90346002B02D04FF0FF33C4
:10ADB00060E07B6820330121184601F0FAF9034670
:10ADC000002B02D04FF0FF3354E07B682033012189
:10ADD000184601F001F90346002B02D04FF0FF3373
:10ADE00048E07B6820330021184601F008FA03464A
:10ADF000002B02D04FF0FF333CE07B68042283F845
:10AE000033207B6820330021184600F067FF03469B
:10AE1000002B02D04FF0FF332CE07B682033002161
:10AE2000184600F0FDFE0346002B02D04FF0FF3322
:10AE300020E07B68042283F834207B6820330021E3
:10AE4000184601F041F80346002B02D04FF0FF33C3
:10AE500010E07B6820330621184600F0CDFF034642
:10AE6000002B02D04FF0FF3304E07B68012283F80F
:10AE70003020002318460837BD4680BD80B582B01B
:10AE800000AF7860786800F089F80346002B02D0A4
:10AE90004FF0FF3315E0786800F09BFA0346002B73
:10AEA00002D04FF0FF330CE07B68002283F83320A0
:10AEB0007B68002283F834207B68002283F83020EE
:10AEC000002318460837BD4680BD80B582B000AF6C
:10AED000786039607B6820333968184601F032F9B0
:10AEE0000346002B02D04FF0FF3300E0002318464A
:10AEF0000837BD4680BD000080B483B000AF7860E5
:10AF000039603B6801221A703B6801225A703B6825
:10AF100000229A703B680022DA703B684FF4FA62B4
:10AF20005A603B6810229A603B680022DA603B68F6
:10AF3000074A1A613B68064A5A613B684FF00002B3
:10AF40009A61002318460C37BD465DF8047B7047B4
:10AF50000020D04580B582B000AF78607B6893F860
:10AF60003130012B01D1002314E07B6803F1200272
:10AF70007B6893F833301946104600F0AFFE034665
:10AF8000002B02D04FF0FF3304E07B68012283F8EE
:10AF90003120002318460837BD4680BD80B582B0F9
:10AFA00000AF78607B6893F83130002B01D100232B
:10AFB0001FE07B6803F120027B683333194610469B
:10AFC00000F0B2FE0346002B02D04FF0FF3310E03A
:10AFD0007B6820330021184600F080FE0346002BDA
:10AFE00002D04FF0FF3304E07B68002283F8312069
:10AFF000002318460837BD4680BD000080B584B0E8
:10B0000000AF786039600023FB607B68203307F174
:10B010000B021146184600F029FE0346002B02D011
:10B020004FF0FF3323E0FB7A032B1BD801A252F829
:10B0300023F000BF45B000085DB000084DB0000827
:10B0400055B000083B680C4A1A600FE03B680B4A99
:10B050001A600BE03B680A4A1A6007E03B68094A3D
:10B060001A6003E04FF0FF33FB6000BFFB68184637
:10B070001037BD4680BD00BF23DB793D23DBF93DA2
:10B0800023DB793E23DBF93E80B584B000AF7860E6
:10B0900039600023FB607B68203307F10B02114607
:10B0A000184600F041FE0346002B02D04FF0FF335C
:10B0B00054E0FB7A0B2B4CD801A252F823F000BFCE
:10B0C000F1B0000803B100080BB1000813B100088B
:10B0D0001BB1000823B100082BB1000833B10008F0
:10B0E0003BB1000843B100084BB10008FBB00008B9
:10B0F0003B684FF000021A602FE03B68194A1A6063
:10B100002BE03B68184A1A6027E03B68174A1A6030
:10B1100023E03B68164A1A601FE03B68154A1A6034
:10B120001BE03B68144A1A6017E03B68134A1A6038
:10B1300013E03B68124A1A600FE03B68114A1A603C
:10B140000BE03B68104A1A6007E03B680F4A1A6040
:10B1500003E04FF0FF33FB6000BFFB681846103779
:10B16000BD4680BDCDCCCC3F000048410000D04161
:10B17000000050420000D042000050430000D04385
:10B18000004050440080CF44002050450020D0456E
:10B1900080B582B000AF786087ED000A7B6893F8D5
:10B1A0003130012B06D197ED000A786800F01CFBC6
:10B1B000034605E097ED000A786800F0A1FB03461E
:10B1C00018460837BD4680BD80B584B000AF7860B2
:10B1D00039600023FB607B68203307F10B021146C6
:10B1E000184600F043FD0346002B02D04FF0FF331A
:10B1F00023E0FB7A032B1BD801A252F823F000BFF7
:10B2000011B2000829B2000819B2000821B20008E2
:10B210003B6802221A600FE03B6804221A600BE0D0
:10B220003B6808221A6007E03B6810221A6003E0BE
:10B230004FF0FF33FB6000BFFB6818461037BD4678
:10B2400080BD00BF80B584B000AF786039603B68D6
:10B25000022B0BDD3B68042B06DD3B68082B01DC71
:10B26000032304E0012302E0022300E00023FB7338
:10B270007B682033FA7B1146184600F0D1FC034668
:10B28000002B02D04FF0FF3300E0002318461037A8
:10B29000BD4680BD80B584B000AF786039607B6802
:10B2A000203307F108021146184600F003FF034659
:10B2B000002B02D04FF0FF330CE0B7F908203B68B9
:10B2C0001A80B7F90A203B685A80B7F90C203B680E
:10B2D0009A80002318461037BD4680BD80B586B0E1
:10B2E00000AF786039604FF00003FB607B6820336B
:10B2F00007F110021146184600F0DCFE0346002B51
:10B3000002D04FF0FF333CE007F10C031946786898
:10B31000FFF774FE0346002B02D04FF0FF3330E0FE
:10B32000B7F9103007EE903AB8EEE77AD7ED037A26
:10B3300067EE277AFDEEE77A17EE902A3B681A60EF
:10B34000B7F9123007EE903AB8EEE77AD7ED037A04
:10B3500067EE277AFDEEE77A17EE902A3B685A608F
:10B36000B7F9143007EE903AB8EEE77AD7ED037AE2
:10B3700067EE277AFDEEE77A17EE902A3B689A602F
:10B38000002318461837BD4680BD80B582B000AF97
:10B3900078607B6893F83230012B01D1002314E0F0
:10B3A0007B6803F120027B6893F83430194610461D
:10B3B00000F08AFD0346002B02D04FF0FF3304E07B
:10B3C0007B68012283F83220002318460837BD46E7
:10B3D00080BD80B582B000AF78607B6893F8323072
:10B3E000002B01D100231FE07B6803F120027B6862
:10B3F00034331946104600F08DFD0346002B02D071
:10B400004FF0FF3310E07B6820330021184600F036
:10B410005BFD0346002B02D04FF0FF3304E07B6856
:10B42000002283F83220002318460837BD4680BD2D
:10B4300080B584B000AF786039600023FB607B6822
:10B44000203307F10B021146184600F0FBFC0346BF
:10B45000002B02D04FF0FF332DE0FB7A062B25D8CE
:10B4600001A252F823F000BF8DB4000885B4000893
:10B4700095B40008ADB400089DB40008ADB4000850
:10B48000A5B400083B680E4A1A6013E03B680D4AF9
:10B490001A600FE03B680C4A1A600BE03B680B4AED
:10B4A0001A6007E03B680A4A1A6003E04FF0FF3376
:10B4B000FB6000BFFB6818461037BD4680BD00BF6B
:10B4C00000008C4000000C4100008C4100000C4248
:10B4D00000008C4280B584B000AF786039600023F2
:10B4E000FB607B68203307F10B021146184600F021
:10B4F00011FD0346002B02D04FF0FF334EE0FB7AE4
:10B500000A2B46D801A252F823F000BF39B5000833
:10B5100043B500084BB5000853B500085BB50008FB
:10B5200063B500086BB5000873B500087BB500086B
:10B5300083B500088BB500083B684FF000021A6025
:10B540002BE03B68174A1A6027E03B68164A1A60EE
:10B5500023E03B68154A1A601FE03B68144A1A60F2
:10B560001BE03B68134A1A6017E03B68124A1A60F6
:10B5700013E03B68114A1A600FE03B68104A1A60FA
:10B580000BE03B680F4A1A6007E03B680E4A1A60FE
:10B5900003E04FF0FF33FB6000BFFB681846103735
:10B5A000BD4680BD000048410000D041000050422F
:10B5B0000000D042000050430000D04300405044FF
:10B5C0000080CF44002050450020D04580B582B097
:10B5D00000AF786087ED000A7B6893F83230012B6A
:10B5E00006D197ED000A786800F00CFA034605E0F2
:10B5F00097ED000A786800F091FA0346184608377C
:10B60000BD4680BD80B584B000AF7860396000234E
:10B61000FB607B68203307F10B021146184600F0EF
:10B6200011FC0346002B02D04FF0FF3330E0FB7AD1
:10B63000062B28D801A252F823F000BF61B60008FB
:10B6400059B6000869B6000887B6000873B6000846
:10B6500087B600087DB600083B687D221A6016E0B8
:10B660003B68FA221A6012E03B684FF4FA721A60E3
:10B670000DE03B684FF47A721A6008E03B684FF4C3
:10B68000FA621A6003E04FF0FF33FB6000BFFB6813
:10B6900018461037BD4680BD80B584B000AF7860D5
:10B6A00039603B687D2B12DD3B68FA2B0DDD3B6872
:10B6B000B3F5FA7F07DD3B68B3F57A7F01DC04233D
:10B6C00006E0062304E0022302E0002300E0012359
:10B6D000FB737B682033FA7B1146184600F08CFB25
:10B6E0000346002B02D04FF0FF3300E00023184642
:10B6F0001037BD4680BD80B584B000AF786039603A
:10B700007B68203307F108021146184600F08AFCD6
:10B710000346002B02D04FF0FF330CE0B7F90820AE
:10B720003B681A80B7F90A203B685A80B7F90C20A9
:10B730003B689A80002318461037BD4680BD80B50F
:10B7400086B000AF786039607B68203307F1100263
:10B750001146184600F066FC0346002B02D04FF05D
:10B76000FF333CE007F10C0319467868FFF760FEF1
:10B770000346002B02D04FF0FF3330E0B7F9103012
:10B7800007EE903AB8EEE77AD7ED037A67EE277ABC
:10B79000FDEEE77A17EE902A3B681A60B7F912308F
:10B7A00007EE903AB8EEE77AD7ED037A67EE277A9C
:10B7B000FDEEE77A17EE902A3B685A60B7F914302D
:10B7C00007EE903AB8EEE77AD7ED037A67EE277A7C
:10B7D000FDEEE77A17EE902A3B689A600023184640
:10B7E0001837BD4680BD000080B584B000AF7860DA
:10B7F00087ED000AD7ED007AB2EE097AF4EEC77A47
:10B80000F1EE10FA01D8012358E0D7ED007AB3EE3B
:10B810000A7AF4EEC77AF1EE10FA01D802234DE06D
:10B82000D7ED007A9FED2F7AF4EEC77AF1EE10FA99
:10B8300001D8032342E0D7ED007A9FED2B7AF4EE96
:10B84000C77AF1EE10FA01D8042337E0D7ED007A79
:10B850009FED267AF4EEC77AF1EE10FA01D80523AF
:10B860002CE0D7ED007A9FED227AF4EEC77AF1EE64
:10B8700010FA01D8062321E0D7ED007A9FED1D7A5A
:10B88000F4EEC77AF1EE10FA01D8072316E0D7EDEF
:10B89000007A9FED197AF4EEC77AF1EE10FA01D82A
:10B8A00008230BE0D7ED007A9FED147AF4EEC77A07
:10B8B000F1EE10FA01D8092300E00A23FB737B683C
:10B8C0002033FA7B1146184600F008FA0346002B95
:10B8D00002D04FF0FF3300E0002318461037BD467A
:10B8E00080BD00BF000050420000D0420000504325
:10B8F0000000D043004050440080CF440020504519
:10B9000080B483B000AF786087ED000AD7ED007A8D
:10B91000B2EE097AF4EEC77AF1EE10FA01D80123FB
:10B9200058E0D7ED007AB3EE0A7AF4EEC77AF1EE7A
:10B9300010FA01D802234DE0D7ED007A9FED2A7A64
:10B94000F4EEC77AF1EE10FA01D8032342E0D7ED06
:10B95000007A9FED267AF4EEC77AF1EE10FA01D85C
:10B96000042337E0D7ED007A9FED217AF4EEC77A11
:10B97000F1EE10FA01D805232CE0D7ED007A9FED07
:10B980001D7AF4EEC77AF1EE10FA01D8062321E011
:10B99000D7ED007A9FED187AF4EEC77AF1EE10FA3F
:10B9A00001D8072316E0D7ED007A9FED147AF4EE64
:10B9B000C77AF1EE10FA01D808230BE0D7ED007A30
:10B9C0009FED0F7AF4EEC77AF1EE10FA01D8092351
:10B9D00000E00A237A6882F83330002318460C37D7
:10B9E000BD465DF8047B7047000050420000D04225
:10B9F000000050430000D043004050440080CF443A
:10BA00000020504580B584B000AF786087ED000A13
:10BA1000D7ED007AB2EE097AF4EEC77AF1EE10FAB9
:10BA200001D8012358E0D7ED007AB3EE0A7AF4EE9C
:10BA3000C77AF1EE10FA01D802234DE0D7ED007A73
:10BA40009FED2F7AF4EEC77AF1EE10FA01D80323B6
:10BA500042E0D7ED007A9FED2B7AF4EEC77AF1EE53
:10BA600010FA01D8042337E0D7ED007A9FED267A4B
:10BA7000F4EEC77AF1EE10FA01D805232CE0D7EDE9
:10BA8000007A9FED227AF4EEC77AF1EE10FA01D82F
:10BA9000062321E0D7ED007A9FED1D7AF4EEC77AF8
:10BAA000F1EE10FA01D8072316E0D7ED007A9FEDEA
:10BAB000197AF4EEC77AF1EE10FA01D808230BE0F8
:10BAC000D7ED007A9FED147AF4EEC77AF1EE10FA12
:10BAD00001D8092300E00A23FB737B682033FA7B3B
:10BAE0001146184600F0F0F90346002B02D04FF043
:10BAF000FF3300E0002318461037BD4680BD00BF6D
:10BB0000000050420000D042000050430000D043EB
:10BB1000004050440080CF440020504580B483B0A2
:10BB200000AF786087ED000AD7ED007AB2EE097AAF
:10BB3000F4EEC77AF1EE10FA01D8012358E0D7ED00
:10BB4000007AB3EE0A7AF4EEC77AF1EE10FA01D871
:10BB500002234DE0D7ED007A9FED2A7AF4EEC77A02
:10BB6000F1EE10FA01D8032342E0D7ED007A9FED01
:10BB7000267AF4EEC77AF1EE10FA01D8042337E002
:10BB8000D7ED007A9FED217AF4EEC77AF1EE10FA44
:10BB900001D805232CE0D7ED007A9FED1D7AF4EE55
:10BBA000C77AF1EE10FA01D8062321E0D7ED007A2A
:10BBB0009FED187AF4EEC77AF1EE10FA01D8072358
:10BBC00016E0D7ED007A9FED147AF4EEC77AF1EE25
:10BBD00010FA01D808230BE0D7ED007A9FED0F7A19
:10BBE000F4EEC77AF1EE10FA01D8092300E00A2337
:10BBF0007A6882F83430002318460C37BD465DF869
:10BC0000047B7047000050420000D04200005043C7
:10BC10000000D043004050440080CF4400205045F5
:10BC200080B584B000AF78600B46FB7007F1080266
:10BC300001231021786808F069FCF860FB68002B8C
:10BC40000FD1FB7803F00303DAB23B7A62F383038C
:10BC50003B7207F1080201231021786808F070FC9C
:10BC6000F860FB6818461037BD4680BD80B584B0CB
:10BC700000AF7860396007F108020123102178686D
:10BC800008F044FCF8603B7AC3F38103DBB2032B7A
:10BC90001AD801A252F823F0A9BC0008B1BC0008D0
:10BCA000B9BC0008C1BC00083B6800221A700FE054
:10BCB0003B6801221A700BE03B6802221A7007E011
:10BCC0003B6803221A7003E03B6800221A7000BF31
:10BCD000FB6818461037BD4680BD00BF80B584B0F4
:10BCE00000AF78600B46FB7007F1080201231021BA
:10BCF000786808F00BFCF860FB68002B0FD1FB782C
:10BD000003F00F03DAB23B7A62F307133B7207F1D9
:10BD1000080201231021786808F012FCF860FB6823
:10BD200018461037BD4680BD80B584B000AF78603E
:10BD3000396007F1080201231021786808F0E6FB5A
:10BD4000F8603B7AC3F30313DBB20B2B4AD801A292
:10BD500052F823F085BD00088DBD000895BD000890
:10BD60009DBD0008A5BD0008ADBD0008B5BD00081B
:10BD7000BDBD0008C5BD0008CDBD0008D5BD00088B
:10BD8000DDBD00083B6800221A702FE03B680122ED
:10BD90001A702BE03B6802221A7027E03B680322EE
:10BDA0001A7023E03B6804221A701FE03B680522EA
:10BDB0001A701BE03B6806221A7017E03B680722E6
:10BDC0001A7013E03B6808221A700FE03B680922E2
:10BDD0001A700BE03B680A221A7007E03B680B22DE
:10BDE0001A7003E03B6800221A7000BFFB68184617
:10BDF0001037BD4680BD00BF80B584B000AF78600D
:10BE00000B46FB7007F1080201231121786808F046
:10BE10007DFBF860FB68002B0FD1FB7803F0070374
:10BE2000DAB23B7A62F343033B7207F10802012363
:10BE30001121786808F084FBF860FB681846103719
:10BE4000BD4680BD80B584B000AF7860396007F131
:10BE5000080201231121786808F058FBF8603B7A4A
:10BE6000C3F34203DBB2062B24D801A252F823F01D
:10BE70008DBE000895BE00089DBE0008B5BE000836
:10BE8000A5BE0008B5BE0008ADBE00083B68002294
:10BE90001A7013E03B6801221A700FE03B6802221F
:10BEA0001A700BE03B6804221A7007E03B68062218
:10BEB0001A7003E03B6800221A7000BFFB68184646
:10BEC0001037BD4680BD00BF80B584B000AF78603C
:10BED0000B46FB7007F1080201231121786808F076
:10BEE00015FBF860FB68002B0FD1FB7803F00F0304
:10BEF000DAB23B7A62F307133B7207F108020123BF
:10BF00001121786808F01CFBF860FB6818461037B0
:10BF1000BD4680BD80B584B000AF7860396007F160
:10BF2000080201231121786808F0F0FAF8603B7AE2
:10BF3000C3F30313DBB20A2B44D801A252F823F057
:10BF40006DBF000875BF00087DBF000885BF0008F1
:10BF50008DBF000895BF00089DBF0008A5BF000861
:10BF6000ADBF0008B5BF0008BDBF00083B68002298
:10BF70001A702BE03B6801221A7027E03B6802220E
:10BF80001A7023E03B6803221A701FE03B6804220A
:10BF90001A701BE03B6805221A7017E03B68062206
:10BFA0001A7013E03B6807221A700FE03B68082202
:10BFB0001A700BE03B6809221A7007E03B680A22FE
:10BFC0001A7003E03B6800221A7000BFFB68184635
:10BFD0001037BD4680BD00BF80B584B000AF78602B
:10BFE0000B46FB7007F1080201231221786808F064
:10BFF0008DFAF860FB68002B0FD1FB7803F001038A
:10C00000DAB23B7A62F386133B7207F1080201232E
:10C010001221786808F094FAF860FB681846103727
:10C02000BD4680BD80B586B000AF7860396007F14D
:10C030000C0206232221786808F068FA78617B7B7D
:10C040001AB23B681A803B68B3F900309BB21B02FE
:10C050009BB23A7B13449BB21AB23B681A80FA7BBC
:10C060003B68023312B21A803B680233B3F90030E6
:10C070009BB21B029BB2BA7B13449AB23B68023359
:10C0800012B21A807A7C3B68043312B21A803B6881
:10C090000433B3F900309BB21B029BB23A7C1344C9
:10C0A0009AB23B68043312B21A807B69184618377B
:10C0B000BD4680BD80B586B000AF7860396007F1BD
:10C0C0000C0206232821786808F020FA78617B7B2F
:10C0D0001AB23B681A803B68B3F900309BB21B026E
:10C0E0009BB23A7B13449BB21AB23B681A80FA7B2C
:10C0F0003B68023312B21A803B680233B3F9003056
:10C100009BB21B029BB2BA7B13449AB23B680233C8
:10C1100012B21A807A7C3B68043312B21A803B68F0
:10C120000433B3F900309BB21B029BB23A7C134438
:10C130009AB23B68043312B21A807B6918461837EA
:10C14000BD4680BD80B584B000AF78603960012302
:10C150003A680F21786808F0D9F9F860FB6818464A
:10C160001037BD4680BD80B584B000AF78600B4607
:10C17000FB7007F1080201231221786808F0C6F964
:10C18000F860FB68002B0FD1FB7803F00103DAB2F3
:10C190003B7A62F300033B7207F10802012312218C
:10C1A000786808F0CDF9F860FB6818461037BD468E
:10C1B00080BD80B584B000AF78600B46FB7007F19E
:10C1C000080201231221786808F0A0F9F860FB68E2
:10C1D000002B0FD1FB7803F00103DAB23B7A62F354
:10C1E00082033B7207F1080201231221786808F0EC
:10C1F000A7F9F860FB6818461037BD4680BD80B5CA
:10C2000084B000AF78600B46FB7007F10802012391
:10C210000A21786808F07AF9F860FB68002B0FD1E2
:10C22000FB7803F00703DAB23B7A62F302033B7256
:10C2300007F1080201230A21786808F081F9F86003
:10C24000FB6818461037BD4680BD000080B500AFC2
:10C250000E4B1B680D4A43F4007313600B4B1B68B5
:10C260000A4A43F480631360084B1B68074A43F48F
:10C2700080731360032000F047FD0520FDF7C6FF23
:10C28000FDF798FF0023184680BD00BF003C024028
:10C2900080B400AF064B1B781A46064B1B6813444C
:10C2A000044A136000BFBD465DF8047B704700BFC1
:10C2B000C4000020941C002080B400AF034B1B6816
:10C2C0001846BD465DF8047B704700BF941C0020F3
:10C2D00080B584B000AF7860FFF7EEFFB8607B6890
:10C2E000FB60FB68B3F1FF3F05D00A4B1B781A4691
:10C2F000FB681344FB6000BFFFF7DEFF0246BB682C
:10C30000D31AFA689A42F7D800BF00BF1037BD466B
:10C3100080BD00BFC400002080B400AF034B1B6889
:10C320001846BD465DF8047B704700BF107AFF1FBA
:10C3300080B400AF034B1B681846BD465DF8047B14
:10C34000704700BF147AFF1F80B400AF034B1B6817
:10C350001846BD465DF8047B704700BF187AFF1F82
:10C3600080B584B000AF78600023FB737B68002B3E
:10C3700001D1012333E07B681B6C002B09D1786865
:10C38000FDF7E0FA7B6800225A647B68002283F89C
:10C390003C207B681B6C03F01003002B18D17B68DA
:10C3A0001B6C23F4885323F0020343F002027B68E2
:10C3B0001A64786800F0E8FA7B6800225A647B68A7
:10C3C0001B6C23F0030343F001027B681A6401E055
:10C3D0000123FB737B68002283F83C20FB7B18461B
:10C3E0001037BD4680BD000080B485B000AF7860D6
:10C3F0000023BB607B6893F83C30012B01D1022302
:10C40000B2E07B68012283F83C207B681B689B6854
:10C4100003F00103012B18D07B681B689A687B68C6
:10C420001B6842F001029A60524B1B68524AA2FB01
:10C4300003239A0C13465B001344BB6002E0BB6805
:10C44000013BBB60BB68002BF9D17B681B689B6814
:10C4500003F00103012B7AD17B681B6C23F4E063AA
:10C4600023F0010343F480727B681A647B681B68C5
:10C470005B6803F48063002B07D07B681B6C23F49C
:10C48000405343F480527B681A647B681B6C03F44E
:10C490008053B3F5805F06D17B685B6C23F00602A6
:10C4A0007B685A6402E07B6800225A647B68002241
:10C4B00083F83C20314BFB607B681B686FF02202E5
:10C4C0001A60FB685B6803F01F03002B2AD17B68AE
:10C4D0001B682B4A934215D07B681B68294A9342FC
:10C4E00005D1264B5B6803F01F03002B0AD07B6845
:10C4F0001B68254A934236D1204B5B6803F010033A
:10C50000002B30D17B681B689B6803F04053002BE5
:10C5100029D17B681B689A687B681B6842F080425F
:10C520009A6020E07B681B68154A93421BD17B68A8
:10C530001B689B6803F04053002B14D17B681B6879
:10C540009A687B681B6842F080429A600BE07B68C7
:10C550001B6C43F010027B681A647B685B6C43F0D1
:10C5600001027B685A64002318461437BD465DF803
:10C57000047B70476400002083DE1B4300230140DE
:10C5800000200140002101400022014080B483B01E
:10C5900000AF78607B6893F83C30012B01D1022317
:10C5A00021E07B68012283F83C207B681B689A6845
:10C5B0007B681B6822F001029A607B681B689B689D
:10C5C00003F00103002B09D17B681B6C23F4885313
:10C5D00023F0010343F001027B681A647B680022A8
:10C5E00083F83C20002318460C37BD465DF8047BD9
:10C5F000704780B584B000AF786039600023FB607D
:10C600007B681B689B6803F48063B3F5806F13D16C
:10C610007B681B689B6803F48073B3F5807F0BD144
:10C620007B681B6C43F020027B681A647B680022E5
:10C6300083F83C20012363E0FFF73EFEF86021E031
:10C640003B68B3F1FF3F1DD03B68002B07D0FFF7DD
:10C6500033FE0246FB68D31A3A689A4212D27B68CC
:10C660001B681B6803F00203022B0BD07B681B6C5A
:10C6700043F004027B681A647B68002283F83C2044
:10C6800003233DE07B681B681B6803F00203022B59
:10C69000D6D17B681B686FF012021A607B681B6C36
:10C6A00043F400727B681A647B681B689B6803F024
:10C6B0004053002B23D17B681B7E002B1FD17B684E
:10C6C0001B68DB6A03F47003002B06D07B681B68D1
:10C6D0009B6803F48063002B11D17B681B6C23F4EF
:10C6E00080727B681A647B681B6C03F48053002B98
:10C6F00005D17B681B6C43F001027B681A64002340
:10C7000018461037BD4680BD80B483B000AF786056
:10C710007B681B68DB6C18460C37BD465DF8047BF4
:10C720007047000080B485B000AF786039600023A6
:10C73000BB607B6893F83C30012B01D1022313E1ED
:10C740007B68012283F83C203B681B68092B25D9B4
:10C750007B681B68D9683B681B689BB21A46134606
:10C760005B0013441E3B072202FA03F3DA437B68A3
:10C770001B680A40DA607B681B68D9683B689A6866
:10C780003B681B689BB2184603465B0003441E3B94
:10C790009A407B681B680A43DA6022E07B681B686A
:10C7A00019693B681B689BB21A4613465B00134429
:10C7B000072202FA03F3DA437B681B680A401A6116
:10C7C0007B681B6819693B689A683B681B689BB269
:10C7D000184603465B0003449A407B681B680A4383
:10C7E0001A613B685B68062B24D87B681B68596B11
:10C7F0003B685A6813469B001344053B1F2202FA0C
:10C8000003F3DA437B681B680A405A637B681B6842
:10C81000596B3B681B689BB218463B685A681346C5
:10C820009B001344053B00FA03F27B681B680A4334
:10C830005A634CE03B685B680C2B24D87B681B6810
:10C84000196B3B685A6813469B001344233B1F2215
:10C8500002FA03F3DA437B681B680A401A637B68B9
:10C860001B68196B3B681B689BB218463B685A688B
:10C8700013469B001344233B00FA03F27B681B68BA
:10C880000A431A6323E07B681B68D96A3B685A68CD
:10C8900013469B001344413B1F2202FA03F3DA4381
:10C8A0007B681B680A40DA627B681B68D96A3B6850
:10C8B0001B689BB218463B685A6813469B0013449A
:10C8C000413B00FA03F27B681B680A43DA62294B9A
:10C8D000FB607B681B68284A93420FD13B681B684A
:10C8E000122B0BD1FB685B6823F40002FB685A60D3
:10C8F000FB685B6843F48002FB685A607B681B68D6
:10C900001D4A93422BD13B681B681C4A934203D0BB
:10C910003B681B68112B22D1FB685B6823F4800203
:10C92000FB685A60FB685B6843F40002FB685A606E
:10C930003B681B68114A934211D1114B1B68114A85
:10C94000A2FB03239A0C13469B0013445B00BB60BD
:10C9500002E0BB68013BBB60BB68002BF9D17B6880
:10C96000002283F83C20002318461437BD465DF8AA
:10C97000047B70470023014000200140120000109A
:10C980006400002083DE1B4380B485B000AF786074
:10C99000794BFB60FB685B6823F44032FB685A60AC
:10C9A000FB685A687B685B681A43FB685A607B685F
:10C9B0001B685A687B681B6822F480725A607B6827
:10C9C0001B6859687B681B691A027B681B680A43ED
:10C9D0005A607B681B685A687B681B6822F040724B
:10C9E0005A607B681B6859687B689A687B681B681B
:10C9F0000A435A607B681B689A687B681B6822F44C
:10CA000000629A607B681B6899687B68DA687B685B
:10CA10001B680A439A607B689B6A584A934222D0FB
:10CA20007B681B689A687B681B6822F070629A605A
:10CA30007B681B6899687B689A6A7B681B680A43F5
:10CA40009A607B681B689A687B681B6822F040527A
:10CA50009A607B681B6899687B68DA6A7B681B68E8
:10CA60000A439A600FE07B681B689A687B681B68C2
:10CA700022F070629A607B681B689A687B681B680A
:10CA800022F040529A607B681B689A687B681B683A
:10CA900022F002029A607B681B6899687B681B7EA3
:10CAA0005A007B681B680A439A607B6893F82030C1
:10CAB000002B1BD07B681B685A687B681B6842F49C
:10CAC00000625A607B681B685A687B681B6822F4A6
:10CAD00060425A607B681B6859687B685B6A013BEF
:10CAE0005A037B681B680A435A6007E07B681B682F
:10CAF0005A687B681B6822F400625A607B681B6876
:10CB0000DA6A7B681B6822F47002DA627B681B6851
:10CB1000D96A7B68DB69013B1A057B681B680A439D
:10CB2000DA627B681B689A687B681B6822F4007273
:10CB30009A607B681B6899687B6893F830305A026A
:10CB40007B681B680A439A607B681B689A687B68ED
:10CB50001B6822F480629A607B681B6899687B6816
:10CB60005B699A027B681B680A439A6000BF1437AE
:10CB7000BD465DF8047B7047002301400100000FB3
:10CB800080B485B000AF78607B6803F00703FB607A
:10CB90000C4BDB68BB60BA684FF6FF031340BB6009
:10CBA000FB681A02BB68134343F0BF6343F40033CE
:10CBB000BB60044ABB68D36000BF1437BD465DF854
:10CBC000047B704700ED00E080B400AF044BDB68ED
:10CBD0001B0A03F007031846BD465DF8047B704747
:10CBE00000ED00E080B483B000AF0346FB7197F91D
:10CBF0000730002B0BDBFB7903F01F02074997F985
:10CC000007305B09012000FA02F241F8232000BF3F
:10CC10000C37BD465DF8047B704700BF00E100E0C3
:10CC200080B483B000AF03463960FB7197F90730D9
:10CC3000002B0ADB3B68DAB20C4997F90730120186
:10CC4000D2B20B4483F800230AE03B68DAB2084909
:10CC5000FB7903F00F03043B1201D2B20B441A76A6
:10CC600000BF0C37BD465DF8047B704700E100E073
:10CC700000ED00E080B489B000AFF860B9607A6080
:10CC8000FB6803F00703FB61FB69C3F10703042B97
:10CC900028BF0423BB61FB690433062B02D9FB695F
:10CCA000033B00E000237B614FF0FF32BB6902FAD7
:10CCB00003F3DA43BB681A407B699A404FF0FF31B7
:10CCC0007B6901FA03F3D9437B680B401343184691
:10CCD0002437BD465DF8047B7047000080B400AF88
:10CCE000BFF34F8F00BF064BDB6803F4E0620449DB
:10CCF000044B1343CB60BFF34F8F00BF00BFFDE772
:10CD000000ED00E00400FA0580B582B000AF786065
:10CD10007868FFF735FF00BF0837BD4680BD80B596
:10CD200086B000AF0346B9607A60FB7300237B6175
:10CD3000FFF74AFF78617A68B9687869FFF79AFF68
:10CD4000024697F90F3011461846FFF769FF00BFFA
:10CD50001837BD4680BD80B582B000AF0346FB7179
:10CD600097F907301846FFF73DFF00BF0837BD466B
:10CD700080BD80B500AFFFF7B1FF80B582B000AFD6
:10CD800078607B68002B01D101230EE07B685B7922
:10CD9000DBB2002B05D17B6800221A717868FCF7A2
:10CDA00061FE7B6801225A71002318460837BD4690
:10CDB00080BD80B487B000AFF860B9607A600023AE
:10CDC0003B61FB6802225A71FB681B689A68FB682A
:10CDD0001B6842F001029A6000237B610AE07B69D4
:10CDE0009B00BA681A44FB681B6812681A607B696A
:10CDF00001337B617A697B689A42F0D3FB681B68D8
:10CE00001B683B61FB6801225A713B6918461C375D
:10CE1000BD465DF8047B704780B582B000AF786096
:10CE20007B68002B01D101232AE07B6893F8513005
:10CE3000DBB2002B06D17B68002283F85020786893
:10CE4000FCF75CFE7B681B681B6823F4002323F45B
:10CE50007E737A6851687A68926811437A68526979
:10CE600011437A6812680B4313607B6800225A658D
:10CE70007B68012283F851207B6801225A640023D9
:10CE800018460837BD4680BD80B584B000AF7860D5
:10CE90007B689B6DFB60FFF70FFAB8607B6893F8C7
:10CEA0003530DBB2022B08D07B6880225A657B6864
:10CEB000002283F83420012352E07B681B681A6843
:10CEC0007B681B6822F016021A607B681B685A692F
:10CED0007B681B6822F080025A617B681B6C002B08
:10CEE00003D17B689B6C002B07D07B681B681A689A
:10CEF0007B681B6822F008021A607B681B681A684E
:10CF00007B681B6822F001021A6013E0FFF7D4F976
:10CF10000246BB68D31A052B0CD97B6820225A65C0
:10CF20007B68032283F835207B68002283F8342055
:10CF3000032315E07B681B681B6803F00103002BCB
:10CF4000E4D17B68DB6D3F229A40FB689A607B6886
:10CF5000012283F835207B68002283F834200023E7
:10CF600018461037BD4680BD80B483B000AF7860EE
:10CF70007B6893F83530DBB2022B04D07B688022CB
:10CF80005A6501230CE07B68052283F835207B6815
:10CF90001B681A687B681B6822F001021A60002374
:10CFA00018460C37BD465DF8047B704780B586B0E7
:10CFB00000AFF860B960C7E900230123FB75234B7C
:10CFC0001B7E012B01D102233BE0204B01221A766C
:10CFD0004CF2503000F0A8F80346FB75FB7D002BA7
:10CFE0002BD1FB68002B05D13B781946B86800F0BF
:10CFF00053F916E0FB68012B05D13B881946B86848
:10D0000000F026F90DE0FB68022B05D13B681946BC
:10D01000B86800F0FBF804E0D7E90023B86800F036
:10D02000C3F84CF2503000F07FF80346FB75084B14
:10D030001B69074A23F001031361044B00221A768F
:10D04000FB7D18461837BD4680BD00BF981C0020E8
:10D05000003C024080B483B000AF0023FB710B4B57
:10D060001B69002B0BDA094B094A5A60074B094A26
:10D070005A60064B1B69002B01DA0123FB71FB7917
:10D0800018460C37BD465DF8047B7047003C0240F3
:10D0900023016745AB89EFCD80B400AF054B1B6919
:10D0A000044A43F00043136100231846BD465DF86F
:10D0B000047B7047003C024080B400AF094B5B69C1
:10D0C00003F00103002B07D0064B074A9A60054B7B
:10D0D000064A9A60002300E001231846BD465DF829
:10D0E000047B7047003C02403B2A19087F6E5D4C70
:10D0F00080B400AF054B5B69044A43F00103536100
:10D1000000231846BD465DF8047B7047003C024092
:10D1100080B400AF034BDB691846BD465DF8047B65
:10D12000704700BF981C002080B584B000AF7860C5
:10D130000023FB601A4B0022DA61FFF7BDF8F860AC
:10D1400010E07B68B3F1FF3F0CD07B68002B07D069
:10D15000FFF7B2F80246FB68D31A7A689A4201D206
:10D16000032319E00F4BDB6803F48033002BE8D175
:10D170000C4BDB6803F00103002B02D0094B0122AA
:10D18000DA60084BDB6803F4F973002B03D000F07E
:10D19000A5F8012300E0002318461037BD4680BDE6
:10D1A000981C0020003C024080B485B000AFF860BD
:10D1B000C7E90023144B1B69134A23F4407313611E
:10D1C000114B1B69104A43F4407313610E4B1B69EA
:10D1D0000D4A43F001031361FB683A681A60BFF31C
:10D1E0006F8F00BFD7E900014FF000024FF000033E
:10D1F0000A000023F968043113460B6000BF14379E
:10D20000BD465DF8047B7047003C024080B483B0AB
:10D2100000AF786039600D4B1B690C4A23F44073F2
:10D2200013610A4B1B69094A43F400731361074BEE
:10D230001B69064A43F0010313617B683A681A6070
:10D2400000BF0C37BD465DF8047B7047003C0240D0
:10D2500080B483B000AF78600B467B800D4B1B69B8
:10D260000C4A23F4407313610A4B1B69094A43F4C7
:10D2700080731361074B1B69064A43F00103136176
:10D280007B687A881A8000BF0C37BD465DF8047B46
:10D29000704700BF003C024080B483B000AF7860AC
:10D2A0000B46FB700C4B1B690B4A23F44073136154
:10D2B000094B094A1B691361074B1B69064A43F076
:10D2C000010313617B68FA781A7000BF0C37BD4602
:10D2D0005DF8047B704700BF003C024080B400AFA3
:10D2E0002F4BDB6803F01003002B08D02D4BDB69BC
:10D2F00043F010032B4AD361294B1022DA60284BEC
:10D30000DB6803F02003002B08D0264BDB6943F0D9
:10D310000803244AD361224B2022DA60204BDB68C9
:10D3200003F04003002B08D01E4BDB6943F00403DD
:10D330001C4AD3611A4B4022DA60194BDB6803F0B8
:10D340008003002B08D0174BDB6943F00203154A1A
:10D35000D361134B8022DA60114BDB6803F48073D6
:10D36000002B09D00F4BDB6943F001030D4AD36159
:10D370000B4B4FF48072DA60094BDB6803F0020359
:10D38000002B08D0074BDB6943F02003054AD3612B
:10D39000034B0222DA6000BFBD465DF8047B704794
:10D3A000003C0240981C002080B485B000AF78603B
:10D3B0000B46FB700023FB60FB78002B02D100239F
:10D3C000FB6010E0FB78012B03D14FF48073FB600E
:10D3D00009E0FB78022B03D14FF40073FB6002E0FD
:10D3E0004FF44073FB607B680B2B02D97B680433DE
:10D3F0007B60134B1B69124A23F440731361104B7B
:10D400001A690F49FB6813430B610D4B1B690C4AEA
:10D4100023F0F80313610A4B1A697B68DB0013439E
:10D42000074A43F002031361054B1B69044A43F4A6
:10D430008033136100BF1437BD465DF8047B70472D
:10D44000003C024080B489B000AF786039600023AE
:10D450007B6100233B610023BB610023FB6177E11B
:10D460000122FB6902FA03F37B613B681B687A695E
:10D4700013403B613A697B699A4240F066813B68A0
:10D480005B6803F00303012B05D03B685B6803F086
:10D490000303022B30D17B689B68BB61FB695B0097
:10D4A000032202FA03F3DB43BA691340BB613B6812
:10D4B000DA68FB695B0002FA03F3BA691343BB61E4
:10D4C0007B68BA699A607B685B68BB610122FB6913
:10D4D00002FA03F3DB43BA691340BB613B685B6844
:10D4E0001B0903F00102FB6902FA03F3BA69134353
:10D4F000BB617B68BA695A603B685B6803F00303F1
:10D50000032B17D07B68DB68BB61FB695B000322E0
:10D5100002FA03F3DB43BA691340BB613B689A68C4
:10D52000FB695B0002FA03F3BA691343BB617B68D2
:10D53000BA69DA603B685B6803F00303022B23D10E
:10D54000FB69DA087B68083253F82230BB61FB695B
:10D5500003F007039B000F2202FA03F3DB43BA69CF
:10D560001340BB613B681A69FB6903F007039B002A
:10D5700002FA03F3BA691343BB61FB69DA087B68FB
:10D580000832B96943F822107B681B68BB61FB69EC
:10D590005B00032202FA03F3DB43BA691340BB6169
:10D5A0003B685B6803F00302FB695B0002FA03F36C
:10D5B000BA691343BB617B68BA691A603B685B68F0
:10D5C00003F44033002B00F0C0800023FB60664B67
:10D5D0005B6C654A43F480435364634B5B6C03F4B8
:10D5E0008043FB60FB68614AFB699B08023352F889
:10D5F0002330BB61FB6903F003039B000F2202FA97
:10D6000003F3DB43BA691340BB617B68584A93421A
:10D6100037D07B68574A934231D07B68564A934251
:10D620002BD07B68554A934225D07B68544A93425D
:10D630001FD07B68534A934219D07B68524A934269
:10D6400013D07B68514A93420DD07B68504A934275
:10D6500007D07B684F4A934201D1092312E00A2385
:10D6600010E008230EE007230CE006230AE0052360
:10D6700008E0042306E0032304E0022302E0012380
:10D6800000E00023FA6902F0030292009340BA69B5
:10D690001343BB613549FB699B080233BA6941F802
:10D6A00023203D4B9B68BB613B69DB43BA69134058
:10D6B000BB613B685B6803F48013002B03D0BA693D
:10D6C0003B691343BB61344ABB699360324BDB68EF
:10D6D000BB613B69DB43BA691340BB613B685B6874
:10D6E00003F40013002B03D0BA693B691343BB61F9
:10D6F000294ABB69D360284B5B68BB613B69DB434C
:10D70000BA691340BB613B685B6803F40033002BCC
:10D7100003D0BA693B691343BB611F4ABB695360BD
:10D720001D4B1B68BB613B69DB43BA691340BB619E
:10D730003B685B6803F48033002B03D0BA693B6914
:10D740001343BB61144ABB691360FB690133FB617E
:10D75000FB690F2B7FF684AE00BF00BF2437BD46A8
:10D760005DF8047B704700BF00380240003801407C
:10D77000000002400004024000080240000C024089
:10D78000001002400014024000180240001C024039
:10D790000020024000240240003C014080B485B0DB
:10D7A00000AF78600B467B807B681A697B881340EA
:10D7B000002B02D00123FB7301E00023FB73FB7BF2
:10D7C00018461437BD465DF8047B704780B483B0BB
:10D7D00000AF78600B467B8013467B707B78002B14
:10D7E00003D07A887B689A6103E07B881A047B689F
:10D7F0009A6100BF0C37BD465DF8047B704780B46A
:10D8000085B000AF78600B467B807B685B69FB600E
:10D810007A88FB6813401A04FB68D9437B880B4065
:10D820001A437B689A6100BF1437BD465DF8047BDC
:10D830007047000080B582B000AF0346FB80084B04
:10D840005A69FB881340002B06D0054AFB885361B8
:10D85000FB881846FCF7CAFB00BF0837BD4680BDF1
:10D86000003C014080B584B000AF78607B68002B3D
:10D8700001D101232BE17B6893F83D30DBB2002B13
:10D8800006D17B68002283F83C207868FCF7BEFA5A
:10D890007B68242283F83D207B681B681A687B68BC
:10D8A0001B6822F001021A607B681B681A687B689B
:10D8B0001B6842F400421A607B681B681A687B6828
:10D8C0001B6822F400421A6001F002FDF8607B68D8
:10D8D0005B68814A934207D8FB68804A934294BFB1
:10D8E00001230023DBB206E0FB687D4A934294BF2C
:10D8F00001230023DBB2002B01D00123E7E0FB680A
:10D90000784AA2FB03239B0CBB607B681B685B68A7
:10D9100023F03F017B681B68BA680A435A607B6842
:10D920001B681B6A23F03F017B685B686A4A93426D
:10D9300002D8BB68013309E0BB684FF4967202FB62
:10D9400003F3694AA2FB03239B0901337A68126837
:10D950000B4313627B681B68DB6923F44F4222F0A0
:10D96000FF027B685B685C498B4219D8FB68591ED3
:10D970007B685B685B00B1FBF3F3591C40F6FC73FA
:10D980000B40002B0AD0FB68591E7B685B685B006C
:10D99000B1FBF3F30133C3F30B0351E004234FE076
:10D9A0007B689B68002B11D1FB68581E7B68596807
:10D9B0000B465B000B44B0FBF3F30133C3F30B03E3
:10D9C000002B0CBF01230023DBB212E0FB68581EC2
:10D9D0007B6859680B469B000B4499000B44B0FBD5
:10D9E000F3F30133C3F30B03002B0CBF012300231C
:10D9F000DBB2002B01D0012322E07B689B68002B67
:10DA00000ED1FB68581E7B6859680B465B000B44BF
:10DA1000B0FBF3F30133C3F30B0343F400430FE014
:10DA2000FB68581E7B6859680B469B000B449900A5
:10DA30000B44B0FBF3F30133C3F30B0343F4404354
:10DA4000796809681343CB617B681B681B6823F006
:10DA5000C0017B68DA697B681B6A1A437B681B68B4
:10DA60000A431A607B681B689B6823F4034323F016
:10DA7000FF037A6811697A68D26811437A6812687C
:10DA80000B4393607B681B68DB6823F0FF017B68B6
:10DA90005A697B689B691A437B681B680A43DA6092
:10DAA0007B681B681A687B681B6842F001021A6079
:10DAB0007B6800221A647B68202283F83D207B6803
:10DAC00000221A637B68002283F83E200023184658
:10DAD0001037BD4680BD00BFA08601007F841E00B8
:10DAE000FF083D0083DE1B43D34D621080B588B034
:10DAF00002AFF8607A601A460B467B8113463B8181
:10DB0000FEF7DAFB7861FB6893F83D30DBB2202B3F
:10DB100040F0E0807B690093192301227049F86886
:10DB200000F064FC0346002B01D00223D3E0FB6825
:10DB300093F83C30012B01D10223CCE0FB68012299
:10DB400083F83C20FB681B681B6803F00103012B72
:10DB500007D0FB681B681A68FB681B6842F001026B
:10DB60001A60FB681B681A68FB681B6822F4006275
:10DB70001A60FB68212283F83D20FB68102283F89D
:10DB80003E20FB6800221A64FB687A685A62FB68D0
:10DB90003A895A85FB685B8D9AB2FB681A85FB68E7
:10DBA000504ADA6279897B693A6AF86800F0CEFAFD
:10DBB0000346002B01D001238DE000233B61FB686D
:10DBC0001B685B693B61FB681B689B693B613B6948
:10DBD00066E07A69396AF86800F022FD0346002B96
:10DBE0000DD0FB681B6C042B07D1FB681B681A68FF
:10DBF000FB681B6842F400721A6001236BE0FB684B
:10DC00005B6A1A78FB681B681A61FB685B6A5A1CBE
:10DC1000FB685A62FB685B8D9BB2013B9AB2FB6862
:10DC20005A85FB681B8D013B9AB2FB681A85FB681D
:10DC30001B685B6903F00403042B1BD1FB681B8D7D
:10DC4000002B17D0FB685B6A1A78FB681B681A61A7
:10DC5000FB685B6A5A1CFB685A62FB685B8D9BB26F
:10DC6000013B9AB2FB685A85FB681B8D013B9AB257
:10DC7000FB681A857A69396AF86800F019FD03466D
:10DC8000002B0DD0FB681B6C042B07D1FB681B68B5
:10DC90001A68FB681B6842F400721A6001231AE0DC
:10DCA000FB681B8D002B94D1FB681B681A68FB680E
:10DCB0001B6842F400721A60FB68202283F83D2042
:10DCC000FB68002283F83E20FB68002283F83C209A
:10DCD000002300E0022318461837BD4680BD00BF70
:10DCE000020010000000FFFF80B58CB002AFF860AA
:10DCF0007A601A460B467B8113463B81FEF7DCFABD
:10DD00007862FB6893F83D30DBB2202B40F017823D
:10DD10007B6A0093192301227C49F86800F066FBB6
:10DD20000346002B01D002230AE2FB6893F83C3043
:10DD3000012B01D1022303E2FB68012283F83C207E
:10DD4000FB681B681B6803F00103012B07D0FB680D
:10DD50001B681A68FB681B6842F001021A60FB68C6
:10DD60001B681A68FB681B6822F400621A60FB6873
:10DD7000222283F83D20FB68102283F83E20FB68B6
:10DD800000221A64FB687A685A62FB683A895A85ED
:10DD9000FB685B8D9AB2FB681A85FB685C4ADA62A5
:10DDA00079897B6A3A6BF86800F052FA0346002BD7
:10DDB00001D00123C4E1FB681B8D002B13D100238C
:10DDC0003B62FB681B685B693B62FB681B689B6985
:10DDD0003B623B6AFB681B681A68FB681B6842F47D
:10DDE00000721A6098E1FB681B8D012B1BD1FB6848
:10DDF0001B681A68FB681B6822F480621A600023A3
:10DE0000FB61FB681B685B69FB61FB681B689B69C6
:10DE1000FB61FB69FB681B681A68FB681B6842F4BE
:10DE200000721A6078E1FB681B8D022B1BD1FB6826
:10DE30001B681A68FB681B6822F480621A60FB6822
:10DE40001B681A68FB681B6842F400621A600023B2
:10DE5000BB61FB681B685B69BB61FB681B689B69F6
:10DE6000BB61BB6958E1FB681B681A68FB681B68EB
:10DE700042F480621A6000237B61FB681B685B6967
:10DE80007B61FB681B689B697B617B6944E1FB6884
:10DE90001B8D032B00F2F180FB681B8D012B23D11E
:10DEA0007A6A396BF86800F04BFC0346002B01D00E
:10DEB000012345E1FB681B681A69FB685B6AD2B203
:10DEC0001A70FB685B6A5A1CFB685A62FB681B8D00
:10DED000013B9AB2FB681A85FB685B8D9BB2013BE4
:10DEE0009AB2FB685A8517E1FB681B8D022B4ED155
:10DEF0007B6A00933B6B00220649F86800F076FAD3
:10DF00000346002B08D001231AE100BF02001000D5
:10DF10000000FFFF04000100FB681B681A68FB6833
:10DF20001B6842F400721A60FB681B681A69FB6880
:10DF30005B6AD2B21A70FB685B6A5A1CFB685A6251
:10DF4000FB681B8D013B9AB2FB681A85FB685B8DF1
:10DF50009BB2013B9AB2FB685A85FB681B681A6941
:10DF6000FB685B6AD2B21A70FB685B6A5A1CFB687A
:10DF70005A62FB681B8D013B9AB2FB681A85FB68ED
:10DF80005B8D9BB2013B9AB2FB685A85C4E07B6A09
:10DF900000933B6B00226C49F86800F027FA0346B7
:10DFA000002B01D00123CBE0FB681B681A68FB68DB
:10DFB0001B6822F480621A60FB681B681A69FB68A0
:10DFC0005B6AD2B21A70FB685B6A5A1CFB685A62C1
:10DFD000FB681B8D013B9AB2FB681A85FB685B8D61
:10DFE0009BB2013B9AB2FB685A857B6A00933B6BFC
:10DFF00000225549F86800F0F9F90346002B01D0DA
:10E0000001239DE0FB681B681A68FB681B6842F4EB
:10E0100000721A60FB681B681A69FB685B6AD2B2FF
:10E020001A70FB685B6A5A1CFB685A62FB681B8D9E
:10E03000013B9AB2FB681A85FB685B8D9BB2013B82
:10E040009AB2FB685A85FB681B681A69FB685B6AB1
:10E05000D2B21A70FB685B6A5A1CFB685A62FB6892
:10E060001B8D013B9AB2FB681A85FB685B8D9BB2E6
:10E07000013B9AB2FB685A854EE07A6A396BF868C0
:10E0800000F05EFB0346002B01D0012358E0FB6843
:10E090001B681A69FB685B6AD2B21A70FB685B6A1C
:10E0A0005A1CFB685A62FB681B8D013B9AB2FB68E5
:10E0B0001A85FB685B8D9BB2013B9AB2FB685A855F
:10E0C000FB681B685B6903F00403042B24D1FB6825
:10E0D0001B8D032B07D1FB681B681A68FB681B6844
:10E0E00022F480621A60FB681B681A69FB685B6A2D
:10E0F000D2B21A70FB685B6A5A1CFB685A62FB68F2
:10E100001B8D013B9AB2FB681A85FB685B8D9BB245
:10E11000013B9AB2FB685A85FB681B8D002B7FF48C
:10E12000B6AEFB68202283F83D20FB68002283F80E
:10E130003E20FB68002283F83C20002300E00223FD
:10E1400018462837BD4680BD0400010080B588B060
:10E1500002AFF8607A603B600B467B81FB68DB6A4C
:10E160007B617B69082B06D07B69012B03D07B691F
:10E1700013F5803F08D1FB681B681A68FB681B68B1
:10E1800042F480721A600BE0FB681B6B122B07D104
:10E19000FB681B681A68FB681B6842F480721A608F
:10E1A0003B6800937B6800224FF00111F86800F093
:10E1B0001DF90346002B0DD0FB681B681B6803F498
:10E1C0008073B3F5807F03D1FB684FF400721A644B
:10E1D000032335E0FB681B69B3F5804F08D17B89C9
:10E1E000DBB21A46FB681B6802F0FE021A611BE0F4
:10E1F0007B89DB11DBB203F00603DBB263F00F03B4
:10E20000DAB2FB681B681A613B687A680E49F868E5
:10E2100000F066F90346002B01D0012310E07B8952
:10E22000DAB2FB681B681A613B687A680749F868CC
:10E2300000F056F90346002B01D0012300E0002333
:10E2400018461837BD4680BD0800010002000100D5
:10E2500080B588B002AFF8607A603B600B467B8186
:10E26000FB68DB6A7B61FB681B681A68FB681B68DC
:10E2700042F480621A607B69082B06D07B69012B0F
:10E2800003D07B6913F5803F08D1FB681B681A68CF
:10E29000FB681B6842F480721A600BE0FB681B6B22
:10E2A000112B07D1FB681B681A68FB681B6842F4D6
:10E2B00080721A603B6800937B6800224FF0011166
:10E2C000F86800F093F80346002B0DD0FB681B683C
:10E2D0001B6803F48073B3F5807F03D1FB684FF4B0
:10E2E00000721A64032379E0FB681B69B3F5804F61
:10E2F00008D17B89DBB243F00103DAB2FB681B680B
:10E300001A615FE07B89DB11DBB203F00603DBB24D
:10E3100063F00F03DAB2FB681B681A613B687A6826
:10E320003049F86800F0DCF80346002B01D00123E7
:10E3300054E07B89DAB2FB681B681A613B687A6833
:10E340002949F86800F0CCF80346002B01D00123DE
:10E3500044E000233B61FB681B685B693B61FB6831
:10E360001B689B693B613B69FB681B681A68FB681B
:10E370001B6842F480721A603B6800937B6800223D
:10E380004FF00111F86800F031F80346002B0DD072
:10E39000FB681B681B6803F48073B3F5807F03D1AF
:10E3A000FB684FF400721A64032317E07B89DB11CA
:10E3B000DBB203F00603DBB263F00E03DAB2FB68F4
:10E3C0001B681A613B687A680749F86800F088F8AA
:10E3D0000346002B01D0012300E000231846183724
:10E3E000BD4680BD080001000200010080B584B078
:10E3F00000AFF860B9603B601346FB7148E03B68D2
:10E40000B3F1FF3F44D0FDF757FF0246BB69D31A73
:10E410003A689A4202D33B68002B39D1BB681B0C87
:10E42000DBB2012B0DD1FB681B685B69DA43BB686B
:10E4300013409BB2002B0CBF01230023DBB21A4612
:10E440000CE0FB681B689B69DA43BB6813409BB216
:10E45000002B0CBF01230023DBB21A46FB799A4242
:10E4600016D1FB6800221A63FB68202283F83D2046
:10E47000FB68002283F83E20FB681B6C43F02002FF
:10E48000FB681A64FB68002283F83C20012323E028
:10E49000BB681B0CDBB2012B0DD1FB681B685B69F1
:10E4A000DA43BB6813409BB2002B0CBF012300234F
:10E4B000DBB21A460CE0FB681B689B69DA43BB6859
:10E4C00013409BB2002B0CBF01230023DBB21A4682
:10E4D000FB799A4293D0002318461037BD4680BD81
:10E4E00080B584B000AFF860B9607A603B6071E0DD
:10E4F000FB681B685B6903F48063B3F5806F23D10D
:10E50000FB681B681A68FB681B6842F400721A609B
:10E51000FB681B686FF480625A61FB6800221A6313
:10E52000FB68202283F83D20FB68002283F83E2010
:10E53000FB681B6C43F00402FB681A64FB68002252
:10E5400083F83C20012367E07B68B3F1FF3F41D0B3
:10E55000FDF7B2FE02463B68D31A7A689A4202D3AC
:10E560007B68002B36D1BB681B0CDBB2012B0CD1B6
:10E57000FB681B685B69DA43BB6813409BB2002BE6
:10E5800014BF01230023DBB20BE0FB681B689B690F
:10E59000DA43BB6813409BB2002B14BF0123002356
:10E5A000DBB2002B16D0FB6800221A63FB68202226
:10E5B00083F83D20FB68002283F83E20FB681B6C3B
:10E5C00043F02002FB681A64FB68002283F83C20B9
:10E5D000012321E0BB681B0CDBB2012B0CD1FB68D3
:10E5E0001B685B69DA43BB6813409BB2002B14BF06
:10E5F00001230023DBB20BE0FB681B689B69DA4355
:10E60000BB6813409BB2002B14BF01230023DBB275
:10E61000002B7FF46DAF002318461037BD4680BD38
:10E6200080B584B000AFF860B9607A6034E0F86813
:10E6300000F0E3F80346002B01D0012334E0BB686F
:10E64000B3F1FF3F28D0FDF737FE02467B68D31AAF
:10E65000BA689A4202D3BB68002B1DD1FB681B68C5
:10E660005B6903F08003802B16D0FB6800221A63DD
:10E67000FB68202283F83D20FB68002283F83E20BF
:10E68000FB681B6C43F02002FB681A64FB680022E5
:10E6900083F83C20012307E0FB681B685B6903F0FB
:10E6A0008003802BC3D1002318461037BD4680BDA0
:10E6B00080B584B000AFF860B9607A6034E0F86883
:10E6C00000F09BF80346002B01D0012334E0BB6827
:10E6D000B3F1FF3F28D0FDF7EFFD02467B68D31A68
:10E6E000BA689A4202D3BB68002B1DD1FB681B6835
:10E6F0005B6903F00403042B16D0FB6800221A6345
:10E70000FB68202283F83D20FB68002283F83E202E
:10E71000FB681B6C43F02002FB681A64FB68002254
:10E7200083F83C20012307E0FB681B685B6903F06A
:10E730000403042BC3D1002318461037BD4680BD07
:10E7400080B584B000AFF860B9607A6049E0FB68DA
:10E750001B685B6903F01003102B19D1FB681B6861
:10E760006FF010025A61FB6800221A63FB682022D6
:10E7700083F83D20FB68002283F83E20FB681A6C7A
:10E78000FB681A64FB68002283F83C20012330E018
:10E79000FDF792FD02467B68D31ABA689A4202D30B
:10E7A000BB68002B1DD1FB681B685B6903F040034D
:10E7B000402B16D0FB6800221A63FB68202283F8E6
:10E7C0003D20FB68002283F83E20FB681B6C43F071
:10E7D0002002FB681A64FB68002283F83C200123B6
:10E7E00007E0FB681B685B6903F04003402BAED178
:10E7F000002318461037BD4680BD80B483B000AFFB
:10E8000078607B681B685B6903F48063B3F5806F95
:10E810001BD17B681B686FF480625A617B680022A1
:10E820001A637B68202283F83D207B68002283F8EE
:10E830003E207B681B6C43F004027B681A647B6893
:10E84000002283F83C20012300E0002318460C3707
:10E85000BD465DF8047B704780B483B000AF78603C
:10E8600039607B6893F83D30DBB2202B29D17B687F
:10E87000242283F83D207B681B681A687B681B682C
:10E8800022F001021A607B681B685A6A7B681B6869
:10E8900022F010025A627B681B68596A7B681B6809
:10E8A0003A680A435A627B681B681A687B681B686F
:10E8B00042F001021A607B68202283F83D20002389
:10E8C00000E0022318460C37BD465DF8047B704714
:10E8D00080B485B000AF786039600023FB817B682D
:10E8E00093F83D30DBB2202B2AD17B68242283F8B9
:10E8F0003D207B681B681A687B681B6822F0010258
:10E900001A607B681B685B6AFB81FB8923F00F033D
:10E91000FB813B689AB2FB891343FB817B681B68D0
:10E92000FA895A627B681B681A687B681B6842F028
:10E9300001021A607B68202283F83D20002300E05A
:10E94000022318461437BD465DF8047B704700006B
:10E9500080B582B000AF00237B6000233B60204B7A
:10E960001B6C1F4A43F0805313641D4B1B6C03F058
:10E9700080533B603B681B4B01221A60FDF79CFCF7
:10E98000786009E0FDF798FC02467B68D31AB3F57E
:10E990007A7F01D903231FE0134B5B6803F48033B4
:10E9A000B3F5803FEED1114B01221A60FDF784FCD4
:10E9B000786009E0FDF780FC02467B68D31AB3F566
:10E9C0007A7F01D9032307E0074B5B6803F4003328
:10E9D000B3F5003FEED1002318460837BD4680BD91
:10E9E0000038024040000E420070004044000E42D9
:10E9F00080B586B000AF78607B68002B01D1012321
:10EA000067E27B681B6803F00103002B75D0884B1D
:10EA10009B6803F00C03042B0CD0854B9B6803F020
:10EA20000C03082B12D1824B5B6803F48003B3F50F
:10EA3000800F0BD17E4B1B6803F40033002B5BD09F
:10EA40007B685B68002B57D1012342E27B685B68DF
:10EA5000B3F5803F06D1764B1B68754A43F480338B
:10EA600013601DE07B685B68B3F5A02F0CD1704B81
:10EA70001B686F4A43F4802313606D4B1B686C4A1C
:10EA800043F4803313600BE0694B1B68684A23F43E
:10EA900080331360664B1B68654A23F48023136040
:10EAA0007B685B68002B13D0FDF706FC386108E03B
:10EAB000FDF702FC02463B69D31A642B01D90323FC
:10EAC00007E25B4B1B6803F40033002BF0D014E02B
:10EAD000FDF7F2FB386108E0FDF7EEFB02463B690B
:10EAE000D31A642B01D90323F3E1514B1B6803F4C0
:10EAF0000033002BF0D100E000BF7B681B6803F0FF
:10EB00000203002B63D04A4B9B6803F00C03002BDD
:10EB10000BD0474B9B6803F00C03082B1CD1444BD4
:10EB20005B6803F48003002B16D1414B1B6803F094
:10EB30000203002B05D07B68DB68012B01D0012389
:10EB4000C7E13B4B1B6823F0F8027B681B69DB00C5
:10EB5000374913430B603AE07B68DB68002B20D019
:10EB6000344B01221A60FDF7A7FB386108E0FDF77E
:10EB7000A3FB02463B69D31A022B01D90323A8E168
:10EB80002B4B1B6803F00203002BF0D0284B1B68B3
:10EB900023F0F8027B681B69DB00254913430B60F7
:10EBA00015E0244B00221A60FDF786FB386108E06F
:10EBB000FDF782FB02463B69D31A022B01D90323DE
:10EBC00087E11B4B1B6803F00203002BF0D17B682D
:10EBD0001B6803F00803002B36D07B685B69002BB1
:10EBE00016D0154B01221A60FDF766FB386108E06C
:10EBF000FDF762FB02463B69D31A022B01D90323BE
:10EC000067E10B4B5B6F03F00203002BF0D01BE0BE
:10EC1000094B00221A60FDF74FFB38610EE0FDF74B
:10EC20004BFB02463B69D31A022B07D9032350E161
:10EC30000038024000004742800E4742884B5B6F1D
:10EC400003F00203002BEAD17B681B6803F0040386
:10EC5000002B00F097800023FB75814B1B6C03F0A9
:10EC60008053002B0FD10023BB607D4B1B6C7C4A73
:10EC700043F0805313647A4B1B6C03F08053BB60EA
:10EC8000BB680123FB75774B1B6803F48073002B73
:10EC900018D1744B1B68734A43F480731360FDF7FB
:10ECA0000BFB386108E0FDF707FB02463B69D31A0E
:10ECB000022B01D903230CE16A4B1B6803F4807318
:10ECC000002BF0D07B689B68012B06D1644B1B6F37
:10ECD000634A43F0010313671CE07B689B68052BC4
:10ECE0000CD15F4B1B6F5E4A43F0040313675C4B10
:10ECF0001B6F5B4A43F0010313670BE0584B1B6F1C
:10ED0000574A23F001031367554B1B6F544A23F0F6
:10ED1000040313677B689B68002B15D0FDF7CCFAC2
:10ED200038610AE0FDF7C8FA02463B69D31A41F29E
:10ED30008832934201D90323CBE0494B1B6F03F088
:10ED40000203002BEED014E0FDF7B6FA38610AE0BA
:10ED5000FDF7B2FA02463B69D31A41F28832934278
:10ED600001D90323B5E03E4B1B6F03F00203002BD8
:10ED7000EED1FB7D012B05D1394B1B6C384A23F0BA
:10ED8000805313647B689B69002B00F0A180344B97
:10ED90009B6803F00C03082B5CD07B689B69022BFB
:10EDA00041D1314B00221A60FDF786FA386108E044
:10EDB000FDF782FA02463B69D31A022B01D90323DD
:10EDC00087E0274B1B6803F00073002BF0D17B68B2
:10EDD000DA697B681B6A1A437B685B6A9B011A438A
:10EDE0007B689B6A5B08013B1B041A437B68DB6AF8
:10EDF0001B061B4913434B601B4B01221A60FDF796
:10EE00005BFA386108E0FDF757FA02463B69D31A0E
:10EE1000022B01D903235CE0114B1B6803F0007344
:10EE2000002BF0D054E0104B00221A60FDF744FA9A
:10EE3000386108E0FDF740FA02463B69D31A022B1D
:10EE400001D9032345E0064B1B6803F00073002B38
:10EE5000F0D13DE07B689B69012B07D1012338E0AD
:10EE60000038024000700040600047421B4B5B6866
:10EE7000FB607B689B69012B28D0FB6803F4800250
:10EE80007B68DB699A4221D1FB6803F03F027B6813
:10EE90001B6A9A421AD1FA6847F6C07313407A681F
:10EEA000526A9201934211D1FB6803F440327B68AD
:10EEB0009B6A5B08013B1B049A4207D1FB6803F085
:10EEC00070627B68DB6A1B069A4201D0012300E076
:10EED000002318461837BD4680BD00BF00380240E9
:10EEE00080B584B000AF786039607B68002B01D1B9
:10EEF0000123CCE0684B1B6803F00F033A689A4289
:10EF00000CD9654B3A68D2B21A70634B1B6803F098
:10EF10000F033A689A4201D00123B8E07B681B686E
:10EF200003F00203002B20D07B681B6803F004036E
:10EF3000002B05D0594B9B68584A43F4E05393602B
:10EF40007B681B6803F00803002B05D0534B9B68BC
:10EF5000524A43F460439360504B9B6823F0F002A5
:10EF60007B689B684D4913438B607B681B6803F08B
:10EF70000103002B44D07B685B68012B07D1474B12
:10EF80001B6803F40033002B19D101237FE07B6859
:10EF90005B68022B03D07B685B68032B07D13F4B78
:10EFA0001B6803F00073002B09D101236FE03B4B7A
:10EFB0001B6803F00203002B01D1012367E0374BEC
:10EFC0009B6823F003027B685B68344913438B60C2
:10EFD000FDF772F9F8600AE0FDF76EF90246FB688A
:10EFE000D31A41F28832934201D903234FE02B4BCD
:10EFF0009B6803F00C027B685B689B009A42EBD134
:10F00000254B1B6803F00F033A689A420CD2224B3F
:10F010003A68D2B21A70204B1B6803F00F033A68AB
:10F020009A4201D0012332E07B681B6803F004039D
:10F03000002B08D0194B9B6823F4E0527B68DB68F7
:10F04000164913438B607B681B6803F00803002B91
:10F0500009D0124B9B6823F460427B681B69DB007C
:10F060000E4913438B6000F021F802460B4B9B685E
:10F070001B0903F00F030A49CB5C22FA03F3094A88
:10F080001360094B1B681846FBF7C0F800231846AD
:10F090001037BD4680BD00BF003C02400038024032
:10F0A00004DE010864000020C00000202DE9B04FFC
:10F0B00094B000AF00237B640023FB6400233B6417
:10F0C0000023BB64794B9B6803F00C03082B0DD025
:10F0D000082B00F2E180002B02D0042B03D0DBE0F0
:10F0E000734BBB64DBE0734BBB64D8E06F4B5B6876
:10F0F00003F03F037B646D4B5B6803F48003002BDC
:10F1000063D06A4B5B689B090022BB63FA63BB6BED
:10F11000C3F308033B6300237B63D7E90C45224616
:10F120002B464FF000004FF00001590141EAD26137
:10F13000500102460B462146511A3961294663EBBC
:10F1400001037B614FF000024FF00003D7E904ABED
:10F1500059468B01514643EA916351468A01514613
:10F16000B2EB0108594663EB01094FF000024FF082
:10F1700000034FEAC90343EA58734FEAC8029046B6
:10F180009946234618EB0303BB602B4649EB030368
:10F19000FB604FF000024FF00003D7E9024529461B
:10F1A0004B02214643EAD15321464A0210461946F2
:10F1B0007B6C0022BB62FA62D7E90A23F1F774FD87
:10F1C00002460B461346FB6458E0384B5B689B09CC
:10F1D000002218461146C0F308033B6200237B62FD
:10F1E000D7E9088942464B464FF000004FF0000136
:10F1F000590141EAD261500102460B464146B2EB49
:10F20000010A494663EB010B4FF000024FF0000387
:10F210004FEA8B1343EA9A634FEA8A12B2EB0A046D
:10F2200063EB0B054FF000024FF00003EB0043EAE5
:10F230005473E20014461D464346E3183B604B46B8
:10F2400045EB03037B604FF000024FF00003D7E96A
:10F25000004529468B02214643EA915321468A0202
:10F26000104619467B6C0022BB61FA61D7E9062380
:10F27000F1F71AFD02460B461346FB640B4B5B6825
:10F280001B0C03F0030301335B003B64FA6C3B6C23
:10F29000B2FBF3F3BB6402E0054BBB6400BFBB6C85
:10F2A00018465037BD46BDE8B08F00BF0038024059
:10F2B0000024F40000127A0080B400AF034B1B68F6
:10F2C0001846BD465DF8047B704700BF640000200F
:10F2D00080B500AFFFF7F0FF0246054B9B689B0A25
:10F2E00003F007030349CB5C22FA03F3184680BD01
:10F2F0000038024014DE010880B500AFFFF7DCFFE4
:10F300000246054B9B685B0B03F007030349CB5C8C
:10F3100022FA03F3184680BD0038024014DE0108CB
:10F3200080B483B000AF786039607B680F221A60C8
:10F33000124B9B6803F003027B685A600F4B9B687B
:10F3400003F0F0027B689A600C4B9B6803F4E05278
:10F350007B68DA60094B9B68DB0803F4E0527B684A
:10F360001A61074B1B6803F00F023B681A6000BF6D
:10F370000C37BD465DF8047B704700BF0038024083
:10F38000003C024080B582B000AF78607B68002B03
:10F3900001D101231CE07B685B79DBB2002B05D136
:10F3A0007B6800221A717868FAF764FE7B68022293
:10F3B0005A717B681B681A687B681B6842F00402FC
:10F3C0001A607B6801225A717B6800229A600023D0
:10F3D00018460837BD4680BD80B584B000AF786060
:10F3E00039600023FB737B681B79012B01D1022359
:10F3F00044E07B6801221A717B685B79DBB2012BE8
:10F4000033D17B6802225A71FCF756FFB86018E0CE
:10F41000FCF752FF0246BB68D31A022B11D97B6856
:10F420001B685B6803F00103012B0AD07B68012293
:10F430005A717B6802229A607B6800221A7101234C
:10F440001CE07B681B685B6803F00103012BDFD1C4
:10F450007B681B689A687B68DA607B68DA683B685F
:10F460001A607B6801225A7104E07B6804229A606A
:10F470000123FB737B6800221A71FB7B184610374F
:10F48000BD4680BD80B582B000AF78607B68002B40
:10F4900001D101237BE07B685B6A002B08D17B688C
:10F4A0005B68B3F5827F09D07B680022DA6105E0F2
:10F4B0007B6800221A617B6800225A617B68002207
:10F4C0009A627B6893F85130DBB2002B06D17B68DF
:10F4D000002283F850207868FAF724FE7B68022225
:10F4E00083F851207B681B681A687B681B6822F0D0
:10F4F00040021A607B685B6803F482727B689B68D9
:10F5000003F404431A437B68DB6803F400631A4383
:10F510007B681B6903F002031A437B685B6903F095
:10F5200001031A437B689B6903F400731A437B68E9
:10F53000DB6903F038031A437B681B6A03F080031E
:10F5400042EA03017B689B6A03F400527B681B68F4
:10F550000A431A607B689B691B0C03F004017B68FB
:10F560005B6A03F010027B681B680A435A607B6881
:10F570001B68DA697B681B6822F40062DA617B68C9
:10F5800000225A657B68012283F851200023184627
:10F590000837BD4680BD80B588B000AFF860B9605F
:10F5A0003B601346FB800023FB77FB6893F85030E9
:10F5B000012B01D102232DE1FB68012283F85020A9
:10F5C000FCF77AFEB861FB88FB82FB6893F8513048
:10F5D000DBB2012B02D00223FB7716E1BB68002BC4
:10F5E00002D0FB88002B02D10123FB770DE1FB68E1
:10F5F000032283F85120FB6800225A65FB68BA6831
:10F600001A63FB68FA889A86FB68FA88DA86FB68D0
:10F6100000229A63FB6800229A87FB680022DA873F
:10F62000FB6800225A64FB6800221A64FB689B682E
:10F63000B3F5004F0FD1FB681B681A68FB681B68A5
:10F6400022F040021A60FB681B681A68FB681B689E
:10F6500042F480421A60FB681B681B6803F0400399
:10F66000402B07D0FB681B681A68FB681B6842F0D8
:10F6700040021A60FB68DB68B3F5006F4FD1FB688E
:10F680005B68002B02D0FB8A012B42D1FB681B6B0D
:10F690001A88FB681B68DA60FB681B6B9A1CFB68A6
:10F6A0001A63FB68DB8E9BB2013B9AB2FB68DA8679
:10F6B0002FE0FB681B689B6803F00203022B12D14A
:10F6C000FB681B6B1A88FB681B68DA60FB681B6BA6
:10F6D0009A1CFB681A63FB68DB8E9BB2013B9AB2F3
:10F6E000FB68DA8615E0FCF7E7FD0246BB69D31A32
:10F6F0003A689A4203D83B68B3F1FF3F02D13B68B6
:10F70000002B06D10323FB77FB68012283F85120ED
:10F710007BE0FB68DB8E9BB2002BCAD150E0FB681C
:10F720005B68002B02D0FB8A012B44D1FB681A6B6B
:10F73000FB681B680C3312781A70FB681B6B5A1C31
:10F74000FB681A63FB68DB8E9BB2013B9AB2FB68D5
:10F75000DA8630E0FB681B689B6803F00203022B2B
:10F7600013D1FB681A6BFB681B680C3312781A7094
:10F77000FB681B6B5A1CFB681A63FB68DB8E9BB231
:10F78000013B9AB2FB68DA8615E0FCF795FD02466C
:10F79000BB69D31A3A689A4203D83B68B3F1FF3F7A
:10F7A00002D13B68002B06D10323FB77FB680122C3
:10F7B00083F8512029E0FB68DB8E9BB2002BC9D176
:10F7C000BA693968F86800F0DFFB0346002B02D005
:10F7D000FB6820225A65FB689B68002B0AD1002336
:10F7E0003B61FB681B68DB683B61FB681B689B68CF
:10F7F0003B613B69FB685B6D002B02D00123FB770B
:10F8000003E0FB68012283F85120FB68002283F8A3
:10F810005020FB7F18462037BD4680BD80B588B09C
:10F8200002AFF860B9603B601346FB800023FB75B4
:10F83000FB6893F85130DBB2012B02D00223FB7539
:10F84000FBE0FB685B68B3F5827F12D1FB689B68C5
:10F85000002B0ED1FB68042283F85120FA883B6804
:10F8600000931346BA68B968F86800F0EFF80346E9
:10F87000E8E0FB6893F85030012B01D10223E1E06E
:10F88000FB68012283F85020FCF716FD3861BB6845
:10F89000002B02D0FB88002B02D10123FB75CCE0AA
:10F8A000FB68042283F85120FB6800225A65FB683C
:10F8B000BA689A63FB68FA889A87FB68FA88DA87DD
:10F8C000FB6800221A63FB6800229A86FB6800220C
:10F8D000DA86FB6800221A64FB6800225A64FB681F
:10F8E0009B68B3F5004F0FD1FB681B681A68FB6873
:10F8F0001B6822F040021A60FB681B681A68FB68EC
:10F900001B6822F480421A60FB681B681B6803F0C6
:10F910004003402B07D0FB681B681A68FB681B6814
:10F9200042F040021A60FB68DB68002B6AD132E0CB
:10F93000FB681B689B6803F00103012B15D1FB6872
:10F940001B6803F10C02FB689B6B1278D2B21A7031
:10F95000FB689B6B5A1CFB689A63FB68DB8F9BB24E
:10F96000013B9AB2FB68DA8715E0FCF7A5FC02467A
:10F970003B69D31A3A689A4203D83B68B3F1FF3F18
:10F9800002D13B68002B06D10323FB75FB680122E3
:10F9900083F8512051E0FB68DB8F9BB2002BC7D16D
:10F9A00035E0FB681B689B6803F00103012B13D152
:10F9B000FB681B68DA68FB689B6B92B21A80FB6875
:10F9C0009B6B9A1CFB689A63FB68DB8F9BB2013BC5
:10F9D0009AB2FB68DA8715E0FCF76EFC02463B69D9
:10F9E000D31A3A689A4203D83B68B3F1FF3F02D179
:10F9F0003B68002B06D10323FB75FB68012283F8CB
:10FA000051201AE0FB68DB8F9BB2002BC9D13A6909
:10FA10003968F86800F052FA0346002B02D0FB6800
:10FA200020225A65FB685B6D002B02D00123FB7519
:10FA300003E0FB68012283F85120FB68002283F871
:10FA40005020FB7D18461837BD4680BD80B58CB070
:10FA500000AFF860B9607A607B800123FB6200230D
:10FA600087F82B30FB6893F85030012B01D102232B
:10FA700098E1FB68012283F85020FCF71DFC7862B6
:10FA8000FB6893F8513087F82330FB685B68FB61B3
:10FA90007B887B8397F82330012B0FD0FB69B3F56C
:10FAA000827F07D1FB689B68002B03D197F8233036
:10FAB000042B03D0022387F82B306DE1BB68002BA9
:10FAC00005D07B68002B02D07B88002B03D101235B
:10FAD00087F82B3060E1FB6893F85130DBB2042BE0
:10FAE00003D0FB68052283F85120FB6800225A6589
:10FAF000FB687A689A63FB687A88DA87FB687A8899
:10FB00009A87FB68BA681A63FB687A88DA86FB68AA
:10FB10007A889A86FB6800221A64FB6800225A647D
:10FB2000FB681B681B6803F04003402B07D0FB6891
:10FB30001B681A68FB681B6842F040021A60FB6889
:10FB4000DB68B3F5006F7CD1FB685B68002B02D0EB
:10FB50007B8B012B6AD1FB681B6B1A88FB681B68C7
:10FB6000DA60FB681B6B9A1CFB681A63FB68DB8E10
:10FB70009BB2013B9AB2FB68DA8657E0FB681B68D0
:10FB80009B6803F00203022B1BD1FB68DB8E9BB248
:10FB9000002B16D0FB6A012B13D1FB681B6B1A8854
:10FBA000FB681B68DA60FB681B6B9A1CFB681A63B6
:10FBB000FB68DB8E9BB2013B9AB2FB68DA860023BE
:10FBC000FB62FB681B689B6803F00103012B19D1E2
:10FBD000FB68DB8F9BB2002B14D0FB681B68DA68D4
:10FBE000FB689B6B92B21A80FB689B6B9A1CFB684C
:10FBF0009A63FB68DB8F9BB2013B9AB2FB68DA87A2
:10FC00000123FB62FCF758FB02467B6AD31ABA6BEE
:10FC10009A420BD8BB6BB3F1FF3F07D0032387F8A1
:10FC20002B30FB68012283F85120B5E0FB68DB8EA6
:10FC30009BB2002BA2D1FB68DB8F9BB2002B9DD126
:10FC400080E0FB685B68002B02D07B8B012B6FD1BF
:10FC5000FB681A6BFB681B680C3312781A70FB6820
:10FC60001B6B5A1CFB681A63FB68DB8E9BB2013B63
:10FC70009AB2FB68DA865BE0FB681B689B6803F05E
:10FC80000203022B1CD1FB68DB8E9BB2002B17D02A
:10FC9000FB6A012B14D1FB681A6BFB681B680C33E1
:10FCA00012781A70FB681B6B5A1CFB681A63FB689E
:10FCB000DB8E9BB2013B9AB2FB68DA860023FB62C3
:10FCC000FB681B689B6803F00103012B19D1FB68DB
:10FCD000DB8F9BB2002B14D0FB681B68DA68FB68D3
:10FCE0009B6BD2B21A70FB689B6B5A1CFB689A63C1
:10FCF000FB68DB8F9BB2013B9AB2FB68DA8701237A
:10FD0000FB62FCF7D9FA02467B6AD31ABA6B9A42B5
:10FD100003D8BB6BB3F1FF3F02D1BB6B002B07D104
:10FD2000032387F82B30FB68012283F8512033E04E
:10FD3000FB68DB8E9BB2002B9ED1FB68DB8F9BB2F6
:10FD4000002B99D17A6AB96BF86800F01DF9034667
:10FD5000002B06D0012387F82B30FB6820225A6540
:10FD60001AE0FB689B68002B0AD100237B61FB68CB
:10FD70001B68DB687B61FB681B689B687B617B6938
:10FD8000FB685B6D002B03D0012387F82B3003E069
:10FD9000FB68012283F85120FB68002283F8502081
:10FDA00097F82B3018463037BD4680BD80B588B0F7
:10FDB00000AFF860B9603B601346FB71FCF77CFA5A
:10FDC0000246BB6A9B1A3A681344FB61FCF774FA5B
:10FDD000B861394B1B685B011B0DFA6902FB03F329
:10FDE0007B6154E03B68B3F1FF3F50D0FCF764FA0D
:10FDF0000246BB69D31AFA699A4202D9FB69002B01
:10FE00003DD1FB681B685A68FB681B6822F0E00262
:10FE10005A60FB685B68B3F5827F11D1FB689B6811
:10FE2000B3F5004F04D0FB689B68B3F5806F07D132
:10FE3000FB681B681A68FB681B6822F040021A60A6
:10FE4000FB689B6AB3F5005F0FD1FB681B681A68FB
:10FE5000FB681B6822F400521A60FB681B681A6872
:10FE6000FB681B6842F400521A60FB68012283F8A9
:10FE70005120FB68002283F85020032317E07B69A0
:10FE8000002B01D10023FB617B69013B7B61FB6897
:10FE90001B689A68BB681340BA689A420CBF01237A
:10FEA0000023DBB21A46FB799A429BD10023184605
:10FEB0002037BD4680BD00BF6400002080B586B0FD
:10FEC00002AFF860B9607A60FB685B68B3F5827F67
:10FED00011D1FB689B68B3F5004F04D0FB689B68A9
:10FEE000B3F5806F07D1FB681B681A68FB681B6855
:10FEF00022F040021A60FB685B68B3F5827F2AD16A
:10FF0000FB689B68B3F5806F12D07B680093BB6879
:10FF100000228021F868FFF749FF0346002B2DD00F
:10FF2000FB685B6D43F02002FB685A65032326E003
:10FF30007B680093BB6800220121F868FFF736FF59
:10FF40000346002B1AD0FB685B6D43F02002FB6870
:10FF50005A65032313E07B680093BB6800220121EC
:10FF6000F868FFF723FF0346002B07D0FB685B6DA3
:10FF700043F02002FB685A65032300E00023184683
:10FF80001037BD4680BD000080B588B002AFF86074
:10FF9000B9607A607B680093BB6801220221F8682F
:10FFA000FFF704FF0346002B07D0FB685B6D43F0AF
:10FFB0002002FB685A65032332E01B4B1B681B4A77
:10FFC000A2FB03235B0D4FF47A7202FB03F37B6108
:10FFD000FB685B68B3F5827F12D17B680093BB68D6
:10FFE00000228021F868FFF7E1FE0346002B16D0BF
:10FFF000FB685B6D43F02002FB685A6503230FE04A
:020000040801F1
:100000007B69002B0AD07B69013B7B61FB681B6825
:100010009B6803F08003802BF2D000E000BF002338
:1000200018461837BD4680BD64000020819F5E16CB
:1000300080B582B000AF78607B68002B01D10123CE
:1000400041E07B6893F83D30DBB2002B06D17B6842
:10005000002283F83C207868FAF76CFC7B68022267
:1000600083F83D207B681A687B6804331946104684
:1000700000F090FC7B68012283F846207B68012217
:1000800083F83E207B68012283F83F207B680122B1
:1000900083F840207B68012283F841207B6801229D
:1000A00083F842207B68012283F843207B68012289
:1000B00083F844207B68012283F845207B68012275
:1000C00083F83D20002318460837BD4680BD000058
:1000D00080B485B000AF78607B6893F83D30DBB2C8
:1000E000012B01D001234EE07B68022283F83D20E2
:1000F0007B681B68DA687B681B6842F00102DA6083
:100100007B681B68234A934222D07B681B68B3F14B
:10011000804F1DD07B681B681F4A934218D07B68B4
:100120001B681E4A934213D07B681B681C4A93428B
:100130000ED07B681B681B4A934209D07B681B6802
:10014000194A934204D07B681B68184A934211D124
:100150007B681B689B6803F00703FB60FB68062B4A
:1001600010D07B681B681A687B681B6842F001022C
:100170001A6007E07B681B681A687B681B6842F09E
:1001800001021A60002318461437BD465DF8047B4F
:10019000704700BF0000014000040040000800401C
:1001A000000C0040000401400040014000180040E5
:1001B00080B483B000AF78607B681B68DA687B68C6
:1001C0001B6822F00102DA607B681B681A6A41F240
:1001D00011131340002B0FD17B681B681A6A40F281
:1001E00044431340002B07D17B681B681A687B6867
:1001F0001B6822F001021A607B68012283F83D200F
:10020000002318460C37BD465DF8047B704780B567
:1002100082B000AF78607B68002B01D1012341E000
:100220007B6893F83D30DBB2002B06D17B6800225F
:1002300083F83C20786800F039F87B68022283F864
:100240003D207B681A687B6804331946104600F02D
:10025000A1FB7B68012283F846207B68012283F89A
:100260003E207B68012283F83F207B68012283F8CF
:1002700040207B68012283F841207B68012283F8BB
:1002800042207B68012283F843207B68012283F8A7
:1002900044207B68012283F845207B68012283F893
:1002A0003D20002318460837BD4680BD80B483B08A
:1002B00000AF786000BF0C37BD465DF8047B704727
:1002C00080B584B000AF786039603B68002B09D1FD
:1002D0007B6893F83E30DBB2012B14BF012300236F
:1002E000DBB222E03B68042B09D17B6893F83F30F6
:1002F000DBB2012B14BF01230023DBB215E03B6806
:10030000082B09D17B6893F84030DBB2012B14BF76
:1003100001230023DBB208E07B6893F84130DBB2B5
:10032000012B14BF01230023DBB2002B01D00123DA
:100330007CE03B68002B04D17B68022283F83E20DE
:1003400013E03B68042B04D17B68022283F83F2032
:100350000BE03B68082B04D17B68022283F8402025
:1003600003E07B68022283F841207B681B6801223E
:100370003968184600F004FE7B681B682D4A9342DA
:1003800004D07B681B682C4A934201D1012300E012
:100390000023002B07D07B681B685A6C7B681B68A6
:1003A00042F400425A647B681B68224A934222D07E
:1003B0007B681B68B3F1804F1DD07B681B681F4AA8
:1003C000934218D07B681B681D4A934213D07B6808
:1003D0001B681C4A93420ED07B681B68164A9342E6
:1003E00009D07B681B68184A934204D07B681B685D
:1003F000164A934211D17B681B689B6803F0070380
:10040000FB60FB68062B10D07B681B681A687B6852
:100410001B6842F001021A6007E07B681B681A68DB
:100420007B681B6842F001021A60002318461037EF
:10043000BD4680BD000001400004014000040040B2
:1004400000080040000C004000400140001800403F
:1004500080B584B000AF78607B681B68DB68FB60A8
:100460007B681B681B69BB60BB6803F00203002B41
:1004700020D0FB6803F00203002B1BD07B681B68B5
:100480006FF002021A617B6801221A777B681B6891
:100490009B6903F00303002B03D0786800F05BFA3C
:1004A00005E0786800F04DFA786800F05EFA7B6845
:1004B00000221A77BB6803F00403002B20D0FB68EE
:1004C00003F00403002B1BD07B681B686FF0040251
:1004D0001A617B6802221A777B681B689B6903F4A8
:1004E0004073002B03D0786800F035FA05E0786897
:1004F00000F027FA786800F038FA7B6800221A7753
:10050000BB6803F00803002B20D0FB6803F008034E
:10051000002B1BD07B681B686FF008021A617B6898
:1005200004221A777B681B68DB6903F00303002B46
:1005300003D0786800F00FFA05E0786800F001FA5F
:10054000786800F012FA7B6800221A77BB6803F023
:100550001003002B20D0FB6803F01003002B1BD0EE
:100560007B681B686FF010021A617B6808221A779B
:100570007B681B68DB6903F44073002B03D0786849
:1005800000F0E9F905E0786800F0DBF9786800F040
:10059000ECF97B6800221A77BB6803F00103002B9B
:1005A0000CD0FB6803F00103002B07D07B681B68AD
:1005B0006FF001021A617868F9F726FDBB6803F055
:1005C0008003002B0CD0FB6803F08003002B07D0C6
:1005D0007B681B686FF080021A61786800F07CFD10
:1005E000BB6803F04003002B0CD0FB6803F0400312
:1005F000002B07D07B681B686FF040021A61786897
:1006000000F0BDF9BB6803F02003002B0CD0FB68A1
:1006100003F02003002B07D07B681B686FF02002DB
:100620001A61786800F04EFD00BF1037BD4680BDEE
:1006300080B586B000AFF860B9607A600023FB75C2
:10064000FB6893F83C30012B01D10223AEE0FB683C
:10065000012283F83C207B680C2B00F29F8001A2D2
:1006600052F823F0990601089D0701089D0701082B
:100670009D070108D90601089D0701089D0701088B
:100680009D0701081B0701089D0701089D07010838
:100690009D0701085B070108FB681B68B9681846DD
:1006A00000F024FAFB681B689A69FB681B6842F03B
:1006B00008029A61FB681B689A69FB681B6822F054
:1006C00004029A61FB681B689969BB681A69FB6838
:1006D0001B680A439A6164E0FB681B68B9681846A6
:1006E00000F074FAFB681B689A69FB681B6842F4A7
:1006F00000629A61FB681B689A69FB681B6822F4B8
:1007000080629A61FB681B689969BB681B691A0261
:10071000FB681B680A439A6143E0FB681B68B96881
:10072000184600F0C9FAFB681B68DA69FB681B68A9
:1007300042F00802DA61FB681B68DA69FB681B6833
:1007400022F00402DA61FB681B68D969BB681A6988
:10075000FB681B680A43DA6123E0FB681B68B96821
:10076000184600F01DFBFB681B68DA69FB681B6814
:1007700042F40062DA61FB681B68DA69FB681B6897
:1007800022F48062DA61FB681B68D969BB681B6967
:100790001A02FB681B680A43DA6102E00123FB7559
:1007A00000BFFB68002283F83C20FB7D1846183709
:1007B000BD4680BD80B584B000AF7860396000234D
:1007C000FB737B6893F83C30012B01D10223B4E02A
:1007D0007B68012283F83C207B68022283F83D205D
:1007E0007B681B689B68BB60BB6823F07703BB60BA
:1007F000BB6823F47F43BB607B681B68BA689A6060
:100800003B681B68B3F5005F3ED0B3F5005F00F2B4
:100810008780B3F5805F00F08680B3F5805F7FD876
:10082000702B1AD0702B7BD8602B50D0602B77D8D0
:10083000502B3CD0502B73D8402B58D0402B6FD826
:10084000302B64D0302B6BD8202B60D0202B67D876
:10085000002B5CD0102B5AD062E07B6818683B6894
:1008600099683B685A683B68DB6800F069FB7B6805
:100870001B689B68BB60BB6843F07703BB607B6809
:100880001B68BA689A604FE07B6818683B68996893
:100890003B685A683B68DB6800F052FB7B681B686A
:1008A0009A687B681B6842F480429A603CE07B68EF
:1008B00018683B6859683B68DB681A4600F0C6FA5E
:1008C0007B681B685021184600F01FFB2CE07B68FA
:1008D00018683B6859683B68DB681A4600F0E5FA1F
:1008E0007B681B686021184600F00FFB1CE07B68EA
:1008F00018683B6859683B68DB681A4600F0A6FA3E
:100900007B681B684021184600F0FFFA0CE07B680A
:100910001A683B681B681946104600F0F6FA03E0B7
:100920000123FB7300E000BF7B68012283F83D20B8
:100930007B68002283F83C20FB7B18461037BD46BD
:1009400080BD80B483B000AF786000BF0C37BD4677
:100950005DF8047B704780B483B000AF786000BF5F
:100960000C37BD465DF8047B704780B483B000AFA0
:10097000786000BF0C37BD465DF8047B704780B4DB
:1009800083B000AF786000BF0C37BD465DF8047BD4
:100990007047000080B485B000AF786039607B6834
:1009A0001B68FB607B68464A934213D07B68B3F1B7
:1009B000804F0FD07B68434A93420BD07B68424AFA
:1009C000934207D07B68414A934203D07B68404AF8
:1009D000934208D1FB6823F07003FB603B685B68BF
:1009E000FA681343FB607B68354A93422BD07B68DF
:1009F000B3F1804F27D07B68324A934223D07B6883
:100A0000314A93421FD07B68304A93421BD07B68A7
:100A10002F4A934217D07B682E4A934213D07B68AB
:100A20002D4A93420FD07B682C4A93420BD07B68AF
:100A30002B4A934207D07B682A4A934203D07B68B3
:100A4000294A934208D1FB6823F44073FB603B685A
:100A5000DB68FA681343FB60FB6823F080023B68A5
:100A60005B691343FB607B68FA681A603B689A68AD
:100A70007B68DA623B681A687B689A627B68104A16
:100A8000934203D07B68124A934203D13B681A69B0
:100A90007B681A637B6801225A617B681B6903F0DB
:100AA0000103012B05D17B681B6923F001027B68E0
:100AB0001A6100BF1437BD465DF8047B704700BF64
:100AC000000001400004004000080040000C00400D
:100AD0000004014000400140004401400048014042
:100AE00000180040001C00400020004080B487B087
:100AF00000AF786039607B681B6A7B617B681B6A2A
:100B000023F001027B681A627B685B683B617B684B
:100B10009B69FB60FB6823F07003FB60FB6823F0BC
:100B20000303FB603B681B68FA681343FB607B6947
:100B300023F002037B613B689B687A6913437B6106
:100B40007B68204A934203D07B681F4A93420CD1B2
:100B50007B6923F008037B613B68DB687A69134398
:100B60007B617B6923F004037B617B68154A9342B8
:100B700003D07B68144A934211D13B6923F48073FC
:100B80003B613B6923F400733B613B685B693A69F5
:100B900013433B613B689B693A6913433B617B6844
:100BA0003A695A607B68FA689A613B685A687B6860
:100BB0005A637B687A691A6200BF1C37BD465DF8CC
:100BC000047B7047000001400004014080B487B0FE
:100BD00000AF786039607B681B6A7B617B681B6A49
:100BE00023F010027B681A627B685B683B617B685C
:100BF0009B69FB60FB6823F4E043FB60FB6823F424
:100C00004073FB603B681B681B02FA681343FB6080
:100C10007B6923F020037B613B689B681B017A6939
:100C200013437B617B68224A934203D07B68214A4D
:100C300093420DD17B6923F080037B613B68DB68C5
:100C40001B017A6913437B617B6923F040037B615D
:100C50007B68174A934203D07B68164A934213D1AC
:100C60003B6923F480633B613B6923F400633B6190
:100C70003B685B699B003A6913433B613B689B6936
:100C80009B003A6913433B617B683A695A607B6811
:100C9000FA689A613B685A687B689A637B687A69EC
:100CA0001A6200BF1C37BD465DF8047B704700BF69
:100CB000000001400004014080B487B000AF7860BC
:100CC00039607B681B6A7B617B681B6A23F48072D6
:100CD0007B681A627B685B683B617B68DB69FB60F1
:100CE000FB6823F07003FB60FB6823F00303FB60E9
:100CF0003B681B68FA681343FB607B6923F400734D
:100D00007B613B689B681B027A6913437B617B684C
:100D1000214A934203D07B68204A93420DD17B69DC
:100D200023F400637B613B68DB681B027A69134331
:100D30007B617B6923F480637B617B68164A934205
:100D400003D07B68154A934213D13B6923F4805347
:100D50003B613B6923F400533B613B685B691B01CA
:100D60003A6913433B613B689B691B013A69134332
:100D70003B617B683A695A607B68FA68DA613B6874
:100D80005A687B68DA637B687A691A6200BF1C372D
:100D9000BD465DF8047B704700000140000401403F
:100DA00080B487B000AF786039607B681B6A3B61B4
:100DB0007B681B6A23F480527B681A627B685B68DD
:100DC0007B617B68DB69FB60FB6823F4E043FB60CD
:100DD000FB6823F44073FB603B681B681B02FA68E6
:100DE0001343FB603B6923F400533B613B689B6802
:100DF0001B033A6913433B617B68124A934203D059
:100E00007B68114A934209D17B6923F480437B615B
:100E10003B685B699B017A6913437B617B687A69F4
:100E20005A607B68FA68DA613B685A687B681A64C2
:100E30007B683A691A6200BF1C37BD465DF8047BC7
:100E4000704700BF000001400004014080B487B03B
:100E500000AFF860B9607A60FB681B6A7B61FB6871
:100E60001B6A23F00102FB681A62FB689B693B6105
:100E70003B6923F0F0033B617B681B013A69134334
:100E80003B617B6923F00A037B617A69BB6813438A
:100E90007B61FB683A699A61FB687A691A6200BFF4
:100EA0001C37BD465DF8047B704780B487B000AF47
:100EB000F860B9607A60FB681B6A7B61FB681B6A3B
:100EC00023F01002FB681A62FB689B693B613B6977
:100ED00023F470433B617B681B033A6913433B6116
:100EE0007B6923F0A0037B61BB681B017A69134314
:100EF0007B61FB683A699A61FB687A691A6200BF94
:100F00001C37BD465DF8047B704780B485B000AFE8
:100F1000786039607B689B68FB60FB6823F0700336
:100F2000FB603A68FB68134343F00703FB607B6890
:100F3000FA689A6000BF1437BD465DF8047B7047BD
:100F400080B487B000AFF860B9607A603B60FB683E
:100F50009B687B617B6923F47F437B613B681A025A
:100F60007B681A43BB6813437A6913437B61FB6850
:100F70007A699A6000BF1C37BD465DF8047B7047F4
:100F800080B487B000AFF860B9607A60BB6803F0E6
:100F90001F03012202FA03F37B61FB681A6A7B6973
:100FA000DB431A40FB681A62FB681A6ABB6803F0ED
:100FB0001F03796801FA03F31A43FB681A6200BF42
:100FC0001C37BD465DF8047B7047000080B485B0D7
:100FD00000AF786039607B6893F83C30012B01D119
:100FE00002235AE07B68012283F83C207B680222BE
:100FF00083F83D207B681B685B68FB607B681B682F
:101000009B68BB60FB6823F07003FB603B681B6858
:10101000FA681343FB607B681B68FA685A607B6858
:101020001B68214A934222D07B681B68B3F1804F32
:101030001DD07B681B681D4A934218D07B681B68D3
:101040001B4A934213D07B681B681A4A93420ED006
:101050007B681B68184A934209D07B681B68174A53
:10106000934204D07B681B68154A93420CD1BB683D
:1010700023F08003BB603B685B68BA681343BB60C6
:101080007B681B68BA689A607B68012283F83D2000
:101090007B68002283F83C20002318461437BD46A5
:1010A0005DF8047B704700BF000001400004004071
:1010B00000080040000C00400004014000400140D6
:1010C0000018004080B483B000AF786000BF0C37D8
:1010D000BD465DF8047B704780B483B000AF786094
:1010E00000BF0C37BD465DF8047B704780B582B009
:1010F00000AF78607B68002B01D1012342E07B6860
:1011000093F84130DBB2002B06D17B68002283F8D4
:1011100040207868F9F786FD7B68242283F8412017
:101120007B681B68DA687B681B6822F40052DA600F
:10113000786800F0D1FD7B681B681A697B681B68C2
:1011400022F490421A617B681B685A697B681B68AD
:1011500022F02A025A617B681B68DA687B681B6888
:1011600042F40052DA607B6800225A647B682022D5
:1011700083F841207B68202283F842207B6800228C
:101180005A63002318460837BD4680BD80B58AB033
:1011900002AFF860B9603B601346FB8000237B61BF
:1011A000FB6893F84130DBB2202B75D1BB68002B74
:1011B00002D0FB88002B01D101236EE0FB680022E6
:1011C0005A64FB68212283F84120FBF775F87861A7
:1011D000FB68FA889A84FB68FA88DA84FB689B6863
:1011E000B3F5805F08D1FB681B69002B04D1002395
:1011F000FB61BB68BB6103E0BB68FB610023BB61B3
:101200002EE03B6800937B6900228021F86800F0A3
:1012100033FB0346002B05D0FB68202283F84120D6
:1012200003233AE0FB69002B0BD1BB691B881A46EC
:10123000FB681B68C2F308025A60BB690233BB61DA
:1012400007E0FB691A78FB681B685A60FB69013389
:10125000FB61FB68DB8C9BB2013B9AB2FB68DA84D2
:10126000FB68DB8C9BB2002BCBD13B6800937B6986
:1012700000224021F86800F0FFFA0346002B05D059
:10128000FB68202283F84120032306E0FB6820222C
:1012900083F84120002300E0022318462037BD4692
:1012A00080BD80B584B000AFF860B9601346FB80A4
:1012B000FB6893F84230DBB2202B12D1BB68002BC5
:1012C00002D0FB88002B01D101230BE0FB68002238
:1012D0001A63FB881A46B968F86800F026FB0346D3
:1012E00000E0022318461037BD4680BD80B5BAB075
:1012F00000AF78607B681B681B68C7F8E4307B68C8
:101300001B68DB68C7F8E0307B681B685B69C7F85F
:10131000DC300023C7F8D8300023C7F8D430D7F822
:10132000E43003F00F03C7F8D830D7F8D830002BDB
:101330000FD1D7F8E43003F02003002B09D0D7F801
:10134000E03003F02003002B03D0786800F006FCA7
:101350005BE2D7F8D830002B00F0DE80D7F8DC3025
:1013600003F00103002B06D1D7F8E03003F49073AB
:10137000002B00F0D180D7F8E43003F00103002BFC
:101380000BD0D7F8E03003F48073002B05D07B68D6
:101390005B6C43F001027B685A64D7F8E43003F0D9
:1013A0000403002B0BD0D7F8DC3003F00103002B33
:1013B00005D07B685B6C43F002027B685A64D7F807
:1013C000E43003F00203002B0BD0D7F8DC3003F03D
:1013D0000103002B05D07B685B6C43F004027B6843
:1013E0005A64D7F8E43003F00803002B11D0D7F883
:1013F000E03003F02003002B05D1D7F8DC3003F0F8
:101400000103002B05D07B685B6C43F008027B680E
:101410005A647B685B6C002B00F0F281D7F8E430F3
:1014200003F02003002B08D0D7F8E03003F02003AE
:10143000002B02D0786800F091FB7B681B685B6929
:1014400003F04003402B0CBF01230023DBB2C7F89D
:10145000D4307B685B6C03F00803002B03D1D7F812
:10146000D430002B4FD0786800F099FA7B681B6865
:101470005B6903F04003402B41D17B681B68143348
:10148000C7F89C30D7F89C3053E8003FC7F8983035
:10149000D7F8983023F04003C7F8D0307B681B683A
:1014A0001433D7F8D020C7F8A820C7F8A430D7F84D
:1014B000A410D7F8A82041E80023C7F8A030D7F837
:1014C000A030002BD9D17B68DB6B002B13D07B685D
:1014D000DB6B7E4A1A657B68DB6B1846FBF744FDC5
:1014E0000346002B16D07B68DB6B1B6D7A68D26BD2
:1014F000104698470EE0786800F08AF90AE07868AC
:1015000000F086F906E0786800F082F97B68002236
:101510005A6475E100BF73E17B681B6B012B40F0DF
:101520004F81D7F8E43003F01003002B00F048811E
:10153000D7F8E03003F01003002B00F041810023C6
:10154000BB607B681B681B68BB607B681B685B6853
:10155000BB60BB687B681B685B6903F04003402B82
:1015600040F0B6807B68DB6B1B685B68A7F8BE3019
:10157000B7F8BE30002B00F045817B689B8DB7F833
:10158000BE209A4280F03E817B68B7F8BE20DA85A3
:101590007B68DB6BDB69B3F5807F00F088807B685C
:1015A0001B680C33C7F88830D7F8883053E8003F01
:1015B000C7F88430D7F8843023F48073C7F8B83084
:1015C0007B681B680C33D7F8B820C7F89420C7F89D
:1015D0009030D7F89010D7F8942041E80023C7F84E
:1015E0008C30D7F88C30002BD9D17B681B68143332
:1015F0007B677B6F53E8003F3B673B6F23F0010342
:10160000C7F8B4307B681B681433D7F8B420C7F828
:101610008020FB67F96FD7F8802041E80023BB6783
:10162000BB6F002BE1D17B681B6814333B663B6EBC
:1016300053E8003FFB65FB6D23F04003C7F8B03073
:101640007B681B681433D7F8B020FA66BB66B96EA6
:10165000FA6E41E800237B667B6E002BE3D17B684A
:10166000202283F842207B6800221A637B681B6873
:101670000C33FB64FB6C53E8003FBB64BB6C23F092
:101680001003C7F8AC307B681B680C33D7F8AC206C
:10169000BA657B65796DBA6D41E800233B653B6DAA
:1016A000002BE3D17B68DB6B1846FBF7EDFB7B6817
:1016B00002225A637B689A8D7B68DB8D9BB2D31ABA
:1016C0009BB21946786800F0ADF89BE0651A0108F6
:1016D0007B689A8D7B68DB8D9BB2D31AA7F8CE30DE
:1016E0007B68DB8D9BB2002B00F08E80B7F8CE308C
:1016F000002B00F089807B681B680C33BB63BB6BDD
:1017000053E8003F7B637B6B23F49073C7F8C830CA
:101710007B681B680C33D7F8C8207A643B64396C4B
:101720007A6C41E80023FB63FB6B002BE3D17B6801
:101730001B6814337B627B6A53E8003F3B623B6A61
:1017400023F00103C7F8C4307B681B681433D7F853
:10175000C4203A63FB62F96A3A6B41E80023BB623A
:10176000BB6A002BE3D17B68202283F842207B6890
:1017700000221A637B681B680C333B613B6953E8AA
:10178000003FFB60FB6823F01003C7F8C0307B68A4
:101790001B680C33D7F8C020FA61BB61B969FA69DC
:1017A00041E800237B617B69002BE3D17B68022247
:1017B0005A63B7F8CE301946786800F033F823E062
:1017C000D7F8E43003F08003002B09D0D7F8E030DD
:1017D00003F08003002B03D0786800F057F914E081
:1017E000D7F8E43003F04003002B0ED0D7F8E030F8
:1017F00003F04003002B08D0786800F097F904E06C
:1018000000BF02E000BF00E000BFE837BD4680BD7A
:1018100080B483B000AF786000BF0C37BD465DF880
:10182000047B704780B483B000AF78600B467B8048
:1018300000BF0C37BD465DF8047B704780B485B0AF
:1018400000AF78600023FB600023BB607B6893F8E7
:101850004130DBB2FB607B6893F84230DBB2BB60A7
:10186000FB68DAB2BB68DBB21343DBB2184614374D
:10187000BD465DF8047B704780B586B000AFF86068
:10188000B9603B601346FB713BE03B6AB3F1FF3F3D
:1018900037D0FAF711FD02463B68D31A3A6A9A42EA
:1018A00002D33B6A002B01D103233AE0FB681B689B
:1018B000DB6803F00403002B23D0BB68802B20D00F
:1018C000BB68402B1DD0FB681B681B6803F0080336
:1018D000082B16D100237B61FB681B681B687B61AA
:1018E000FB681B685B687B617B69F86800F057F8F0
:1018F000FB6808225A64FB68002283F84020012319
:101900000FE0FB681B681A68BB681340BA689A420C
:101910000CBF01230023DBB21A46FB799A42B4D0F4
:10192000002318461837BD4680BD80B485B000AF8F
:10193000F860B9601346FB80FB68BA689A62FB687E
:10194000FA889A85FB68FA88DA85FB6800225A646F
:10195000FB68222283F84220FB681B69002B07D01A
:10196000FB681B68DA68FB681B6842F48072DA6007
:10197000FB681B685A69FB681B6842F001025A61E8
:10198000FB681B68DA68FB681B6842F02002DA60BB
:10199000002318461437BD465DF8047B704780B4B9
:1019A00095B000AF78607B681B680C337B637B6B02
:1019B00053E8003F3B633B6B23F49073FB647B680D
:1019C0001B680C33FA6C3A64FB63F96B3A6C41E8C0
:1019D0000023BB63BB6B002BE5D17B681B68143312
:1019E0003B623B6A53E8003FFB61FB6923F0010364
:1019F000BB647B681B681433BA6CFA62BB62B96A59
:101A0000FA6A41E800237B627B6A002BE5D17B68A0
:101A10001B6B012B19D17B681B680C33FB60FB68C7
:101A200053E8003FBB60BB6823F010037B647B6816
:101A30001B680C337A6CBA617B617969BA6941E8D9
:101A400000233B613B69002BE5D17B68202283F8B2
:101A500042207B6800221A6300BF5437BD465DF800
:101A6000047B704780B584B000AF78607B689B6B67
:101A7000FB60FB680022DA85FB680022DA84F868E4
:101A8000FFF7C6FE00BF1037BD4680BD80B485B0ED
:101A900000AF78607B6893F84130DBB2212B3ED1F8
:101AA0007B689B68B3F5805F14D17B681B69002B52
:101AB00010D17B681B6AFB60FB681B881A467B6839
:101AC0001B68C2F308025A607B681B6A9A1C7B6819
:101AD0001A6208E07B681B6A591C7A6811621A78DE
:101AE0007B681B685A607B68DB8C9BB2013B9BB2B6
:101AF0007A681946D184002B0FD17B681B68DA689D
:101B00007B681B6822F08002DA607B681B68DA68F9
:101B10007B681B6842F04002DA60002300E0022389
:101B200018461437BD465DF8047B704780B582B017
:101B300000AF78607B681B68DA687B681B6822F0FE
:101B40004002DA607B68202283F84120786802F046
:101B500091FF002318460837BD4680BD80B58CB084
:101B600000AF78607B6893F84230DBB2222B40F004
:101B7000AE807B689B68B3F5805F17D17B681B697B
:101B8000002B13D10023FB627B689B6ABB627B68DE
:101B90001B685B689BB2C3F308039AB2BB6A1A80E6
:101BA0007B689B6A9A1C7B689A6226E07B689B6ACA
:101BB000FB620023BB627B689B68B3F5805F07D044
:101BC0007B689B68002B0AD17B681B69002B06D1C0
:101BD0007B681B685B68DAB2FB6A1A7008E07B6896
:101BE0001B685B68DBB203F07F03DAB2FB6A1A7032
:101BF0007B689B6A5A1C7B689A627B68DB8D9BB210
:101C0000013B9BB27A681946D185002B5DD17B6878
:101C10001B68DA687B681B6822F02002DA607B6848
:101C20001B68DA687B681B6822F48072DA607B6864
:101C30001B685A697B681B6822F001025A617B6845
:101C4000202283F842207B6800225A637B681B6B4A
:101C5000012B35D17B6800221A637B681B680C332B
:101C60007B617B6953E8003F3B613B6923F01003D4
:101C70007B627B681B680C337A6A3A62FB61F969A4
:101C80003A6A41E80023BB61BB69002BE5D17B6860
:101C90001B681B6803F01003102B0AD10023FB60A4
:101CA0007B681B681B68FB607B681B685B68FB606C
:101CB000FB687B689B8D19467868FFF7B3FD02E0EF
:101CC000786802F0BFFE002302E0002300E0022358
:101CD00018463037BD4680BD2DE9B04FC0B000AFCB
:101CE000C7F8F400D7F8F4301B681B6923F44050A0
:101CF000D7F8F430D968D7F8F4301A6840EA01030D
:101D00001361D7F8F4309A68D7F8F4301B691A4396
:101D1000D7F8F4305B691A43D7F8F430DB69134322
:101D2000C7F8F830D7F8F4301B68DB6823F41641A5
:101D300021F00C01D7F8F4301A68D7F8F8300B43CB
:101D4000D360D7F8F4301B685B6923F44070D7F890
:101D5000F4309969D7F8F4301A6840EA0103536106
:101D6000D7F8F4301A688F4B9A4205D0D7F8F43080
:101D70001A688D4B9A4204D1FDF7BEFAC7F8FC00F1
:101D800003E0FDF7A5FAC7F8FC00D7F8F430DB69EB
:101D9000B3F5004F40F00C81D7F8FC300022C7F8B3
:101DA000E830C7F8EC20D7E93A4522462B4691188F
:101DB000B9655B41FB65D7E91623214612EB0108A3
:101DC000294643EB01094FF000024FF000034FEAB0
:101DD000C90343EA58734FEAC8029046994623461E
:101DE00018EB0303C7F8E0302B4649EB0303C7F8B1
:101DF000E430D7F8F4305B680022C7F8D830C7F871
:101E0000DC20D7E936120B46DB183B65134642EB64
:101E100003037B65D7E91423D7E93801EEF744FFC4
:101E200002460B46614BA3FB02235B091C01D7F85A
:101E3000FC300022C7F8D030C7F8D420D7E9348965
:101E400042464B469118B9645B41FB64D7E91223C3
:101E5000414612EB010A494643EB010B4FF00002E9
:101E60004FF000034FEACB0343EA5A734FEACA022A
:101E700092469B4643461AEB0303C7F8C8304B46CD
:101E80004BEB0303C7F8CC30D7F8F4305B68002283
:101E9000C7F8C030C7F8C420D7E930120B46DB18AA
:101EA0003B64134642EB03037B64D7E91023D7E975
:101EB0003201EEF7F9FE02460B4611463B4BA3FBFF
:101EC00001235B09642202FB03F3CB1ADB0003F15D
:101ED0003202364BA3FB02235B095B0003F4F87369
:101EE0001C44D7F8FC300022C7F8B830C7F8BC2033
:101EF000D7E92E8942464B469118B9635B41FB6393
:101F0000D7E90E2341465118396349464B417B635B
:101F10004FF000024FF00003D7E90CAB5946CB005D
:101F2000514643EA51735146CA00104619460346CA
:101F300042469B18C7F8B0304B460A4642EB0303B3
:101F4000C7F8B430D7F8F4305B680022C7F8A8307F
:101F5000C7F8AC20D7E92A120B46DB18BB62134640
:101F600042EB0303FB62D7E90A23D7E92C01EEF722
:101F70009BFE02460B460D4BA3FB02135B0964213B
:101F800001FB03F3D31ADB003233084AA2FB03231D
:101F90005B0903F00702D7F8F4301B6822449A600B
:101FA00006E100BF00100140001401401F85EB5105
:101FB000D7F8FC300022C7F8A030C7F8A420D7E932
:101FC000288942464B46911839625B417B62D7E9CA
:101FD000082341465418494643EB01054FF00002DF
:101FE0004FF00003EB0043EA5473E20014461D4631
:101FF0004346E318C7F898304B4645EB0303C7F850
:102000009C30D7F8F4305B680022C7F89030C7F8EE
:1020100094204FF000024FF00003D7E924452946F1
:102020008B00214643EA917321468A00D7E92601B5
:10203000EEF73AFE02460B46604BA3FB02235B0918
:102040001C01D7F8FC300022C7F88830C7F88C2074
:10205000D7E9228942464B469118B9615B41FB6141
:10206000D7E9062341465118396149464B417B6106
:102070004FF000024FF00003D7E904AB5946CB0004
:10208000514643EA51735146CA0010461946034669
:1020900042469B18C7F880304B460A4642EB030382
:1020A000C7F88430D7F8F4305B680022BB67FA6762
:1020B0004FF000024FF00003D7E91E8949468B001C
:1020C000414643EA917341468A00D7E92001EEF781
:1020D000EBFD02460B461146384BA3FB01235B097F
:1020E000642202FB03F3CB1A1B013233334AA2FBF7
:1020F00003235B0903F0F0031C44D7F8FC300022F3
:102100003B677A67D7E91C8942464B469118B9600C
:102110005B41FB60D7E902234146511839604946CB
:102120004B417B604FF000024FF00003D7E900AB5A
:102130005946CB00514643EA51735146CA001046F6
:102140001946034642469B18BB664B460A4642EB7D
:102150000303FB66D7F8F4305B6800223B667A66BF
:102160004FF000024FF00003D7E9188949468B0071
:10217000414643EA917341468A00D7E91A01EEF7D6
:1021800093FD02460B460D4BA3FB02135B09642132
:1021900001FB03F3D31A1B013233084AA2FB0323CA
:1021A0005B0903F00F02D7F8F4301B6822449A60F1
:1021B00000BF07F58077BD46BDE8B08F1F85EB51A6
:1021C00080B584B000AF7860786800F025F8114BD6
:1021D0001B681846FAF708F90E4B1B684FF4FA71A2
:1021E0001846FAF706FA0B4B1B681846FAF78CFAF2
:1021F00003469BB2184600F029F80346FB81054BC5
:102200001B681846FAF7C2F9FB8918461037BD4615
:1022100080BD00BFC800002080B582B000AF7860EC
:10222000084B1B687A689A4208D0064A7B6813609C
:10223000054B1B6803491846FAF774FA00BF0837C4
:10224000BD4680BDCC000020C800002080B52DED2B
:10225000028B82B000AF0346FB80FB884FF47A729A
:1022600002FB03F307EE903AF8EEE77A9FED0B7A64
:1022700027EE878A00F014F8034607EE903AB8EE8E
:10228000E77AC8EE077AFCEEE77A17EE903A9BB24F
:1022900018460837BD46BDEC028B80BD3333534032
:1022A00080B400AF134B1B88002B1CD1124B1B6852
:1022B0009B68002B13D0104B1B689B68B3F1807F89
:1022C0000AD00D4B1B689B68B3F1007F02D14FF41D
:1022D000807306E0402304E04FF4806301E04FF494
:1022E0008053044A1380034B1B881846BD465DF893
:1022F000047B7047B81C0020C800002080B584B063
:1023000000AF0346FB71FB79184602F0C7F90520C0
:1023100003F004FC0020FFF753FF0346FB81FB8919
:1023200018461037BD4680BD80B483B000AF034669
:10233000FB71FA79064913469B0013449B000B443A
:1023400008331B7818460C37BD465DF8047B704790
:10235000DC00002080B584B000AF786000F07AF82F
:102360000346FB8100F010F9FB89002B01D100F03E
:102370006FF900BF1037BD4680BD000080B584B046
:1023800000AF0346FB800023FB8114E0FA890E496D
:1023900013469B0013449B000B441B88FA889A4207
:1023A00006D1FB89DBB2184600F010F800F034F9D2
:1023B000FB890133FB81FB89002BE7D000BF00BF05
:1023C0001037BD4680BD00BFDC00002080B483B064
:1023D00000AF0346FB71FA791C4913469B00134476
:1023E0009B000B440A331B881A4613469B00134478
:1023F0009B001A46164B1B68DB68B2FBF3F3FA79B5
:1024000098B2124913469B0013449B000B440C33B3
:1024100002461A80FA790D4913469B0013449B002B
:102420000B440C331B88002B09D1FA79074913465A
:102430009B0013449B000B440C3301221A8000BF05
:102440000C37BD465DF8047B704700BFDC00002000
:10245000F000002080B582B000AF0023FB80002395
:10246000BB800DE0BB88DBB2184600F011F80346D4
:10247000002B02D0FB880133FB80BB880133BB807B
:10248000BB88002BEED0FB8818460837BD4680BDC0
:1024900080B584B000AF0346FB71FA793949134621
:1024A0009B0013449B000B440C331B88002B63D010
:1024B000FA79344913469B0013449B000B440C33B8
:1024C0001B88013B98B22F4913469B0013449B0085
:1024D0000B440C3302461A80FA792A4913469B00B2
:1024E00013449B000B440C331B88002B42D1FA7918
:1024F000244913469B0013449B000B440433186883
:10250000FA79204913469B0013449B000B441B8817
:102510001946FBF743F90346FB73FA791949134649
:102520009B0013449B000B4409331B78FA7B9A42AF
:102530000AD1FA79134913469B0013449B000B44BC
:10254000083301221A7009E0FA790E4913469B00FC
:1025500013449B000B44083300221A70FA7909498E
:1025600013469B0013449B000B440E3301221A7048
:10257000002302E0012300E0002318461037BD4687
:1025800080BD00BFDC00002080B582B000AF00231A
:10259000FB8036E0FA881F4913469B0013449B00DA
:1025A0000B440E331B78002B28D0FA8819491346A8
:1025B0009B0013449B000B440E3300221A70FA88D0
:1025C000144913469B0013449B000B4410331B68B3
:1025D000002B13D0FA880F4913469B0013449B002D
:1025E0000B4410331968FA880A4813469B001344B9
:1025F0009B00034408331B7818468847FB88013347
:10260000FB80FB88002BC5D000BF00BF0837BD464C
:1026100080BD00BFDC00002080B500AF0B4B1B79F4
:10262000002B11D1094B01221A71084B1B68184667
:10263000FDF7BEFD054B1B681B6800225A62034B69
:102640001B681846FDF744FD00BF80BDF000002068
:1026500080B500AF044B1B681846FDF7A9FD024B7F
:1026600000221A7100BF80BDF000002080B584B048
:1026700000AF78600023FB734FF6FF73BB813B898B
:102680006FF308033B817B7A6FF346037B727B7A9F
:1026900043F080037B7207F10C020223002178686B
:1026A00000F028FB0346FB73FB7B002B04D178680A
:1026B00000F01CF80346FB73FB7B002B08D107F1ED
:1026C000080202233021786800F014FB0346FB73F4
:1026D000FB7B002B02D1044B01221A70FB7B1846B6
:1026E0001037BD4680BD00BFBA1C002080B58AB03F
:1026F00000AF7860002387F827300023BB8497F869
:1027000025306FF3871387F8253097F8253001229D
:1027100062F3051387F8253097F825306FF303032C
:1027200087F8253097F824306FF3C71387F82430E3
:1027300097F82430032262F3061387F8243097F8C1
:1027400024300A2262F3030387F8243000233B84F9
:1027500097F821306FF3C71387F8213097F82130AD
:10276000022262F3061387F8213097F8213043F0F4
:102770000F0387F8213097F820306FF3C71387F8DD
:10278000203097F82030032262F3061387F82030B8
:1027900097F820300B2262F3030387F820300023E0
:1027A000BB837B7F6FF387137B777B7F6FF345134F
:1027B0007B777B7F6FF304137B777B7F6FF3C303A0
:1027C0007B777B7F43F004037B777B7F6FF3010391
:1027D0007B773B7F012262F387133B773B7F6FF36D
:1027E000C5033B773B7F6FF302033B7700233B83BB
:1027F0007B7E6FF3C7137B767B7E6FF386137B76CE
:102800007B7E042262F3C5037B767B7E042262F327
:1028100002037B763B7E112262F3C7033B763B7E4D
:1028200043F007033B760023BB827B7D6FF3871366
:102830007B757B7D6FF300037B757B7D6FF34103BD
:102840007B757B7D6FF382037B757B7D43F0080393
:102850007B757B7D43F010037B757B7D43F020030C
:102860007B753B7D6FF307133B753B7D43F00E0398
:102870003B753B7D43F001033B7500233B827B7C32
:102880006FF3C7137B747B7C6FF386137B747B7C45
:1028900043F030037B747B7C43F008037B747B7CC8
:1028A00043F004037B747B7C6FF341037B747B7C7C
:1028B0006FF300037B743B7C6FF3C7133B743B7C6B
:1028C000042262F306133B743B7C6FF383033B7477
:1028D0003B7C43F003033B740023BB817B7B6FF3A2
:1028E00087137B737B7B6FF385037B737B7B012279
:1028F00062F301037B733B7B6FF3C7133B733B7B3B
:1029000043F060033B733B7B0A2262F304033B7397
:10291000786800F042FA034687F8273097F82730A6
:10292000002B09D107F1240202239021786800F0DE
:10293000E1F9034687F8273097F82730002B09D1B3
:1029400007F1240202239021786800F0FEF9034683
:1029500087F8273097F82730002B09D107F120029C
:1029600002239121786800F0C5F9034687F82730E3
:1029700097F82730002B09D107F12002022391217B
:10298000786800F0E2F9034687F8273097F8273097
:10299000002B09D107F11C0202239221786800F074
:1029A000A9F9034687F8273097F82730002B09D17B
:1029B00007F11C0202239221786800F0C6F9034651
:1029C00087F8273097F82730002B09D107F1180234
:1029D00002239321786800F08DF9034687F82730A9
:1029E00097F82730002B09D107F118020223932111
:1029F000786800F0AAF9034687F8273097F827305F
:102A0000002B09D107F1140202239421786800F009
:102A100071F9034687F8273097F82730002B09D142
:102A200007F1140202239421786800F08EF903461E
:102A300087F8273097F82730002B09D107F11002CB
:102A400002239521786800F055F9034687F827306E
:102A500097F82730002B09D107F1100202239521A6
:102A6000786800F072F9034687F8273097F8273026
:102A7000002B09D107F10C0202239621786800F09F
:102A800039F9034687F8273097F82730002B09D10A
:102A900007F10C0202239621786800F056F90346EC
:102AA00087F8273097F82730002B05D1786800F099
:102AB000C2F9034687F8273097F82730002B05D155
:102AC000786800F0E8F9034687F8273000237B8117
:102AD00097F82730002B0DD107F10A02022360215D
:102AE000786800F007F903461A4697F82730134331
:102AF00087F8273097F8273018462837BD4680BD1D
:102B000080B584B000AF786039601D4B1B78002B16
:102B100001D1052330E00023BB8107F10C02022321
:102B20000421786800F011F90346FB73BB89C3F3F5
:102B300009039BB240F2FF3293420FD1BB89C3F32A
:102B400009039BB21A4640F6B83303FB02F20D4B61
:102B500013445B0A9AB23B681A800CE0BB89C3F34A
:102B600009039BB21A4640F6B83302FB03F35B0A33
:102B70009AB23B681A80FB7B18461037BD4680BD71
:102B8000BA1C0020B82BD1FF80B584B000AF7860AC
:102B90003960124B1B78002B01D105231AE000236A
:102BA000BB8107F10C0202233021786800F0CDF8D8
:102BB0000346FB73BB89C3F308039BB21A46642325
:102BC00002FB03F3064AA2FB0323DB091AB23B68AC
:102BD0001A80FB7B18461037BD4680BDBA1C00200A
:102BE0001F85EB5180B584B000AF78600B467B80C9
:102BF000244B1B78002B01D105233FE0B7F90230AD
:102C000013F1640FB4BF01230023DAB2B7F9023025
:102C1000642BCCBF01230023DBB21343DBB2002BB8
:102C200001D001232AE0B7F90230002B08DA7B88B3
:102C30005B429BB27B800121786800F031F803E0B1
:102C40000021786800F02CF80023BB817B88C3F357
:102C500008039BB29B00C3F308039AB2BB8962F3DB
:102C60000803BB817B7B43F080037B7307F10C027D
:102C700002233021786800F03DF8034618461037EB
:102C8000BD4680BDBA1C002080B483B000AF786020
:102C90007B681B7A18460C37BD465DF8047B70478D
:102CA00080B582B000AF78600B46FB70FB78002BDC
:102CB0000AD100224FF480510D48FAF787FD7B6856
:102CC00000221A7200230EE0FB78012B0AD10122A8
:102CD0004FF480510648FAF779FD7B6801221A7299
:102CE000002300E0012318460837BD4680BD00BF21
:102CF0000004024080B586B000AFF860B9607A6029
:102D00003B6000233B82282002F008FF7B687B6148
:102D10007B691B881B0A9BB2DBB23B747B691B88F7
:102D2000DBB27B74F868BB68D9B23B68DBB207F1F1
:102D3000100200F0DEF90346002B01D0012300E071
:102D4000002318461837BD4680BD80B586B000AF59
:102D5000F860B9607A603B6000233B82282002F073
:102D6000DDFEF868BB68D9B23B68DBB207F1100240
:102D700000F07AF90346002B01D0012309E07B68BB
:102D80007B617A7C7B691A707B6901333A7C1A70AB
:102D9000002318461837BD4680BD80B584B000AF0B
:102DA00078604FF400437B810023FB8107F10A0226
:102DB000022360217868FFF79DFF03467B730023A1
:102DC0007B8107F10A02022331217868FFF792FF25
:102DD00003461A467B7B13437B734CF2DE037B81F5
:102DE00007F10A02022331217868FFF783FF0346C7
:102DF0001A467B7B13437B7307F10A0202233221BD
:102E00007868FFF7A2FF03461A467B7B13437B7368
:102E1000FB895A1CFA810522934202D87B7B002B46
:102E200001D0012303E07B89002BE5D07B7B184692
:102E30001037BD4680BD80B584B000AF78600623F2
:102E40007B810023FB8107F10A0202233521786888
:102E5000FFF750FF03467B7307F10A02022332217A
:102E60007868FFF772FF03461A467B7B13437B7338
:102E7000FB895A1CFA810522934202D87B7B002BE6
:102E800001D0012303E07B89002BE5D07B7B184632
:102E90001037BD4680BD80B584B000AF7860022396
:102EA0007B810023FB8107F10A0202233521786828
:102EB000FFF720FF03467B7307F10A02022332214A
:102EC0007868FFF742FF03461A467B7B13437B7308
:102ED000FB895A1CFA810522934202D87B7B002B86
:102EE00001D0012303E07B89002BE5D07B7B1846D2
:102EF0001037BD4680BD000080B500AF054B1B6894
:102F000000211846FDF7DCF9372000F005F8002312
:102F1000184680BDF800002080B483B000AF03469F
:102F2000FB71FB79642B01D9012305E0054B1B687C
:102F30001B68FA795A63002318460C37BD465DF8C2
:102F4000047B7047F800002080B400AF044B1B687E
:102F50001B685B6BDBB21846BD465DF8047B7047AF
:102F6000F800002080B584B000AF78600A231846CE
:102F7000FFF726F90346FB81FB890C4A82FB03120B
:102F8000D210DB17D31ABB81BB89642B28BF642303
:102F9000BB81BB89DBB2C3F16403DAB27B681A7010
:102FA000002318461037BD4680BD00BFE1830F3EA9
:102FB00080B582B000AF0346FB71FB79002B0AD1CC
:102FC0000F4B00221A700F4B1B6808210022184675
:102FD000FAF7FCFB0FE0FB79012B0AD1084B012229
:102FE0001A70084B1B68082101221846FAF7EEFBFD
:102FF00001E0012300E0002318460837BD4680BDEC
:1030000000010020FC00002080B400AF034B1B78BF
:103010001846BD465DF8047B704700BF00010020E4
:1030200080B582B000AF0B231846FFF7C9F80346FE
:10303000FB80FB8807EE903AF8EE677A9FED087AFE
:1030400027EE877ADFED076AC7EE267AFDEEE77A8C
:1030500017EE903A1BB218460837BD4680BD00BF38
:10306000CDCC4C3D8FC2753C80B588B002AFF860C6
:103070007A601A460B46FB721346BB72FB7A3B75AD
:10308000FB685868FB681B78194607F11402642333
:1030900000930123FAF72AFD0346FB75FB7D022B03
:1030A0000CD1FB685B6893F83C30002B06D1FB68C1
:1030B0005B681846FAF7D6FB042316E0FB7D002B6D
:1030C00001D0042311E0FB685868FB681B7819469F
:1030D000BB7A9BB2642200927A68FAF705FE034637
:1030E000002B01D0042300E0002318461837BD460A
:1030F00080BD2DE9F0438BB002AFF8607A601A46CC
:103100000B46FB721346BB726B461E46BB7A591CBC
:103110004B1EFB610A460023904699464FF0000281
:103120004FF000034FEAC90343EA58734FEAC8025D
:103130000A46002314461D464FF000024FF00003DC
:10314000EB0043EA5473E2000B460733DB08DB0075
:10315000ADEB030D02AB0033BB61BB69FA7A1A70A9
:10316000BB690133BA7A7968184607F06CF8FB68D6
:103170005868FB681B781946BB7A9BB201339BB237
:1031800064220092BA69FAF7B1FC0346FB75FB7D35
:10319000022B06D1FB685B681846FAF763FB012334
:1031A00000E00023B54618462437BD46BDE8F0834D
:1031B00080B500AF084B00221A7000F0C3F8074B2F
:1031C000DB68064A118900221846FAF7FFFA00F078
:1031D000B9F80023184680BDBB1C00200401002064
:1031E00080B584B000AF0346FB804FF4AF62FB882C
:1031F000934204D341F66412FB88934203D900F052
:10320000A1F8012339E0FB884FF4AF629B1A07EE67
:10321000903AF8EEE77A9FED1B7A67EE876ADFED6A
:103220001A7AB8EEE77AC6EE877A9FED187A77EECB
:10323000877AC7ED037A97ED037AF0EE006AC7EE5E
:10324000267AC7ED037AD7ED037AFCEEE77A17EE1C
:10325000903A9AB20E4B1B68DA600D4B1B68184609
:10326000FCF7E6FE0346002B01D0012305E0094AE6
:10327000FB88138000F050F8002318461037BD4635
:1032800080BD00BF00EC9CC6EC1300000052C84695
:1032900024010020BC1C002080B400AF034B1B881D
:1032A0001846BD465DF8047B704700BFBC1C00207B
:1032B00080B582B000AF0620FFF720F80346FB8000
:1032C000FB8807EE903AF8EE677A9FED087A27EED2
:1032D000877ADFED076AC7EE267AFDEEE77A17EE0A
:1032E000903A1BB218460837BD4680BDCDCC4C3D48
:1032F0008FC2753C80B582B000AF7860054B5B68CB
:10330000044A128811461846FAF779FA00BF0837BE
:10331000BD4680BD0401002080B500AF084B1B688E
:103320001846FCF745FF064B1B681B6800225A62D3
:10333000034B1B681846FCF7CBFE00BF80BD00BFE7
:103340002401002080B500AF034B1B681846FCF732
:103350002FFF00BF80BD00BF2401002080B500AF5B
:1033600001224FF400411848FAF730FA4FF4FA708E
:10337000F8F7AEFF00224FF400411348FAF726FA9F
:1033800001224FF480611148FAF720FA4FF4FA70E5
:10339000F8F79EFF00224FF480610C48FAF716FA06
:1033A00001224FF400610948FAF710FA4FF4FA705D
:1033B000F8F78EFF00224FF400610448FAF706FA8E
:1033C0000023184680BD00BF0010024000040240E8
:1033D00080B500AF002000F003F800BF80BD000002
:1033E00080B582B000AF0346FB71FB79052B01D994
:1033F000012352E0FB791B012A4A13442A4A136035
:10340000294B1B681B7B23F00103DBB2002B0DD182
:10341000254B1B689868244B1B689B880022194623
:10342000FAF7D4F900F0A0F8002336E01E4B1B6831
:103430001B7B23F00103DBB2C82B0FD100F0C4F8D3
:10344000194B1B689868184B1B689B88012219460A
:10345000FAF7BCF900F088F800231EE000F0B4F899
:10346000114B1B689868104B1B689B8801221946FA
:10347000FAF7ACF90C4B1B681B7BC3F34603DBB2BA
:10348000632B09D800F070F8074B1B68DB891846DE
:1034900000F038F8002300E0012318460837BD4645
:1034A00080BD00BF40DE0108C01C002080B400AF1A
:1034B000034B1B681B781846BD465DF8047B7047BC
:1034C000C01C002080B582B000AF78600C4B1B6838
:1034D000002B02D100F048F80FE0094B1B689A68F6
:1034E000074B1B689B8819461046FAF788F9044B6E
:1034F0001B68DB89184600F005F80837BD4680BD1B
:10350000C01C002080B584B000AF0346FB800023C0
:10351000FB73144B1B681B686FF001021A61114B9F
:103520001B681846FCF744FE03461A46FB7B134310
:10353000FB730C4B1B681B68FA885A62094B1B68AB
:103540001B686FF001021A61064B1B681846FCF7F6
:10355000BFFD03461A46FB7B1343FB7300BF1037C6
:10356000BD4680BD2801002080B500AF034B1B681D
:103570001846FCF71DFE00BF80BD00BF28010020DB
:1035800080B500AF00224FF400410248FAF71EF95F
:1035900000BF80BD0010024080B500AF00224FF494
:1035A00000610248FAF712F900BF80BD0004024032
:1035B00080B500AF00224FF480610248FAF706F9A7
:1035C00000BF80BD0004024080B500AFFFF7D8FF08
:1035D000FFF7E2FFFFF7ECFF00BF80BD80B582B0D0
:1035E00000AF0023FB7100F037F9642002F096FA77
:1035F00000F024F9642002F091FA3349002000F031
:10360000B4F80346FB71FB79002B05D12F4901204B
:1036100000F0ABF80346FB71FB79002B06D14FF0AD
:10362000FC41022000F0A1F80346FB71FB79002B5E
:1036300006D14FF0FC41032000F097F80346FB71E0
:10364000FB79002B06D14FF0FC41042000F08DF8EF
:103650000346FB71FB79002B06D14FF0FC4105209E
:1036600000F083F80346FB71FB79002B06D14FF085
:10367000FC41062000F079F80346FB71FB79002B32
:1036800006D14FF0FC41072000F06FF80346FB71B4
:10369000FB79002B06D14FF0FC41082000F065F8C3
:1036A0000346FB7100233B60FB79002B06D13B46B0
:1036B0001946002000F091F80346FB71FB7918468B
:1036C0000837BD4680BD00BF010004004000007EF9
:1036D00080B584B000AF03460A46FB711346BB7148
:1036E000FB795B005BB203F01E035BB263F07E0309
:1036F0005BB2FB73FB7B184600F016F90346BB7305
:10370000BB1D01221946002000F0B8FD03461A46F1
:10371000BB7B1343BB73BB7B18461037BD4680BDD4
:1037200080B584B000AF03463960FB71FB795B0064
:103730005BB203F01E035BB243F001035BB2FB73A9
:10374000FB7B184600F0F0F80346BB730122396892
:10375000002000F073FD03461A46BB7B1343BB7386
:10376000BB7B18461037BD4680BD80B584B000AF26
:1037700003463960FB71FB795B005BB203F01E030B
:103780005BB263F07F035BB2FB730023BB603B68FB
:10379000DBB23B723B681B0ADBB27B723B681B0CE3
:1037A000DBB2BB723B681B0EDBB2FB72FB7B1846C5
:1037B00000F0BAF80346BB7307F108030422194668
:1037C000002000F05BFD03461A46BB7B1343BB732E
:1037D000BB7B18461037BD4680BD80B584B000AFB6
:1037E00003463960FB71FB795B00DBB203F01E031B
:1037F000FB730023BB60FB7B184600F095F8034683
:10380000BB7307F1080304221946002000F016FDDF
:1038100003461A46BB7B1343BB733B7A1A067B7A7B
:103820001B041A43BB7A1B021343FA7A1A433B6800
:103830001A60BB7B18461037BD4680BD80B500AF0F
:10384000044B4FF4006101221846F9F7BFFF00BF97
:1038500080BD00BF0010024080B500AF044B4FF4A4
:10386000006100221846F9F7B1FF00BF80BD00BF1C
:103870000010024080B584B000AF03460A46FB71D9
:103880001346BB71FB79072B02D8BB79012B01D9F9
:10389000FF232CE00023BB7307F10E031946002021
:1038A000FFF73EFF0346FB73FB79012202FA03F3A5
:1038B0005BB2DB435AB2BB7B5BB213405BB2DBB2A1
:1038C000BB73BA79FB7902FA03F35AB2BB7B5BB2E2
:1038D00013435BB2DBB2BB73BB7B19460020FFF71F
:1038E000F7FE03461A46FB7B1343FB73FB7B18462C
:1038F0001037BD4680BD80B584B000AF0346FB7174
:1039000007F10F0319460020FFF70AFFFB7B1A4659
:10391000FB7942FA03F3DBB203F00103DBB2184692
:103920001037BD4680BD000080B584B000AF0346AF
:10393000FB710D4B4FF4005101221846F9F746FF79
:10394000FB1D01221946002000F098FC0346FB7382
:10395000054B4FF4005100221846F9F737FFFB7B67
:1039600018461037BD4680BD0010024080B584B0B7
:1039700000AF7860396000233B817B681B7807F1DA
:1039800008010222184600F059FC0346002B01D022
:10399000032329E03B7ADB009BB223F4806323F00E
:1039A0000703FB817B7A5B09DBB2BB81FA89BB89A8
:1039B00013439BB27B813B7A5BB2002B05DA7B8998
:1039C000A3F580639BB21BB201E0B7F90A307B819B
:1039D000B7F90A301946786800F060F8F0EE407ADE
:1039E0003B68C3ED007A002318461037BD4680BD02
:1039F000B0B584B000AF87ED010AC7ED000A3868A2
:103A0000ECF7B2FD21A3D3E90023ECF705FE024653
:103A10000B46104619461FA3D3E90023ECF746FCDA
:103A200002460B4610461946EDF7EEF80346FB60DA
:103A30007868ECF799FD04460D46F868ECF794FDBC
:103A400002460B464FF000000F49ECF70FFF02460D
:103A50000B46104619464FF000020B4BECF724FCC6
:103A600002460B4620462946ECF7D6FD02460B4699
:103A700010461946EDF7C8F8034607EE903AB0EE47
:103A8000670A1037BD46B0BD0000F03F94F6065FF0
:103A9000984C553F3411363CBD52C63F80B586B078
:103AA00000AF78600B467B807B68D3ED017AB7F975
:103AB000023007EE103AB8EEC77AF0EE470AB0EEE1
:103AC000670AFFF795FFF0EE407AFCEEE77A17EE13
:103AD000903A3B617B689B685B683A699A4207D879
:103AE0007B689B689B6807EE903AF8EEE77A31E0D6
:103AF0000123FB827B689B681B88FB8115E07B6848
:103B00009A68FB8ADB0013445B683A699A4209D8D9
:103B1000FB8ADBB23A691946786800F020F8F0EECB
:103B2000407A17E0FB8A0133FB82FA8AFB899A42CA
:103B3000E5D37B689A687B689B681B88013BDB0048
:103B400013449B6807EE903AF8EEE77AC7ED027AE5
:103B5000D7ED027AB0EE670A1837BD4680BD80B453
:103B600087B000AFF8600B467A60FB72FB689A681A
:103B7000FB7ADB0013449B6807EE903AB8EEE77AD5
:103B8000FB689A68FB7A013BDB0013449B6807EEF5
:103B9000903AF8EEE77A77EE676AFB689A68FB7A04
:103BA000DB0013445B6807EE903AB8EE677AFB6877
:103BB0009A68FB7A013BDB0013445B6807EE903A9E
:103BC000F8EE677A37EE677AC6EE877AC7ED057A40
:103BD000FB689A68FB7ADB0013449B6807EE903A17
:103BE000B8EEE77AFB689A68FB7ADB0013445B68FF
:103BF00007EE903AF8EE676AD7ED057A66EEA77A97
:103C000077EE677AC7ED047A7B6807EE903AB8EEF4
:103C1000677AD7ED057A27EE277AD7ED047A77EE23
:103C2000277AB0EE670A1C37BD465DF8047B704703
:103C300080B582B000AF78607A68137A6FF30103C1
:103C400013727A68137A6FF3840313727A68137AA3
:103C50006FF3461313727A68137A6FF3C7131372F4
:103C60007A68537A43F0010353727A68537A6FF398
:103C7000410353727A68537A43F0040353727A68AB
:103C8000537A6FF3C30353727A68537A6FF3041352
:103C900053727A68537A43F0800353727B684122EF
:103CA0005A817B6805221A73786800F0A5F80346EC
:103CB000002B01D0012308E0786800F053F8034698
:103CC000002B01D0012300E0002318460837BD4631
:103CD00080BD000080B584B000AF7860396078683E
:103CE00007F10C0202230021FFF7BEF90346FB7324
:103CF000FB7B002B03D03B68184A1A6028E03B7B13
:103D000007EE903AF8EE677AB3EE007A27EE877AFC
:103D10007B7B07EE903AF8EE676AB3EE006AC6EE78
:103D2000867A77EE277A3B68C3ED007A3B7B5BB2FD
:103D3000002B07DA3B68D3ED007A9FED097A77EE26
:103D4000C77A02E03B68D3ED007A3B68C3ED007AA6
:103D5000FB7B18461037BD4680BD00BFFFFF7F7F4D
:103D60000000804580B582B000AF786078687B68DD
:103D700003F1080201230621FFF7BBF90346002BDC
:103D800001D0012334E078687B6803F10902012344
:103D90000821FFF7AEF90346002B01D0012327E0ED
:103DA00078687B6803F1090201230921FFF7A1F973
:103DB0000346002B01D001231AE078687B6803F1E9
:103DC000090201230A21FFF794F90346002B01D0D1
:103DD00001230DE078687B6803F1090201230B21C0
:103DE000FFF787F90346002B01D0012300E00023F1
:103DF00018460837BD4680BD80B584B000AF7860F6
:103E00007B68B3F90A309BB29B009BB2FB81002315
:103E1000BB81B7F90E30002B09DAB7F90E305B42DF
:103E20009B115BB263F07F035BB2DBB204E0B7F9D6
:103E30000E309B111BB2DBB23B73B7F90E30002B77
:103E400006DAFB89DBB25B42DBB29B00DBB203E04C
:103E5000FB89DBB29B00DBB27B73786807F10C0255
:103E600002231021FFF745F90346002B01D001235F
:103E700058E0786807F10C0202231121FFF739F9A5
:103E80000346002B01D001234CE0786807F10C02B7
:103E900002231221FFF72DF90346002B01D0012345
:103EA00040E0786807F10C0202231321FFF721F9A3
:103EB0000346002B01D0012334E078687B6803F1CE
:103EC0000C0201230C21FFF714F90346002B01D04B
:103ED000012327E078687B6803F10C0201230D21A0
:103EE000FFF707F90346002B01D001231AE0786899
:103EF0007B6803F10C0201230E21FFF7FAF8034659
:103F0000002B01D001230DE078687B6803F10C02DF
:103F100001230F21FFF7EDF80346002B01D0012309
:103F200000E0002318461037BD4680BD80B5A0B024
:103F300000AF3B46184600F005F8034618468037A8
:103F4000BD4680BD80B584B000AF786080237A68BC
:103F500000210548FFF788F80346FB73FB7B1846F2
:103F60001037BD4680BD00BF28DF010880B582B094
:103F700000AF03463A60FB710B46BB7197F90730FF
:103F8000002B03DB97F90630002B01DA012306E052
:103F9000BB79F9793A680448FFF766F80346184692
:103FA0000837BD4680BD00BF28DF010880B582B05C
:103FB00000AF03463960FB7197F90730002B01DA37
:103FC000012306E0F97901233A680448FFF74CF829
:103FD000034618460837BD4680BD00BF28DF0108EC
:103FE00080B582B000AF03460A46FB711346BB7131
:103FF00097F90730002B01DA012306E0BA1DF979A1
:1040000001230448FFF775F8034618460837BD46F4
:1040100080BD00BF28DF010880B582B000AF034635
:104020003A60FB710B46BB7197F90730002B03DB3D
:1040300097F90630002B01DA012306E0BB79F97904
:104040003A680448FFF755F8034618460837BD4656
:1040500080BD00BF28DF010880B584B000AF786064
:10406000164B1B681846FEF7ABF80346FB8164232A
:104070001A46FB899A4204DD7B6800221A800123DC
:1040800018E0FB8907EE903AF8EE677A9FED0C7A1C
:1040900067EE877A9FED0B7A77EE877A9FED0A7A43
:1040A00067EE877AFDEEE77A17EE903A1AB27B68F0
:1040B0001A80002318461037BD4680BD2C01002011
:1040C000AF94193D68C647C10000C84280B500AF33
:1040D00001224FF400510648F9F778FB642001F003
:1040E0001DFD0448FEF7C2FA0346184680BD00BF16
:1040F000000402403001002080B582B000AF0346CA
:10410000FB80B7F9063019460348FEF76BFD0346FE
:1041100018460837BD4680BD3001002080B582B00A
:1041200000AFBB1D19461148FEF72EFD0346002BBC
:1041300002D04FF0FF3315E00C48FEF7A5FD034613
:10414000002B02D1B7F906300CE00848FEF79CFDC1
:104150000346012B06D1B7F906309BB25B429BB2F6
:104160001BB2FFE718460837BD4680BD300100206E
:1041700080B582B000AFBB1D19460748FEF7C0FCF2
:104180000346002B01D0FF2301E0B7F906301846A3
:104190000837BD4680BD00BF3001002080B584B027
:1041A00000AF0346FB71FB790E4A52F823301846E4
:1041B000FEF706F80346FB60FB6807EE903AB8EEA0
:1041C000677AFB79084A9B001344D3ED007A67EEC7
:1041D000277AFDEEE77A17EE903A1BB218461037B1
:1041E000BD4680BD70DF010850DF010880B584B096
:1041F00000AF0346FB71FB790E4A52F82330184694
:10420000FDF7DEFF0346FB60FB6807EE903AB8EE71
:10421000677AFB79084A9B001344D3ED007A67EE76
:10422000277AFDEEE77A17EE903A1BB21846103760
:10423000BD4680BD60DF010840DF010880B584B065
:1042400000AF03463960FB711346BB71FB7918461A
:1042500000F034F8BB799AB2642339680648FBF75A
:10426000DDFA0346FB73FB79184600F041F8FB7B4F
:1042700018461037BD4680BD2019002080B584B097
:1042800000AF03463960FB711346BB71FB791846DA
:1042900000F014F8BB799AB2642339680648FBF73A
:1042A0007AF90346FB73FB79184600F021F8FB7B93
:1042B00018461037BD4680BD2019002080B582B059
:1042C00000AF0346FB71FB79074A52F82300FB79E4
:1042D000064A32F8133000221946F9F777FA00BF80
:1042E0000837BD4680BD00BF480100203C010020CA
:1042F00080B582B000AF0346FB71FB79074A52F8E4
:104300002300FB79064A32F8133001221946F9F7E7
:104310005DFA00BF0837BD4680BD00BF48010020E0
:104320003C01002080B500AF0448FFF781FC044841
:1043300000F020F90023184680BD00BF5C0100207A
:104340009001002080B582B000AF03463960FB7158
:10435000FB793968184600F005F803461846083717
:10436000BD4680BD80B584B000AF03463960FB71A7
:104370004FF00003BB6007F10802FB7911461846B5
:1043800000F028F80346FB73D7ED027AB2EE027A0A
:1043900027EE877AF1EE046AC7EE267A9FED0B7A54
:1043A00077EE877AC7ED027AD7ED027A9FED087A29
:1043B00067EE877AFDEEE77A17EE903A1AB23B681D
:1043C0001A80FB7B18461037BD4680BD00000042B6
:1043D0000000C84280B584B000AF03463960FB716D
:1043E0000023FB73FB79042B2FD801A252F823F092
:1043F0000544010813440108214401082F44010821
:104400003D44010839681448FFF764FC0346FB7318
:104410001CE039681148FFF7A9FA0346FB7315E061
:1044200039680F48FFF7A2FA0346FB730EE03968BC
:104430000C48FFF79BFA0346FB7307E039680A480C
:1044400000F0F0F80346FB7300E000BFFB7B18466A
:104450001037BD4680BD00BF5C0100206C0100200C
:1044600078010020840100209001002080B500AF79
:104470000E4B1B680E4898470346002B01D00123C2
:1044800012E00C4B1B680A4898470346002B01D0EA
:10449000012309E0084B1B68054898470346002B99
:1044A00001D0012300E00023184680BD68000020F1
:1044B000C41C0020780000209C00002080B582B041
:1044C00000AF786079680648F6F708FF0346002BCE
:1044D00001D0012300E0002318460837BD4680BD07
:1044E000C41C002080B582B000AF786079680648AF
:1044F000F7F725F90346002B01D0012300E0002344
:1045000018460837BD4680BDC41C002080B586B063
:1045100000AFF8607A601A460B46FB7213463B8187
:104520003B89DBB2F97A7A680448FEF79DFD0346C1
:104530007B617B6918461837BD4680BD80DF010866
:1045400080B586B000AFF8607A601A460B46FB7201
:1045500013463B813B89DBB2F97A7A680448FEF75F
:10456000C8FD03467B617B6918461837BD4680BD90
:1045700080DF010880B582B000AF78607A68137A76
:104580006FF3000313727A68137A6FF341031372A7
:104590007A68137A6FF3820313727A68137A6FF36F
:1045A000C40313727A68537A6FF3041353727A68F0
:1045B000537A022161F3871353727B684FF4C86208
:1045C0005A817B684FF4B4629A8178687B6803F102
:1045D000080202230121FEF78CFD0346002B01D0C7
:1045E00001231AE078687B6803F10A0202230221A2
:1045F000FEF77FFD0346002B01D001230DE0786814
:104600007B6803F10C0202230321FEF772FD0346CF
:10461000002B01D0012300E0002318460837BD46D7
:1046200080BD000080B586B000AF786039604FF083
:1046300000037B61786807F10C0202230021FEF77A
:1046400013FD0346FB74FB7C002B03D03B68114A2F
:104650001A601AE03B7B1B013B827B7B1B09DBB2B0
:10466000FB813A8AFB89134407EE903AF8EEE77A29
:104670003B68C3ED007A3B68D3ED007A9FED067A84
:1046800067EE877A3B68C3ED007AFB7C18461837E3
:10469000BD4680BDFFFF7F7F0000803DB0B582B08A
:1046A00000AF0346FB71FB79082B01D901232AE0F7
:1046B000174C4FF48075FB790021184600F02AF85A
:1046C00003461A4629462046F9F780F8104C4FF465
:1046D0000075FB790121184600F01CF803461A46C4
:1046E00029462046F9F772F8094C4FF48065FB79AA
:1046F0000221184600F00EF803461A4629462046C5
:10470000F9F764F8002318460837BD46B0BD00BF6E
:104710000010024080B483B000AF03460A46FB712C
:104720001346BB71FA79BB7942FA03F3DBB203F0AB
:104730000103DBB218460C37BD465DF8047B7047B9
:1047400080B584B000AF0346FB71FB79184600F0DA
:1047500001F90346FB81FA89FB791146184600F0FE
:104760000FF9B860FA79094913465B001344DB007E
:104770000B4404331B680122B9681846FCF791FD0D
:10478000034618461037BD4680BD00BFA801002073
:1047900080B582B000AF03463960FB711346BB8021
:1047A000FA79094913465B001344DB000B440433D8
:1047B0001868BA884FF0FF333968FCF7E7FC034606
:1047C00018460837BD4680BDA801002080B582B0DC
:1047D00000AF786000F02AF9104B1B6A0F4A928CE8
:1047E000134400221A700D4B1B6A4FF40072002113
:1047F000184605F02CFC094B00229A84084B1868D7
:10480000064B196A0023002200F086FC054B0022AB
:104810001A7000BF0837BD4680BD00BFA801002048
:10482000FC0B0020FC23002080B582B000AF444B7D
:104830009B8CFB71434B1B78022B4CD0022B77DCFB
:10484000002B02D0012B1DD072E03D4B1A6AFB7980
:1048500013441B78AA2B11D100F0C6F8394B012262
:104860001A70394B00221A60384B00221A60FB790B
:104870009BB201339AB2324B9A845AE0304B0022F9
:104880009A8456E02E4B1A6AFB7913441B781A4619
:104890002E4B1B68DB0002FA03F31A462A4B1B68F7
:1048A0001343294A136000F09FF8284B1B6801331B
:1048B000264A1360254B1B68032B05D9214B022286
:1048C0001A70224B00221A60FB799BB201339AB214
:1048D0001B4B9A842DE000F087F81C4B1B680133BA
:1048E0001A4A1360194B1A68174B1B689A4218D161
:1048F000144B00221A7000F099F8154B1868104BF1
:10490000196A0023002200F007FC0D4B1B6A4FF4CC
:1049100000720021184605F09AFB094B00229A8488
:1049200007E0FB799BB201339AB2054B9A8400E011
:1049300000BF0120FFF704FF00BF0837BD4680BD60
:10494000A8010020FC2300200024002004240020D3
:10495000FC0B002080B483B000AF0346FB71FA79F2
:10496000064913465B001344DB000B440C331B88E1
:1049700018460C37BD465DF8047B7047A80100203F
:1049800080B483B000AF03460A46FB711346BB8078
:10499000FA79084913465B001344DB000B440833E3
:1049A0001A68BB88134418460C37BD465DF8047B73
:1049B000704700BFA801002080B582B000AF034659
:1049C000FB71FA79074913465B001344DB000B4483
:1049D00004331B681846FCF731FF034618460837B6
:1049E000BD4680BDA801002080B500AF0E4B1B68FE
:1049F0001B686FF001021A610B4B1B681846FBF72E
:104A0000D7FB094B1B681B6800225A62064B1B68C8
:104A10001B686FF001021A61034B1B681846FBF715
:104A200057FB00BF80BD00BF0802002080B500AF6B
:104A3000034B1B681846FBF7BBFB00BF80BD00BFE4
:104A40000802002080B582B000AF7860084B5B6838
:104A50007A689A4207D0064BDB697A689A4202D19B
:104A60000120FFF7E1FE00BF0837BD4680BD00BF53
:104A7000A801002080B483B000AF786000BF0C377D
:104A8000BD465DF8047B704780B500AFFEF7A6FD1C
:104A90000346184680BD000080B584B000AF0346D1
:104AA0000A46FB711346BB71FF23FB730023BB73E4
:104AB00004237B7311E0BB7B0F4A12F81330FA79A1
:104AC0009A4205D1BB7B0C4A5B0013445B7800E043
:104AD000FB7BFB73BB7B0133BB73BA7B7B7B9A4253
:104AE000E9D3BA79FB7B11461846FEF7C3FE0346AD
:104AF00018461037BD4680BD88DF010880B584B0F8
:104B000000AF0346FB71FF23FB730023BB73042339
:104B10007B7311E0BB7B0F4A12F81330FA799A428B
:104B200005D1BB7B0B4A5B0013445B7800E0FB7B49
:104B3000FB73BB7B0133BB73BA7B7B7B9A42E9D3AC
:104B4000FB7B1846FEF7D7FE034618461037BD46D6
:104B500080BD00BF88DF010880B584B000AF034688
:104B6000FB710023FB81FB79032B23D801A252F8B0
:104B700023F000BF854B0108914B01089D4B0108B4
:104B8000A94B01080520FDF7B9FB0346FB8114E0A2
:104B90000220FDF7B3FB0346FB810EE00120FDF789
:104BA000ADFB0346FB8108E00020FDF7A7FB0346B1
:104BB000FB8102E00023FB8100BFFB8907EE903AF6
:104BC000F8EE677A9FED067A67EE877AFDEEE77A70
:104BD00017EE903A1BB218461037BD4680BD00BF95
:104BE000D93DF93D80B483B000AF78607B6803F1B4
:104BF00008027B685A607B684FF0FF329A607B68DE
:104C000003F108027B68DA607B6803F108027B68C5
:104C10001A617B6800221A6000BF0C37BD465DF840
:104C2000047B704780B483B000AF78607B6800225B
:104C30001A6100BF0C37BD465DF8047B704780B435
:104C400085B000AF786039607B685B68FB603B686B
:104C5000FA685A60FB689A683B689A60FB689B68D0
:104C60003A685A60FB683A689A603B687A681A61E9
:104C70007B681B685A1C7B681A6000BF1437BD46EE
:104C80005DF8047B704780B485B000AF7860396010
:104C90003B681B68BB60BB68B3F1FF3F03D17B6817
:104CA0001B69FB600CE07B680833FB6002E0FB687B
:104CB0005B68FB60FB685B681B68BA689A42F6D267
:104CC000FB685A683B685A603B685B683A689A6060
:104CD0003B68FA689A60FB683A685A603B687A6891
:104CE0001A617B681B685A1C7B681A6000BF143706
:104CF000BD465DF8047B704780B485B000AF786036
:104D00007B681B69FB607B685B687A6892689A6065
:104D10007B689B687A6852685A60FB685B687A684F
:104D20009A4203D17B689A68FB685A607B680022CC
:104D30001A61FB681B685A1EFB681A60FB681B68D7
:104D400018461437BD465DF8047B704780B584B0C3
:104D500000AF786039607B68FB60FB68002B0BD18B
:104D60004FF0500383F31188BFF36F8FBFF34F8F62
:104D7000BB6000BF00BFFDE701F066FDFB681A687D
:104D8000FB68DB6BF968096C01FB03F31A44FB68F1
:104D90009A60FB6800229A63FB681A68FB685A6095
:104DA000FB681A68FB68DB6B013BF968096C01FB67
:104DB00003F31A44FB68DA60FB68FF2283F844209F
:104DC000FB68FF2283F845203B68002B14D1FB6869
:104DD0001B69002B1AD0FB681033184601F02EF91E
:104DE0000346002B12D00D4B4FF080521A60BFF3D8
:104DF0004F8FBFF36F8F09E0FB6810331846FFF742
:104E0000F1FEFB6824331846FFF7ECFE01F04EFD7F
:104E1000012318461037BD4680BD00BF04ED00E0F9
:104E200080B58AB002AFF860B9601346FB71FB68C9
:104E3000002B0BD14FF0500383F31188BFF36F8F1A
:104E4000BFF34F8F3B6100BF00BFFDE7FB68BA684F
:104E500002FB03F3FB61FB694C33184601F016FEBD
:104E6000B861BB69002B11D0BB697B617B694C3396
:104E70007B61BB69002283F84620FA79BB69009305
:104E800013467A69B968F86800F005F8BB691846F6
:104E90002037BD4680BD80B584B000AFF860B960F2
:104EA0007A60FB70BB68002B03D1BB69BA691A60DA
:104EB00002E0BB697A681A60BB69FA68DA63BB69A9
:104EC000BA681A640121B869FFF740FFBB69002284
:104ED0009A6400BF1037BD4680BD000080B58EB01B
:104EE00000AFF860B9607A603B6000237B63FB68C9
:104EF0003B633B6B002B0BD14FF0500383F31188C6
:104F0000BFF36F8FBFF34F8F7B6200BF00BFFDE722
:104F1000BB68002B03D13B6B1B6C002B01D1012321
:104F200000E00023002B0BD14FF0500383F31188D6
:104F3000BFF36F8FBFF34F8F3B6200BF00BFFDE732
:104F40003B68022B03D13B6BDB6B012B01D10123AF
:104F500000E00023002B0BD14FF0500383F31188A6
:104F6000BFF36F8FBFF34F8FFB6100BF00BFFDE743
:104F700001F02AFA0346002B02D17B68002B01D1F5
:104F8000012300E00023002B0BD14FF0500383F3EB
:104F90001188BFF36F8FBFF34F8FBB6100BF00BF9E
:104FA000FDE701F051FC3B6B9A6B3B6BDB6B9A426C
:104FB00002D33B68022B45D13B6B9B6BFB623A688B
:104FC000B968386B00F040FAB8623B6B9B6C002B01
:104FD00014D03B68022B02D1FB6A002B2ED1386B18
:104FE00000F092FB0346002B28D04A4B4FF0805232
:104FF0001A60BFF34F8FBFF36F8F1FE03B6B5B6A8D
:10500000002B10D03B6B2433184601F017F80346F1
:10501000002B13D03F4B4FF080521A60BFF34F8FDD
:10502000BFF36F8F0AE0BB6A002B07D0394B4FF0FC
:1050300080521A60BFF34F8FBFF36F8F01F036FCC1
:10504000012363E07B68002B03D101F02FFC0023D8
:105050005CE07B6B002B06D107F11003184601F0D2
:1050600051F801237B6301F021FC00F0F7FD01F012
:10507000EBFB3B6B93F844305BB2B3F1FF3F03D1E2
:105080003B6B002283F844203B6B93F845305BB2C6
:10509000B3F1FF3F03D13B6B002283F8452001F0C1
:1050A00005FC3A1D07F110031146184601F040F8BF
:1050B0000346002B24D1386B00F0CBFA0346002BBB
:1050C00018D03B6B10337A681146184600F090FFF9
:1050D000386B00F049FA00F0CFFD0346002B7FF457
:1050E00060AF0C4B4FF080521A60BFF34F8FBFF38D
:1050F0006F8F56E7386B00F037FA00F0BDFD50E7D0
:10510000386B00F031FA00F0B7FD0023184638374D
:10511000BD4680BD04ED00E080B590B000AFF86002
:10512000B9607A603B60FB68BB63BB6B002B0BD143
:105130004FF0500383F31188BFF36F8FBFF34F8F8E
:10514000BB6200BF00BFFDE7BB68002B03D1BB6B98
:105150001B6C002B01D1012300E00023002B0BD19D
:105160004FF0500383F31188BFF36F8FBFF34F8F5E
:105170007B6200BF00BFFDE73B68022B03D1BB6B26
:10518000DB6B012B01D1012300E00023002B0BD1AD
:105190004FF0500383F31188BFF36F8FBFF34F8F2E
:1051A0003B6200BF00BFFDE701F02EFCEFF3118270
:1051B0004FF0500383F31188BFF36F8FBFF34F8F0E
:1051C000FA61BB61FB697B63BB6B9A6BBB6BDB6B8F
:1051D0009A4202D33B68022B46D1BB6B93F8453011
:1051E00087F83330BB6B9B6BFB623A68B968B86B6E
:1051F00000F02AF997F93330B3F1FF3F29D1BB6BA7
:105200009B6C002B12D03B68022B02D1FB6A002B57
:1052100027D1B86B00F078FA0346002B21D07B68C9
:10522000002B1ED07B6801221A601AE0BB6B5B6A00
:10523000002B16D0BB6B2433184600F0FFFE03464C
:10524000002B0ED07B68002B0BD07B6801221A60EC
:1052500007E097F833300133DBB25AB2BB6B83F807
:1052600045200123FB6301E00023FB637B6B7B6133
:105270007B6983F3118800BFFB6B18464037BD463E
:1052800080BD000080B58CB000AFF860B9607A6076
:105290000023FB62FB68BB62BB6A002B0BD14FF0A3
:1052A000500383F31188BFF36F8FBFF34F8F3B62BF
:1052B00000BF00BFFDE7BB68002B03D1BB6A1B6CBE
:1052C000002B01D1012300E00023002B0BD14FF074
:1052D000500383F31188BFF36F8FBFF34F8FFB61D0
:1052E00000BF00BFFDE701F06FF80346002B02D1BD
:1052F0007B68002B01D1012300E00023002B0BD1A0
:105300004FF0500383F31188BFF36F8FBFF34F8FBC
:10531000BB6100BF00BFFDE701F096FABB6A9B6B63
:105320007B627B6A002B1FD0B968B86A00F0F6F880
:105330007B6A5A1EBB6A9A63BB6A1B69002B0FD03B
:10534000BB6A1033184600F079FE0346002B07D0E5
:105350003C4B4FF080521A60BFF34F8FBFF36F8FFB
:1053600001F0A4FA012369E07B68002B03D101F06E
:105370009DFA002362E0FB6A002B06D107F11003BF
:10538000184600F0BFFE0123FB6201F08FFA00F027
:1053900065FC01F059FABB6A93F844305BB2B3F193
:1053A000FF3F03D1BB6A002283F84420BB6A93F815
:1053B00045305BB2B3F1FF3F03D1BB6A002283F8F3
:1053C000452001F073FA3A1D07F110031146184603
:1053D00000F0AEFE0346002B23D1B86A00F023F99B
:1053E0000346002B17D0BB6A24337A68114618464F
:1053F00000F0FEFDB86A00F0B7F800F03DFC03468F
:10540000002B89D10F4B4FF080521A60BFF34F8FA2
:10541000BFF36F8F80E7B86A00F0A6F800F02CFCAD
:105420007AE7B86A00F0A0F800F026FCB86A00F04D
:10543000FAF80346002B3FF46FAF002318463037CD
:10544000BD4680BD04ED00E080B586B000AFF860D9
:10545000B9607A6000237B61FB689B6B3B61FB68F2
:105460001B6C002B0DD1FB681B68002B4DD1FB681A
:105470009B68184600F0C6FF7861FB6800229A60BE
:1054800043E07B68002B19D1FB685868FB681B6CF4
:105490001A46B96804F0D7FEFB685A68FB681B6CB3
:1054A0001A44FB685A60FB685A68FB689B689A421A
:1054B0002BD3FB681A68FB685A6026E0FB68D86843
:1054C000FB681B6C1A46B96804F0BDFEFB68DA681D
:1054D000FB681B6C5B421A44FB68DA60FB68DA68A5
:1054E000FB681B689A4207D2FB689A68FB681B6CD2
:1054F0005B421A44FB68DA607B68022B05D13B698A
:10550000002B02D03B69013B3B613B695A1CFB68A5
:105510009A637B6918461837BD4680BD80B582B056
:1055200000AF786039607B681B6C002B18D07B68FB
:10553000DA687B681B6C1A447B68DA607B68DA681F
:105540007B689B689A4203D37B681A687B68DA6041
:105550007B68D9687B681B6C1A46386804F073FE58
:1055600000BF0837BD4680BD80B584B000AF78600D
:1055700001F06AF97B6893F84530FB731EE07B68A5
:105580009B6C002B08D0786800F0BEF80346002B17
:1055900010D000F031FE0DE07B685B6A002B12D06A
:1055A0007B682433184600F049FD0346002B01D0E8
:1055B00000F022FEFB7B013BDBB2FB7397F90F305F
:1055C000002BDCDC00E000BF7B68FF2283F8452075
:1055D00001F06CF901F038F97B6893F84430BB7343
:1055E00011E07B681B69002B12D07B6810331846D2
:1055F00000F024FD0346002B01D000F0FDFDBB7B35
:10560000013BDBB2BB7397F90E30002BE9DC00E005
:1056100000BF7B68FF2283F8442001F047F900BFF8
:105620001037BD4680BD80B584B000AF786001F012
:105630000BF97B689B6B002B02D10123FB6001E01F
:105640000023FB6001F032F9FB6818461037BD46B5
:1056500080BD80B584B000AF786001F0F5F87B685C
:105660009A6B7B68DB6B9A4202D10123FB6001E0FD
:105670000023FB6001F01AF9FB6818461037BD469D
:1056800080BD80B584B000AF7860002204217868C6
:10569000FFF7C6FBF860FB6818461037BD4680BDB3
:1056A00080B584B000AF7860396001F0CDF87B68D8
:1056B0009B6C002B02D00023FB600BE07B689B6B94
:1056C000002B02D00023FB6004E07B683A689A64F8
:1056D0000123FB6001F0EAF8FB6818461037BD466D
:1056E00080BD80B584B000AF786039600023FB6076
:1056F00007F10C033A6819467868FFF7C3FDFB68A9
:1057000018461037BD4680BD80B588B000AF7860C0
:105710007B689B6CBB610023FB61BB69002B0BD1D9
:105720004FF0500383F31188BFF36F8FBFF34F8F98
:105730003B6100BF00BFFDE7BB699A6BBB69DB6BD8
:105740009A420BD34FF0500383F31188BFF36F8F4E
:10575000BFF34F8FFB6000BF00BFFDE7BB699A6BD3
:10576000BB69DB6B9A4225D2BB6993F84530FB7568
:105770003B1D00221946B869FFF766FEF86197F9EC
:105780001730B3F1FF3F0ED1BB695B6A002B11D01C
:10579000BB692433184600F051FC0346002B09D0A6
:1057A0000123FB6106E0FB7D0133DBB25AB2BB692A
:1057B00083F84520FB6918462037BD4680BD80B57B
:1057C0008EB004AFF860B9607A603B607B6B002BF1
:1057D0000BD14FF0500383F31188BFF36F8FBFF3EA
:1057E0004F8F3B6200BF00BFFDE7BB6B002B0BD1AF
:1057F0004FF0500383F31188BFF36F8FBFF34F8FC8
:10580000FB6100BF00BFFDE7A0233B613B69A02B0C
:105810000BD04FF0500383F31188BFF36F8FBFF3AA
:105820004F8FBB6100BF00BFFDE73B69BB6B002B27
:105830001ED07B6B002B1BD0BB6B7B627B6A7A6BB1
:105840001A637B6A022283F89D20002303937B6AFC
:10585000029307F1140301933B6B00933B687A6852
:10586000B968F86800F050F8786A00F0EDF801E0E7
:1058700000237B617B6918462837BD4680BD80B513
:105880008CB004AFF860B9603B601346FB80FB88C6
:105890009B00184601F0FAF878617B69002B0ED066
:1058A000A02001F0F3F8F861FB69002B03D0FB693D
:1058B0007A691A6305E0786901F0B6F901E000231E
:1058C000FB61FB69002B17D0FB69002283F89D2048
:1058D000FA8800230393FB690293FB6A0193BB6A76
:1058E00000933B68B968F86800F00EF8F86900F0BA
:1058F000ABF80123BB6102E04FF0FF33BB61BB6932
:1059000018462037BD4680BD80B588B000AFF8602E
:10591000B9607A603B603B6B1A6B7B6803F1804334
:10592000013B9B001344BB61BB6923F00703BB61D0
:10593000BB6903F00703002B0BD04FF0500383F338
:105940001188BFF36F8FBFF34F8F7B6100BF00BF24
:10595000FDE7BB68002B1FD00023FB6112E0BA6893
:10596000FB69134419783A6BFB69134434330A46D4
:105970001A70BA68FB6913441B78002B06D0FB69C8
:105980000133FB61FB690F2BE9D900E000BF3B6BE2
:10599000002283F8432003E03B6B002283F834208D
:1059A000BB6A062B01D90623BB623B6BBA6ADA627B
:1059B0003B6BBA6A5A643B6B00229A643B6B0433BC
:1059C0001846FFF72FF93B6B18331846FFF72AF9F3
:1059D0003B6B3A6B1A61BB6AC3F107023B6B9A617E
:1059E0003B6B3A6B5A623B6B0022C3F898203B6BCF
:1059F000002283F89C203B6B4C334C22002118463C
:105A000004F025FB3B6B0D4A1A653B6B0C4A5A654B
:105A10003B6B0C4A9A653A68F968B86900F0E0FD9A
:105A200002463B6B1A60FB6A002B02D0FB6A3A6BA2
:105A30001A6000BF2037BD4680BD00BF5C610020FA
:105A4000C46100202C62002080B582B000AF786075
:105A500000F0FAFE2A4B1B680133294A1360294BD8
:105A60001B68002B09D1274A7B681360244B1B68F5
:105A7000012B10D100F0E4FB0DE0234B1B68002B41
:105A800009D1204B1B68DA6A7B68DB6A9A4202D82C
:105A90001C4A7B6813601D4B1B6801331B4A136053
:105AA0007B68DB6A01229A40194B1B681343184A32
:105AB00013607B68DA6A13469B0013449B00154A07
:105AC0001A447B68043319461046FFF7B8F800F013
:105AD000EDFE0D4B1B68002B0ED00A4B1B68DA6ADB
:105AE0007B68DB6A9A4207D20B4B4FF080521A60F8
:105AF000BFF34F8FBFF36F8F00BF0837BD4680BD28
:105B0000082500200824002014250020242500203A
:105B1000102500200C24002004ED00E080B584B0A6
:105B200000AF78600023FB607B68002B18D0144B1B
:105B30001B68002B0BD04FF0500383F31188BFF389
:105B40006F8FBFF34F8FBB6000BF00BFFDE700F05A
:105B500085F80021786800F0DDFC00F08DF8F86031
:105B6000FB68002B07D1074B4FF080521A60BFF340
:105B70004F8FBFF36F8F00BF1037BD4680BD00BF92
:105B80003025002004ED00E080B58AB004AF00238A
:105B9000BB6000237B603A46391D07F108031846B5
:105BA000F3F7CEFF39687B68BA680292019300234D
:105BB000009300230A4621492148FFF700FE0346CF
:105BC000204A13601F4B1B68002B02D001237B610E
:105BD00001E000237B617B69012B1BD14FF0500357
:105BE00083F31188BFF36F8FBFF34F8F3B6100BF0B
:105BF000154B1B684C33154A1360154B4FF0FF32A1
:105C00001A60144B01221A60134B00221A6000F034
:105C100077FD0FE07B69B3F1FF3F0BD14FF05003ED
:105C200083F31188BFF36F8FBFF34F8FFB6000BF0B
:105C300000BFFDE700BF1837BD4680BD60D6010834
:105C4000116201082C250020082400208803002070
:105C500028250020142500200C25002080B400AF4A
:105C6000044B1B680133034A136000BFBD465DF857
:105C7000047B70473025002080B584B000AF00233E
:105C8000FB600023BB60424B1B68002B0BD14FF025
:105C9000500383F31188BFF36F8FBFF34F8F3B60C7
:105CA00000BF00BFFDE700F0CFFD394B1B68013B93
:105CB000374A1360364B1B68002B61D1354B1B688C
:105CC000002B5DD02EE0344BDB68DB68FB60FB68AB
:105CD00018331846FFF710F8FB6804331846FFF72F
:105CE0000BF8FB68DB6A01229A402C4B1B681343BC
:105CF0002A4A1360FB68DA6A13469B0013449B0030
:105D0000274A1A44FB68043319461046FEF797FFEA
:105D1000FB68DA6A234B1B68DB6A9A4202D3224B88
:105D200001221A601C4B1B68002BCCD1FB68002B96
:105D300001D000F029FB1D4B1B687B607B68002BAA
:105D400010D000F037F80346002B02D0164B01228A
:105D50001A607B68013B7B607B68002BF1D1134BA1
:105D600000221A60104B1B68002B09D00123BB6076
:105D70000F4B4FF080521A60BFF34F8FBFF36F8FFE
:105D800000F094FDBB6818461037BD4680BD00BFCB
:105D90003025002008250020C824002010250020E0
:105DA0000C240020082400201C2500201825002099
:105DB00004ED00E080B586B000AF00237B614F4B5F
:105DC0001B68002B40F08F804D4B1B6801333B61FB
:105DD0004B4A3B6913603B69002B21D1494B1B683F
:105DE0001B68002B0BD04FF0500383F31188BFF3D7
:105DF0006F8FBFF34F8F3B6000BF00BFFDE7414B8C
:105E00001B68FB60404B1B683E4A13603E4AFB68C0
:105E100013603E4B1B6801333C4A136000F0B4FA38
:105E20003B4B1B683A699A4248D3364B1B681B6848
:105E3000002B04D1364B4FF0FF321A603EE0314B5D
:105E40001B68DB68DB68BB60BB685B687B603A69CA
:105E50007B689A4203D22E4A7B6813602EE0BB68AF
:105E600004331846FEF748FFBB689B6A002B04D03A
:105E7000BB6818331846FEF73FFFBB68DB6A012298
:105E80009A40244B1B681343224A1360BB68DA6AAA
:105E900013469B0013449B001F4A1A44BB680433FB
:105EA00019461046FEF7CBFEBB68DA6A1B4B1B682F
:105EB000DB6A9A42B9D301237B61B6E7174B1B68B3
:105EC000DA6A154913469B0013449B000B441B6878
:105ED000012B01D901237B61114B1B68002B07D0DB
:105EE00001237B6104E00F4B1B6801330D4A1360F3
:105EF0007B6918461837BD4680BD00BF302500209D
:105F00000C250020C0240020C424002020250020CF
:105F100028250020102500200C2400200824002023
:105F20001C2500201825002080B487B000AF2A4B24
:105F30001B68002B03D0294B01221A6045E0274B38
:105F400000221A60264B1B68FB60FB68B3FA83F3E0
:105F5000FB72FB7AC3F11F037B6122497A69134606
:105F60009B0013449B000B441B68002B0BD14FF08C
:105F7000500383F31188BFF36F8FBFF34F8F7B60A4
:105F800000BF00BFFDE77A6913469B0013449B00E6
:105F9000144A13443B613B695B685A683B695A6029
:105FA0003B695A683B6908339A4204D13B695B6894
:105FB0005A683B695A603B695B68DB680A4A136050
:105FC000094B1B684C33094A136000BF1C37BD46A0
:105FD0005DF8047B704700BF302500201C250020A1
:105FE000102500200C240020082400208803002015
:105FF00080B584B000AF786039607B68002B0BD12E
:106000004FF0500383F31188BFF36F8FBFF34F8FAF
:10601000FB6000BF00BFFDE7074B1B681833194644
:106020007868FEF730FE0121386800F073FA00BF8F
:106030001037BD4680BD00BF0824002080B586B063
:1060400000AF78607B68DB68DB683B613B69002BF5
:106050000BD14FF0500383F31188BFF36F8FBFF361
:106060004F8FFB6000BF00BFFDE73B691833184648
:10607000FEF742FE1D4B1B68002B1CD13B6904330D
:106080001846FEF739FE3B69DB6A01229A40184B3D
:106090001B681343164A13603B69DA6A13469B0078
:1060A00013449B00134A1A443B69043319461046B3
:1060B000FEF7C5FD05E03B69183319460E48FEF7AB
:1060C000BEFD3B69DA6A0D4B1B68DB6A9A4205D953
:1060D00001237B610A4B01221A6001E000237B61EE
:1060E0007B6918461837BD4680BD00BF30250020AB
:1060F000102500200C240020C824002008240020A3
:106100001C25002080B483B000AF7860064B1A686D
:106110007B681A60054B1A687B685A6000BF0C37B1
:10612000BD465DF8047B7047202500200C2500202B
:1061300080B588B000AF786039607B68002B0BD1E8
:106140004FF0500383F31188BFF36F8FBFF34F8F6E
:106150003B6100BF00BFFDE73B68002B0BD14FF058
:10616000500383F31188BFF36F8FBFF34F8FFB6032
:1061700000BF00BFFDE700F067FB1D4B1B68BB6164
:106180007B685B68BA69D31A7B613B681B68B3F1B3
:10619000FF3F02D10023FB6123E07B681A68154BA7
:1061A0001B689A4207D07B685B68BA699A4202D33F
:1061B0000123FB6115E03B681B687A699A420BD2A8
:1061C0003B681A687B69D21A3B681A607868FFF7E7
:1061D00099FF0023FB6104E03B6800221A60012361
:1061E000FB6100F063FBFB6918462037BD4680BDAC
:1061F0000C2500202025002080B400AF034B012295
:106200001A6000BFBD465DF8047B70471C25002066
:1062100080B582B000AF786000F052F8064B1B6882
:10622000012BF9D9054B4FF080521A60BFF34F8F05
:10623000BFF36F8FF0E700BF0C24002004ED00E0F7
:1062400080B582B000AF00237B600CE07A68134613
:106250009B0013449B00124A13441846FEF7C2FCED
:106260007B6801337B607B68062BEFD90D48FEF716
:10627000B9FC0D48FEF7B6FC0C48FEF7B3FC0C4821
:10628000FEF7B0FC0B48FEF7ADFC0B4B054A1A605D
:106290000A4B054A1A6000BF0837BD4680BD00BFE3
:1062A0000C24002098240020AC240020C8240020C6
:1062B000DC240020F4240020C0240020C42400207A
:1062C00080B582B000AF19E000F0BEFA104BDB6879
:1062D000DB687B607B6804331846FEF70DFD0D4BD1
:1062E0001B68013B0B4A13600B4B1B68013B0A4ABE
:1062F000136000F0DBFA786800F010F8064B1B68BA
:10630000002BE1D100BF00BF0837BD4680BD00BFF4
:10631000DC24002008250020F024002080B584B073
:1063200000AF78607B684C33184603F0D3FE7B687F
:1063300093F89D30002B08D17B681B6B184600F04A
:1063400073FC786800F070FC19E07B6893F89D306E
:10635000012B03D1786800F067FC10E07B6893F8AC
:106360009D30022B0BD04FF0500383F31188BFF305
:106370006F8FBFF34F8FFB6000BF00BFFDE700BF13
:106380001037BD4680BD000080B483B000AF0C4B19
:106390001B681B68002B04D10A4B4FF0FF321A60B8
:1063A00008E0074B1B68DB68DB687B607B685B6829
:1063B000044A136000BF0C37BD465DF8047B70478C
:1063C000C02400202825002080B483B000AF0B4BF0
:1063D0001B68002B02D101237B6008E0084B1B687F
:1063E000002B02D102237B6001E000237B607B68ED
:1063F00018460C37BD465DF8047B70471425002015
:106400003025002080B586B000AF78607B683B61A6
:1064100000237B617B68002B70D03B4B1B683A6983
:106420009A420BD04FF0500383F31188BFF36F8F64
:10643000BFF34F8FFB6000BF00BFFDE73B699B6C64
:10644000002B0BD14FF0500383F31188BFF36F8FF4
:10645000BFF34F8FBB6000BF00BFFDE73B699B6C84
:106460005A1E3B699A643B69DA6A3B695B6C9A42E3
:1064700044D03B699B6C002B40D13B6904331846E8
:10648000FEF73AFC0346002B15D13B69DA6A1F4937
:1064900013469B0013449B000B441B68002B0AD13E
:1064A0003B69DB6A012202FA03F3DA43184B1B68EB
:1064B0001340174A13603B695A6C3B69DA623B69C7
:1064C000DB6AC3F107023B699A613B69DB6A01221F
:1064D0009A400F4B1B6813430D4A13603B69DA6AFD
:1064E00013469B0013449B00084A1A443B6904333B
:1064F00019461046FEF7A3FB01237B617B69184612
:106500001837BD4680BD00BF082400200C240020A1
:106510001025002080B584B000AF78603960294B29
:106520001B68FB60284B1B6804331846FEF7E4FB2E
:106530000346002B0BD1244B1B68DB6A012202FAB5
:1065400003F3DA43214B1B681340204A13607B6836
:10655000B3F1FF3F0AD13B68002B07D01A4B1B68F1
:10656000043319461A48FEF76AFB26E0FA687B688E
:106570001344BB60144B1B68BA685A60BA68FB6866
:106580009A4209D2134B1A680F4B1B680433194601
:106590001046FEF778FB10E00F4B1A680A4B1B6899
:1065A000043319461046FEF76EFB0C4B1B68BA68A5
:1065B0009A4202D2094ABB68136000BF1037BD4639
:1065C00080BD00BF0C2500200824002010250020DD
:1065D000F4240020C4240020C0240020282500200A
:1065E00080B485B000AFF860B9607A60FB68043BA6
:1065F000FB60FB684FF080721A60FB68043BFB6035
:10660000BB6823F00102FB681A60FB68043BFB6077
:106610000C4AFB681A60FB68143BFB607A68FB68F5
:106620001A60FB68043BFB60FB686FF002021A60B3
:10663000FB68203BFB60FB6818461437BD465DF8DD
:10664000047B70474966010880B485B000AF002321
:106650007B60134B1B68B3F1FF3F0BD04FF050032F
:1066600083F31188BFF36F8FBFF34F8FFB6000BFC1
:1066700000BFFDE74FF0500383F31188BFF36F8F26
:10668000BFF34F8FBB6000BF00BF7B68002BFCD007
:1066900000BF00BF1437BD465DF8047B704700BFE4
:1066A0000C020020000000000000000000000000BC
:1066B000074B19680868B0E8F04F80F30988BFF30A
:1066C0006F8F4FF0000080F311887047AFF30080A8
:1066D0000824002000BF00BF08480068006880F35D
:1066E00008884FF0000080F3148862B661B6BFF3EB
:1066F0004F8FBFF36F8F00DF00BF00BF08ED00E0DA
:1067000080B586B000AF474B1B68474A93420BD118
:106710004FF0500383F31188BFF36F8FBFF34F8F98
:106720003B6100BF00BFFDE73E4B1B683F4A934201
:106730000BD14FF0500383F31188BFF36F8FBFF37A
:106740004F8FFB6000BF00BFFDE7394B7B617B696A
:106750001B78DBB27B607B69FF221A707B691B7838
:10676000DBB2FB70FB78DBB203F05003DAB2314BE3
:106770001A70314B07221A6009E02F4B1B68013B4E
:106780002D4A1360FB78DBB25B00DBB2FB70FB7859
:10679000DBB203F08003802BEFD0274B1B68C3F1E3
:1067A0000703042B0BD04FF0500383F31188BFF382
:1067B0006F8FBFF34F8FBB6000BF00BFFDE71E4B65
:1067C0001B681B021C4A13601B4B1B6803F4E0632D
:1067D000194A13607B68DAB27B691A70174B1B6821
:1067E000164A43F470031360144B1B68134A43F0BA
:1067F0007043136000F0DAF8114B00221A6000F0C9
:10680000F9F8104B1B680F4A43F040431360FFF741
:1068100063FFFFF789FBFFF717FF002318461837C0
:10682000BD4680BD00ED00E071C20F4170C20F4156
:1068300000E400E0342500203825002020ED00E0B1
:106840000C02002034EF00E080B483B000AF4FF0C2
:10685000500383F31188BFF36F8FBFF34F8F7B60BB
:1068600000BF104B1B6801330E4A13600D4B1B68B1
:10687000012B10D10C4B1B68DBB2002B0BD04FF05F
:10688000500383F31188BFF36F8FBFF34F8F3B60CB
:1068900000BF00BFFDE700BF0C37BD465DF8047BBD
:1068A000704700BF0C02002004ED00E080B483B00C
:1068B00000AF124B1B68002B0BD14FF0500383F33A
:1068C0001188BFF36F8FBFF34F8F7B6000BF00BF96
:1068D000FDE70A4B1B68013B084A1360074B1B6826
:1068E000002B05D100233B603B6883F3118800BF78
:1068F00000BF0C37BD465DF8047B70470C020020DA
:10690000EFF30980BFF36F8F154B1A681EF0100F5D
:1069100008BF20ED108A20E9F04F10602DE9090032
:106920004FF0500080F31188BFF34F8FBFF36F8F8C
:10693000FFF7FAFA4FF0000080F3118809BC1968DC
:106940000868B0E8F04F1EF0100F08BFB0EC108AD6
:1069500080F30988BFF36F8F704700BFAFF30080EB
:106960000824002000BF00BF80B582B000AF4FF008
:10697000500383F31188BFF36F8FBFF34F8F7B609A
:1069800000BFFFF717FA0346002B03D0064B4FF06A
:1069900080521A6000233B603B6883F3118800BF7C
:1069A00000BF0837BD4680BD04ED00E080B400AFF5
:1069B0000B4B00221A600B4B00221A600A4B1B681B
:1069C0000A4AA2FB03239B09094A013B1360044BBB
:1069D00007221A6000BFBD465DF8047B704700BF08
:1069E00010E000E018E000E064000020D34D6210E9
:1069F00014E000E0DFF80C00016841F47001016070
:106A0000704700BF88ED00E080B485B000AFEFF3C1
:106A10000583FB60FB680F2B15D9184AFB681344EC
:106A20001B78FB72164B1B78FA7A9A420BD24FF006
:106A3000500383F31188BFF36F8FBFF34F8F7B60D9
:106A400000BF00BFFDE70F4B1B6803F4E0620E4B75
:106A50001B689A420BD94FF0500383F31188BFF3A0
:106A60006F8FBFF34F8F3B6000BF00BFFDE700BFDC
:106A70001437BD465DF8047B704700BFF0E300E0CB
:106A8000342500200CED00E03825002080B58AB0C8
:106A900000AF78600023FB61FFF7E0F85C4B1B68F8
:106AA000002B01D100F024F95A4B1A687B6813407F
:106AB000002B40F095807B68002B1ED008227B685D
:106AC00013447B607B6803F00703002B15D07B68C1
:106AD00023F0070308337B607B6803F00703002B78
:106AE0000BD04FF0500383F31188BFF36F8FBFF3C8
:106AF0004F8F7B6100BF00BFFDE77B68002B6FD02D
:106B0000454B1B687A689A426AD8444B3B62434BB8
:106B10001B687B6204E07B6A3B627B6A1B687B626A
:106B20007B6A5B687A689A4203D97B6A1B68002B90
:106B3000F1D1374B1B687A6A9A4251D03B6A1B6885
:106B400008221344FB617B6A1A683B6A1A607B6AFD
:106B50005A687B68D21A08235B009A4220D97A6A65
:106B60007B681344BB61BB6903F00703002B0BD0A8
:106B70004FF0500383F31188BFF36F8FBFF34F8F34
:106B80003B6100BF00BFFDE77B6A5A687B68D21A91
:106B9000BB695A607B6A7A685A60B86900F00AF982
:106BA0001D4B1A687B6A5B68D31A1B4A13601A4B29
:106BB0001A681B4B1B689A4203D2174B1B68184A72
:106BC00013607B6A5A68134B1B681A437B6A5A60CE
:106BD0007B6A00221A60134B1B680133114A136051
:106BE000FFF74AF8FB6903F00703002B0BD04FF0C7
:106BF000500383F31188BFF36F8FBFF34F8FFB6098
:106C000000BF00BFFDE7FB6918462837BD4680BDC1
:106C10004461002058610020486100203C61002050
:106C20004C6100205061002080B586B000AF7860D4
:106C30007B687B617B68002B4FD008235B427A69BD
:106C400013447B617B693B613B695A68254B1B6838
:106C50001340002B0BD14FF0500383F31188BFF387
:106C60006F8FBFF34F8FFB6000BF00BFFDE73B6935
:106C70001B68002B0BD04FF0500383F31188BFF338
:106C80006F8FBFF34F8FBB6000BF00BFFDE73B6955
:106C90005A68144B1B681340002B1ED03B691B68BD
:106CA000002B1AD13B695A680E4B1B68DB431A4014
:106CB0003B695A60FEF7D2FF3B695A680A4B1B6872
:106CC0001344094A1360386900F074F8074B1B68D5
:106CD0000133064A1360FEF7CFFF00BF1837BD46E9
:106CE00080BD00BF58610020486100205461002031
:106CF00080B485B000AF4FF47053BB60274BFB608E
:106D0000FB6803F00703002B0CD0FB680733FB6024
:106D1000FB6823F00703FB60BA68FB68D31A1F4ABD
:106D20001344BB60FB687B601D4A7B6813601C4B8F
:106D300000225A607B68BA681344FB600822FB6833
:106D40009B1AFB60FB6823F00703FB60FB68154A96
:106D50001360144B1B6800225A60124B1B68002200
:106D60001A607B683B603B68FA68D21A3B685A60DD
:106D70000C4B1A683B681A603B685B680A4A1360F0
:106D80003B685B68094A1360094B4FF000421A6088
:106D900000BF1437BD465DF8047B70473C250020DA
:106DA0003C610020446100204C61002048610020CB
:106DB0005861002080B485B000AF7860284BFB603C
:106DC00002E0FB681B68FB60FB681B687A689A42FC
:106DD000F7D8FB68BB60FB685B68BA6813447A68E5
:106DE0009A4208D1FB685A687B685B681A44FB6862
:106DF0005A60FB687B607B68BB607B685B68BA68D5
:106E00001A44FB681B689A4218D1FB681A68154B34
:106E10001B689A420DD07B685A68FB681B685B68E8
:106E20001A447B685A60FB681B681A687B681A60A2
:106E300008E00C4B1A687B681A6003E0FB681A686C
:106E40007B681A60FA687B689A4202D0FB687A68AD
:106E50001A6000BF1437BD465DF8047B704700BF61
:106E60003C6100204461002080B586B000AFF8602E
:106E7000B9607A60FB68002B05D0BB68002B02D09C
:106E80007B68002B05D1194B194A4E21194801F096
:106E90009FFCBB681B687B611AE0FA687B6913443E
:106EA0001B78202B11D0FA687B6913441B78092BBF
:106EB0000BD0FA687B6913441B780A2B05D0FA685B
:106EC0007B6913441B780D2B07D17B6901337B61F0
:106ED0007A697B689A42E0D300E000BFBB687A69B8
:106EE0001A6000BF1837BD4680BD00BF68D60108D4
:106EF00090DF0108A0D6010880B485B000AF03463A
:106F0000FB71FB79FB730023BB6005E0BB680133B9
:106F1000BB60FB7B5B00FB7397F90F30002BF5DB4D
:106F2000BB6818461437BD465DF8047B7047000007
:106F300080B586B000AF786039600023FB757B6850
:106F4000012B02D97B68042B05D91B4B1B4A8821D6
:106F50001B4801F03DFC7B68022B03D07B68032BB0
:106F600006D00CE080233B6140F2FF73FB600CE035
:106F70004FF400633B614FF6FF73FB6005E04FF495
:106F800080333B610F4BFB6000BF3A683B699A421C
:106F90000DD33A68FB689A4209D83B68B3F5584F5D
:106FA00003D33B68B3F5604F01D30123FB75FB7D31
:106FB00018461837BD4680BDD8D601089CDF0108A9
:106FC000A0D60108FFFF100080B58AB000AFF860BE
:106FD000B9607A60002387F827300023BB61FB6823
:106FE000002B05D0BB68002B02D07B68002B05D19D
:106FF0003C4B3D4AC5213D4801F0EAFBBB681B689C
:107000003B623A6A7B689A4205D3394B364AC821BB
:10701000364801F0DDFBFA683B6A13441B785BB22B
:10702000002B05DB334B304AC921304801F0D0FB3F
:10703000FA683B6A13441B783B743B7CC12B4AD9EA
:107040003B7CF42B47D83B7C1846FFF755FF786113
:107050003B7C19467B69C3F107034FF0FF3202FA0C
:1070600003F3DB430B40BB617B69013BFB611AE02F
:107070003B6A01333B623A6A7B689A4217D2FA68EC
:107080003B6A13441B783B743B7C03F0C003802BAA
:107090000FD1BB699A013B7C03F03F031343BB61F3
:1070A000FB69013BFB61FB69002BE1D102E000BF02
:1070B00000E000BFFB69002B0DD1B9697869FFF7CB
:1070C00037FF0346002B06D03B6A5A1CBB681A6088
:1070D000012387F8273097F8273018462837BD4610
:1070E00080BD00BF68D60108ACDF0108A0D601084A
:1070F00000D7010808D7010880B586B000AFF86056
:10710000B9607A600023FB75FB68002B05D0BB6873
:10711000002B02D07B68002B06D1144B144A4FF48D
:107120008171144801F054FBBB681B687A689A426D
:1071300016D9BB681B68FA6813441B785BB2002B36
:1071400007DBBB681B685A1CBB681A600123FB7510
:1071500006E07A68B968F868FFF736FF0346FB7502
:10716000FB7D18461837BD4680BD00BF68D60108B4
:10717000C0DF0108A0D6010880B485B000AF034687
:10718000FB71FB793B73FB79602B0BD9FB79662B89
:1071900008D83B7B613BDBB23B733B7B0A33DBB202
:1071A0003B731BE0FB79402B0BD9FB79462B08D8AE
:1071B0003B7B413BDBB23B733B7B0A33DBB23B7334
:1071C0000CE0FB792F2B07D9FB79392B04D83B7BBB
:1071D000303BDBB23B7301E010233B733B7B184633
:1071E0001437BD465DF8047B7047000080B58AB057
:1071F00000AFF860B9607A603B60002387F8273001
:107200000023FB83FB68002B05D0BB68002B02D05A
:107210007B68002B06D1334B334A40F24F11334881
:1072200001F0D6FA3B68002B06D1314B2E4A4FF4C1
:10723000A8712E4801F0CCFABB681B683B623B6A20
:1072400013F1070F02D83B6A063301E04FF0FF331A
:10725000BB61BA697B689A422DD2FA683B6A1344D3
:107260001B785C2B27D13B6A0133FA6813441B78E7
:10727000752B20D13B6A02333B6216E0FA683B6A09
:1072800013441B781846FFF777FF0346FB75FB7D19
:10729000102B0FD0FB8B1B011AB2FB7D1BB21343CB
:1072A0001BB2FB833B6A01333B623A6ABB699A4279
:1072B000E4D300E000BF3A6ABB699A420BD1FB8B72
:1072C000002B08D0012387F827303B68FA8B1A80FF
:1072D000BB683A6A1A6097F8273018462837BD46C7
:1072E00080BD00BF68D60108CCDF0108A0D6010828
:1072F00020D7010880B588B000AFF860B9607A6027
:107300000023FB77FB68002B05D0BB68002B02D065
:107310007B68002B06D1254B254A4FF4C7712548C1
:1073200001F056FABB681B68BB6107F1160307F151
:1073300018017A68F868FFF759FF0346002B29D037
:10734000FB8AB3F5584F19D3FB8AB3F55C4F15D2BE
:1073500007F1160307F118017A68F868FFF746FF8E
:107360000346002B15D0FB8AB3F55C4F11D3FB8A83
:10737000B3F5604F0DD20123FB770AE0FB8AB3F52A
:107380005C4F03D3FB8AB3F5604F03D30123FB7734
:1073900000E000BFFB7F002B02D0BA69BB681A6017
:1073A000FB7F18462037BD4680BD00BF68D6010868
:1073B000E0DF0108A0D6010880B586B000AFF86014
:1073C000B9607A600023FB75FB68002B05D0BB68B1
:1073D000002B02D07B68002B06D1344B344A40F29C
:1073E000C111344801F0F4F9BB681B683B617B684C
:1073F0005A1E3B699A424ED93B69FA6813441B787E
:107400005C2B48D13B690133FA6813441B78BB7588
:10741000BB7D752B2FDC5C2B08DA2F2B25D02F2B77
:1074200029DC002B34D0222B1FD024E05C3B01222E
:107430009A40214B1340002B14BF01230023DBB2E1
:10744000002B12D102F00073002B14BF0123002384
:10745000DBB2002B0FD007F110037A681946F868E9
:10746000FFF748FF0346FB7515E03B6902333B61BC
:107470000123FB750FE097F91630002B0ADBBB7D6B
:107480001F2B07D83B6902333B610123FB7501E0E9
:1074900000BF00E000BFFB7D002B02D03A69BB6853
:1074A0001A60FB7D18461837BD4680BD68D60108B6
:1074B000F0DF0108A0D601084104440180B586B080
:1074C00000AFF860B9607A600023FB75FB68002BA1
:1074D00005D0BB68002B02D07B68002B06D1314B56
:1074E000314A4FF40171314801F072F9BB681B68F1
:1074F0003B613B697A689A4249D93B69FA6813440F
:107500001B78222B43D13B6901333B6139E03B6956
:10751000FA6813441B78222B05D10123FB753B69C4
:1075200001333B6133E03B69FA6813441B785C2B01
:107530000DD107F110037A681946F868FFF73CFF90
:10754000034683F00103DBB2002B1AD01FE03B6936
:10755000FA6813441B785BB2002B05DB3B69FA68C1
:1075600013441B781F2B12D907F110037A681946B0
:10757000F868FFF7C1FD034683F00103DBB2002B7F
:1075800004D13B697A689A42C1D800E000BFFB7D14
:10759000002B02D03A69BB681A60FB7D1846183789
:1075A000BD4680BD68D60108FCDF0108A0D60108F1
:1075B00080B586B000AFF860B9607A60FB68002BD8
:1075C00002D0BB68002B06D1134B144A4FF4117143
:1075D000134801F0FDF800237B610CE0FA687B6939
:1075E00013441A78B9687B690B441B789A4207D117
:1075F0007B6901337B617A697B689A42EED300E054
:1076000000BF7A697B689A420CBF01230023DBB27A
:1076100018461837BD4680BD34D7010808E0010878
:10762000A0D6010880B586B000AFF860B9607A6076
:107630003B600023FB75FB68002B05D0BB68002B6B
:1076400002D07B68002B06D11A4B1B4A40F2652101
:107650001A4801F0BDF83B68002B06D1184B164ABA
:1076600040F26621154801F0B3F8BB681B687A68E0
:107670009A4211D9BB681B687A68D31A3A6A9A424F
:107680000AD8BB681B68FA6813443A6A3968184616
:10769000FFF78EFF0346FB75FB7D002B05D0BB6813
:1076A0001A683B6A1A44BB681A60FB7D1846183793
:1076B000BD4680BD68D6010810E00108A0D60108CB
:1076C00054D7010880B588B002AFF860B9607A601D
:1076D0000023FB7504230093124B7A68B968F8689D
:1076E000FFF7A0FF0346002B15D1052300930E4B97
:1076F0007A68B968F868FFF795FF0346002B0AD14E
:1077000004230093094B7A68B968F868FFF78AFF89
:107710000346002B01D00123FB75FB7D184618376B
:10772000BD4680BD64D701086CD7010874D7010835
:1077300080B58AB000AFF860B9607A603B60002322
:1077400087F827300023FB61FB68002B05D0BB685E
:10775000002B02D07B68002B06D12C4B2C4A40F228
:10776000A9212C4801F034F8BB681B68BB61BB68D9
:107770001B683B622FE0FA683B6A13441B782F2B8F
:107780002DD9FA683B6A13441B78392B27D83B68FC
:10779000002B1DD0FB69002B1ADBFA683B6A1344EF
:1077A0001B781846FFF7E8FC0346FB75FB691A4A8D
:1077B00093420ADAFA6913469B0013445B001A46A7
:1077C00097F917301344FB6102E04FF0FF33FB6180
:1077D0003B6A01333B623A6A7B689A42CBD33A6A8E
:1077E000BB699A420BD9012387F82730BB683A6AF4
:1077F0001A603B68002B02D03B68FA691A6097F860
:10780000273018462837BD4680BD00BF68D601081E
:107810001CE00108A0D60108CCCCCC0C80B586B009
:1078200000AFF860B9607A60FB68002B05D0BB68D8
:10783000002B02D07B68002B06D1144B144A40F277
:10784000DE21144800F0C4FFBB681B687B617B69C4
:107850007A689A4215D97B69FA6813441B782E2BF3
:107860000FD17B6901337B6107F1140100237A6832
:10787000F868FFF75DFF0346002B02D07A69BB680A
:107880001A6000BF1837BD4680BD00BF68D601082A
:1078900028E00108A0D6010880B586B000AFF860E6
:1078A000B9607A60FB68002B05D0BB68002B02D062
:1078B0007B68002B06D1204B204A40F2FA21204859
:1078C00000F086FFBB681B687B617B697A689A421F
:1078D0002ED97B69FA6813441B78652B05D07B6928
:1078E000FA6813441B78452B22D17B6901337B61F5
:1078F0007B697A689A420ED97B69FA6813441B78CF
:107900002D2B05D07B69FA6813441B782B2B02D1F1
:107910007B6901337B6107F1140100237A68F86801
:10792000FFF706FF0346002B02D07A69BB681A6096
:1079300000BF1837BD4680BD68D6010838E0010891
:10794000A0D6010880B586B000AFF860B9607A6053
:107950000023FB75FB68002B05D0BB68002B02D011
:107960007B68002B06D1244B244A40F21F31244867
:1079700000F02EFFBB681B683B613B697A689A4246
:1079800008D93B69FA6813441B782D2B02D13B6957
:1079900001333B613B697A689A4214D93B69FA68C2
:1079A00013441B78302B05D10123FB753B69013350
:1079B0003B6108E007F1100100237A68F868FFF7DF
:1079C000B7FE0346FB75FB7D002B10D007F11003BB
:1079D0007A681946F868FFF721FF07F110037A6803
:1079E0001946F868FFF758FF3A69BB681A60FB7DD3
:1079F00018461837BD4680BD68D6010848E0010822
:107A0000A0D6010880B586B000AFF860B9607A6092
:107A10000023FB757A68B968F868FFF74FFD0346E5
:107A2000002B0FD17A68B968F868FFF74BFE034660
:107A3000002B07D17A68B968F868FFF783FF03461F
:107A4000002B01D00123FB75FB7D18461837BD467E
:107A500080BD000080B586B000AFF860B9607A6084
:107A60000023FB75FB68002B05D0BB68002B02D000
:107A70007B68002B06D11E4B1E4A40F275311E4812
:107A800000F0A6FE7A68B968F868FFF7EDF9BB6800
:107A90001B683B613B697A689A4224D93B69FA6862
:107AA00013441B782C2B1ED13B6901333B6107F13A
:107AB00010037A681946F868FFF7D6F93B697A68C7
:107AC0009A4210D93B69FA6813441B787D2B0AD07F
:107AD0003B69FA6813441B785D2B04D00123FB75C6
:107AE0003A69BB681A60FB7D18461837BD4680BDF1
:107AF00068D6010854E00108A0D6010880B586B018
:107B000000AFF860B9607A60FB68002B05D0BB68F5
:107B1000002B02D07B68002B06D11A4B1A4A4FF477
:107B200066711A4800F054FEBB681B687B6119E05F
:107B300007F114037A681946F868FFF763FF0346F4
:107B400083F00103DBB2002B11D107F114037A6833
:107B50001946F868FFF77EFF034683F00103DBB2A6
:107B6000002B06D17B697A689A42E1D802E000BF17
:107B700000E000BF7A69BB681A6000BF1837BD46D5
:107B800080BD00BF68D6010868E00108A0D60108E2
:107B900080B586B000AFF860B9607A60FB68002BF2
:107BA00005D0BB68002B02D07B68002B06D13B4B75
:107BB0003B4A40F2C2313B4800F00AFEBB681B68FA
:107BC0003B615AE007F110037A681946F868FFF73D
:107BD00075FC034683F00103DBB2002B52D107F1A1
:107BE00010037A681946F868FFF73EF93B697A682E
:107BF0009A4205D93B69FA6813441B783A2B43D162
:107C00003B6901333B6107F110037A681946F86854
:107C1000FFF72AF93B697A689A420FD93B69FA68FB
:107C200013441B787B2B05D03B69FA6813441B78FF
:107C30005B2B03D13A69BB681A602AE007F1100395
:107C40007A681946F868FFF7DDFE034683F0010302
:107C5000DBB2002B1AD107F110037A681946F868D5
:107C6000FFF7F8FE0346FB753A69BB681A60FB7DB7
:107C700083F00103DBB2002B0AD13B697A689A4298
:107C8000A0D806E000BF04E000BF02E000BF00E0B3
:107C900000BF00BF1837BD4680BD00BF68D60108D1
:107CA0007CE00108A0D6010880B584B000AFF86080
:107CB000B9607A60FB70FB787B2B09D0FB785B2B7B
:107CC00006D00F4B0F4A40F2F9310F4800F080FD0B
:107CD0007A68B968F868FFF7C7F8FB785B2B05D1BD
:107CE0007A68B968F868FFF709FF04E07A68B9684C
:107CF000F868FFF74DFF00BF1037BD4680BD00BFDD
:107D00007CD7010890E00108A0D6010880B590B0AA
:107D100000AFF860B9607A60002387F83F304FF613
:107D2000FF73BB87FB68002B05D0BB68002B02D01C
:107D30007B68002B06D1604B604A40F222416048CC
:107D400000F046FDBB681B687B61A0E07B69FA68B8
:107D500013441B7887F83B307B6901337B6197F8CC
:107D60003B307D2B2FD07D2B00F388807B2B07D0E1
:107D70007B2B00F383805B2B02D05D2B23D07DE037
:107D8000B7F93C309BB201339BB2BB87B7F93C30AB
:107D9000202B03D1032387F83F3074E0B7F93C3040
:107DA00040333B4497F83B2003F8282CB7F93C308C
:107DB00040333B4413F8283C07F114017A68F86813
:107DC000FFF772FF5FE0B7F93C30002B34DDB7F905
:107DD0003C3040333B4413F8283C7B2B03D197F8CD
:107DE0003B307D2B0BD0B7F93C3040333B4413F88C
:107DF000283C5B2B20D197F83B305D2B1CD1B7F989
:107E00003C309BB2013B9BB2BB8707F114037A68FD
:107E10001946F868FFF71EFE0346002B32D0B7F96B
:107E20003C3040333B4413F8283C07F114017A6896
:107E3000F868FFF739FF25E0B7F93C30002B19D17E
:107E4000B7F93C3040333B4413F8283C7B2B03D13B
:107E500097F83B307D2B0BD0B7F93C3040333B4497
:107E600013F8283C5B2B05D197F83B305D2B01D1F3
:107E7000012300E0022387F83F3004E0022387F863
:107E80003F3000E000BF97F83F30002B05D17B6901
:107E90007A689A423FF65AAF00E000BF97F83F3049
:107EA000012B02D17A69BB681A6097F83F301846F7
:107EB0004037BD4680BD00BF68D601089CE0010880
:107EC000A0D6010880B584B000AF78603960002387
:107ED000BB607B68002B02D10523FB7322E03B686B
:107EE000002B02D10623FB731CE007F108033A685C
:107EF00019467868FEF7B8FF07F108033A68194693
:107F00007868FFF77FFD0346002B02D00123FB7347
:107F100008E007F108033A6819467868FFF7F6FEAB
:107F20000346FB73FB7B012B10D1BB683A689A4276
:107F30000CD907F108033A6819467868FEF794FFF0
:107F4000BB683A689A4201D00223FB73FB7B184658
:107F50001037BD4680BD000080B588B000AFF86026
:107F6000B9607A603B600123FB77FB68002B05D08A
:107F7000BB68002B02D07B68002B06D1214B224A24
:107F800040F2B141214800F023FC3B68002B02D0B5
:107F9000BB6A002B06D11E4B1B4A40F2B2411B4864
:107FA00000F016FCBB681B687B617B69BB6107F155
:107FB00014037A681946F868FFF724FD0346002B7E
:107FC00009D107F114037A681946F868FFF79EFE95
:107FD0000346012B08D13B68BA691A607A69BB690C
:107FE000D21ABB6A1A6001E00023FB77FB7F002BEB
:107FF00002D07A69BB681A60FB7F18462037BD46FD
:1080000080BD00BF68D60108ACE00108A0D6010819
:1080100094D7010880B58AB002AFF860B9607A6081
:108020003B600123FB77FB68002B05D0BB68002B6E
:1080300002D07B68002B06D13B4B3C4A40F2E64124
:108040003B4800F0C5FB3B68002B02D0BB6A002B0D
:1080500006D1384B354A40F2E741354800F0B8FBCD
:10806000FB6A002B02D03B6B002B06D1324B2F4A10
:108070004FF49D612E4800F0ABFBBB681B687B6131
:108080007B69BB6107F114037A681946F868FFF74A
:1080900015FA0346002B0AD0BB695A1C3B681A60CC
:1080A0007A69BB69D31A9A1EBB6A1A6001E0002381
:1080B000FB77FB7F002B1DD007F114037A6819466C
:1080C000F868FEF7D1FE7B697A689A4210D97B691D
:1080D000FA6813441B783A2B0AD17B6901337B6120
:1080E00007F114037A681946F868FEF7BDFE01E04F
:1080F0000023FB77FB7F002B0AD007F114013B6BB9
:108100000093FB6A7A68F868FFF726FF0346FB775F
:10811000FB7F002B02D07A69BB681A60FB7F184690
:108120002037BD4680BD00BF68D60108B8E0010811
:10813000A0D60108C4D7010894D7010880B58EB035
:1081400004AFF860B9607A603B60002387F827309D
:1081500000233B6200237B6100233B61FB68002B13
:1081600002D07B68002B06D13F4B404A40F22F5192
:108170003F4800F02DFB3B6B002B02D07B6B002BAC
:1081800006D13C4B394A4FF4A661394800F020FB38
:1081900007F12003BA681946F868FEF765FE3B6AE6
:1081A000BA689A4250D93B6AFA6813441B787B2B11
:1081B0004AD13B6A01333B6207F12003BA68194692
:1081C000F868FEF751FE37E007F11C0207F12001C5
:1081D00007F11003029307F11403019307F1180349
:1081E00000931346BA68F868FFF714FF034683F05C
:1081F0000103DBB2002B24D1BB693A689A420ED14D
:10820000FB69FA681344BA6919467868FFF7D0F930
:108210000346002B03D0012387F8273014E007F131
:108220002003BA681946F868FFF714FC034683F088
:108230000103DBB2002B06D13B6ABA689A42C3D86D
:1082400002E000BF00E000BF97F82730002B05D008
:108250007A693B6B1A603A697B6B1A6097F8273032
:1082600018462837BD4680BDF0D70108CCE001088C
:10827000A0D6010818D8010880B58CB002AFF8600C
:10828000B9607A603B60002387F827300023FB61E8
:108290000023BB6100237B6100233B62FB68002B52
:1082A00006D1394B394A40F27251394800F090FA00
:1082B0003B68002B02D03B6B002B06D1354B334A79
:1082C00040F27351324800F083FA07F11C03BA6898
:1082D0001946F868FEF7C8FDFB69BA689A4242D9A8
:1082E000FB69FA6813441B785B2B3CD1FB690133B3
:1082F000FB6107F11C03BA681946F868FEF7B4FD84
:1083000029E007F1180207F11C0107F1140300939B
:108310001346BA68F868FFF71FFE034683F00103AF
:10832000DBB2002B1CD13A6A7B689A4203D101234D
:1083300087F8273017E007F11C03BA681946F86878
:10834000FFF788FB034683F00103DBB2002B09D162
:108350003B6A01333B62FB69BA689A42D1D802E0BA
:1083600000BF00E000BF97F82730002B05D0BA69A6
:108370003B681A607A693B6B1A6097F82730184699
:108380002837BD4680BD00BF4CD80108DCE001089D
:10839000A0D6010818D8010880B586B000AFF860F3
:1083A000B9607A603B600023FB75FB68002B05D049
:1083B000BB68002B02D03B68002B06D11E4B1F4A26
:1083C00040F2B5511E4800F003FA7B68002B06D13D
:1083D0001C4B1A4A40F2B651194800F0F9F9BB6833
:1083E0001B683B6102E03B6901333B613A697B6892
:1083F0009A420BD2FA683B6913441B782E2B05D0A6
:10840000FA683B6913441B785B2BECD1BB681B6893
:108410003A699A420AD90123FB75BB681B683A691D
:10842000D21A3B681A60BB683A691A60FB7D18462D
:108430001837BD4680BD00BF58D80108E8E00108E4
:10844000A0D6010898D8010890B591B002AFF860A5
:10845000B9607A603B60012387F8373000237B6284
:1084600000233B630023BB6200233B62BB68FB61CC
:10847000FB68002B02D07B68002B06D15F4B604A63
:1084800040F2E6515F4800F0A3F9BB6C002B02D02C
:10849000FB6C002B06D15C4B594A40F2E75159481E
:1084A00000F096F9BB68002B03D03B68002B40F02E
:1084B0009080564B524A4FF4BD61524800F088F903
:1084C000002387F82F307B6A7A6813441B785B2B74
:1084D00034D14FF0FF33BB617B6A01337B6207F11C
:1084E000180307F124013A687868FFF721F9BB699E
:1084F000002B09DB7B6A3A689A4205D97B6A7A6865
:1085000013441B785D2B03D0062387F8373065E0D2
:108510007B6A01337B62FA683B6BD018F969BB69EF
:108520001C4607F1200207F11C0300931346224664
:10853000FFF7A2FE034687F82F302EE000237B6171
:108540007B6ABB6207F1140307F124013A6878687B
:10855000FFF722FF034683F00103DBB2002B04D1B7
:108560003B685A1E7B6A9A4203D1062387F837304C
:1085700034E0FA683B6BD018F9697A68BB6A1A4430
:108580007C6907F11C03019307F120030093234644
:10859000FFF7D4FD034687F82F3097F82F3083F08C
:1085A0000103DBB2002B03D0042387F8373015E03A
:1085B0003B6A3A6B13443B637B6A3A689A4208D938
:1085C0007B6A7A6813441B782E2B02D17B6A0133B5
:1085D0007B627B6A3A689A423FF672AF97F837300F
:1085E000012B05D1BB6C3A6B1A60FA69FB6C1A60FF
:1085F00097F8373018463C37BD4690BDF0D7010894
:10860000F8E00108A0D6010818D80108A4D801088C
:1086100080B485B000AF0346FB71FB79222B4DD0AF
:10862000222B5DDB7B2B5BDC5B2B59DB5B3B202B4D
:1086300056D801A252F823F0C9860108E186010844
:10864000E1860108E1860108E1860108E18601086A
:10865000E1860108E1860108E1860108E18601085A
:10866000E1860108D5860108E1860108E186010856
:10867000E1860108E1860108E1860108E18601083A
:10868000E1860108DB860108E1860108E186010830
:10869000E1860108E1860108E1860108CF8601082C
:1086A000E1860108E1860108E1860108E18601080A
:1086B000E1860108E1860108C38601080123FB73F6
:1086C00011E00623FB730EE00723FB730BE003238B
:1086D000FB7308E00423FB7305E00523FB7302E052
:1086E0000223FB7300BFFB7B18461437BD465DF8C1
:1086F000047B704780B588B002AFF860B9607A60DB
:108700003B6000233B61FB68002B08D07B68002B9B
:1087100005D03B6A002B02D07B6A002B02D10523D7
:10872000FB7515E0BB68002B02D03B68002B02D123
:108730000623FB750CE07B6A019307F1100300939D
:108740003B687A68B968F868FFF77EFE0346FB75F8
:10875000FB7D012B1ED13B69FA6813441B78184638
:10876000FFF756FF0346BB75BB7D012B07D13B6965
:1087700001333B617B6A1B689A1E7B6A1A603B6906
:10878000FA681A443B6A1A60BB6A002B02D0BB6AC3
:10879000BA7D1A70FB7D18461837BD4680BD80B57E
:1087A00088B004AFF860B9607A603B603B6A0293BE
:1087B000FB690193BB6900933B687A68B968F86804
:1087C000FFF798FF034618461037BD4680BD0000EE
:1087D0001FB514461A46094B1B680546D86854B99C
:1087E000074B1C46CDE9013400912B46054901F0A9
:1087F0009BFB01F041FD044BF4E700BF8803002020
:108800003FE1010811E1010804E1010870B50446E7
:108810000D4645EC104B164603F042FB51EC100B95
:108820007EB1C5F30A53C3F16B03002B09DD1B05B1
:1088300003F17F55002405F5401522462B46E7F746
:10884000EBFE41EC100B70BD2DE9F04F9FB00C46D4
:10885000179200221A9205904FF0000A4FF0000B79
:108860000A46199211782B294AD038D80D2932D8C6
:10887000082932D800293BD000220B92199D2A7872
:10888000302A40F0B3806A7802F0DF02582A6ED1B5
:1088900002930B9B01931AAB00938E4A05981BAB76
:1088A00019A902F0EFFB10F00F06044605D0062EC2
:1088B00028D10135002319950B93179B002B40F00D
:1088C0008E850B9BCBB152460BF1004343EC102B32
:1088D0001FB0BDE8F08F2029CED10132C1E72D298C
:1088E000CAD101210B91511C19915278002AC5D18E
:1088F000179B1994002B40F0708552465B46E5E7C4
:108900000021EFE71A9A3AB135211CA803F0C2FB07
:108910001A99059802F090FF013E1B9A042E06D882
:10892000DFE806F014031D201400DDE91CABE105AF
:1089300048BF4BF0004B2BF000431B0D1B05002BD9
:10894000BBD101F053FC22230360B6E7DDE91CA391
:1089500002F2334223F4801343EA025BE7E7DFF8D5
:108960007CB1E4E76FF0004B4FF0FF3ADFE7199B73
:108970005A1C19925B78302BF9D0002B9DD0012323
:108980000993199B0C93002308930A931F460A220C
:1089900019980578A5F13003D9B2092928D94E498B
:1089A000012201F070FB002832D000202A468146C7
:1089B0003D460346652A01D0452A14D11DB9099ABE
:1089C000024395D00025199C621C199262782B2ACB
:1089D00077D02D2A7BD04FF0000CA2F1300109296D
:1089E00040F2828019944FF00008A2E00023C7E70C
:1089F000082FD5BF0A99089902FB013302FB013306
:108A000000F10100D4BF0A93089301371990BFE722
:108A1000199B5A1C19925A787FB381463D46A2F1A0
:108A20003003092B12D90123C4E7199B5A1C199250
:108A30005A780130302AF8D0A2F13103082B00F225
:108A4000D384199B0C93814600200546303A00F1EF
:108A500001032AD0994400EB050C2B460A216345FB
:108A60000DD1691C01442844082816DC0A980A2301
:108A700003FB00230A93002318E03846DAE7082BAB
:108A800003F1010303DC0A9E4E430A96E7E7102B2D
:108A9000DEBF089E4E430896E1E70F28EBDC0898FE
:108AA0000A2303FB00230893E5E72946199A501C83
:108AB0001990527818460D46B1E74FF0000901238E
:108AC0007DE74FF0000CA21C1992A27885E74FF0C9
:108AD000010CF8E758E1010840E101080000F07FCF
:108AE000199A511C19915278302AF9D0A2F131010A
:108AF00008293FF678AF303A0E92199A0F924FF04C
:108B00000A08199A561C19965278A2F1300EBEF135
:108B1000090F39D90F99761A082E44F61F6803DC1D
:108B20000E998845A8BF8846BCF1000F01D0C8F156
:108B30000008002D4ED1099908437FF4BEAE002BEA
:108B40007FF4D6AE692A28D025DC492A25D04E2AC2
:108B50007FF4CEAE9B4919A802F0B6FC00283FF482
:108B6000C7AE199B1B78282B2ED197491CAA19A890
:108B700002F0BEFC052827D11D9BDDF870A043F054
:108B8000FF4B4BF4E00B98E60E9908FB0121A1F195
:108B900030020E92B5E76E2ADAE78C4919A802F086
:108BA00093FC00283FF4A4AE199B8949013B19A806
:108BB000199302F089FC10B9199B01331993DFF85E
:108BC00020B24FF0000A78E6824801F04DFB5BECE2
:108BD00010AB72E6A8EB09030A980993002F08BFAF
:108BE0002F46102D2C46A8BF1024E7F79BFC092D1B
:108BF00082468B4613DC099B002B3FF45EAE099B3B
:108C000078DD162B5FDC744901EBC301D1E900016B
:108C100052465B46E7F700FD82468B464DE66E4BBB
:108C200003EBC40353E91223E7F7F6FC82460898E6
:108C30008B46E7F777FC02460B4650465946E7F766
:108C400035FB0F2D82468B46D5DD099B2C1B1C4422
:108C5000002C40F3968014F00F030AD05E4901EB1C
:108C6000C30152465B46D1E90001E7F7D5FC8246D5
:108C70008B4634F00F0473D0B4F59A7F48DD00249E
:108C8000A0460A94A146059ADFF854B12223136046
:108C90004FF0000A0A9B002B3FF40FAE1A9905987B
:108CA00002F0CAFD0598494602F0C6FD0598414606
:108CB00002F0C2FD0A99059802F0BEFD0598214612
:108CC00002F0BAFDF9E5099AC5F125039342BCDB30
:108CD000414CC5F10F0504EBC50152465B46D1E995
:108CE0000001E7F799FC099B5D1B04EBC504D4E97F
:108CF00000238FE71633A8DB374BA9EB080803EBFB
:108D0000C808D8E9002350465946E7F7AFFD83E786
:108D1000324B089300232411504659461E46012C1D
:108D200021DC0BB182468B462C49ABF1547B01EB25
:108D3000C60152465B46D1E90001E7F76DFC284BBE
:108D40000A460B4027498B42824698D8A1F58011EC
:108D50008B4286BFDFF890B04FF0FF3A02F1547BB0
:108D6000002308937AE0E20705D5089BD3E90023A6
:108D7000E7F752FC0123089A083201366410089282
:108D8000CDE7EDD0644214F00F020AD0124B03EB92
:108D9000C20350465946D3E90023E7F767FD8246F0
:108DA0008B462411DCD01F2C20DD0024A0460A9421
:108DB000A146059A22234FF0000A4FF0000B1360E2
:108DC00068E700BFA6E2010844E101089EE201084D
:108DD000D8E201083FE1010850E4010828E4010855
:108DE0000000F07F0000A07CFFFFEF7F14F0100375
:108DF00018BF6A23A94E0893504659460023E2073C
:108E000004D5D6E90023E7F707FC0123641006F137
:108E10000806F4D10BB182468B46089BB3B1CBF365
:108E20000A52C2F16B03002B59460FDD1F2B55DD93
:108E3000342BDEBF4FF0FF33C2F14B0293404FF0B3
:108E4000000ACCBF4FF05C7B03EA010B0022002339
:108E500050465946E7F748FE0028A6D10A9B0093E2
:108E60000C9905982B463A4602F04EFD0A900028D0
:108E70003FF405AF099A002AA9EB0803A8BF002315
:108E80001293002422EAE2731693A0460A9B0598E7
:108E9000596802F091FC814600283FF4F4AE0A9B29
:108EA0001A69023203F10C0192000C3001F0CBF987
:108EB0004BEC10AB05981CAA1BA9CDE90CAB03F039
:108EC0005FF81A9000283FF4DEAE0598012102F009
:108ED000B1FD804648B94FF00008D4E64FF0FF32AC
:108EE00002FA03F303EA0A0AB0E71B9D1C9A002D5D
:108EF000ABBF129B169B169E129FACBFEF185E1B5A
:108F0000089BED1A1544664B013D9D42C2F13602A5
:108F100050DA5B1B1F2BA2EB03024FF001013DDC7B
:108F200001FA03F3139300231093BD18089BAF427B
:108F300016441E443B46A8BF2B46B342A8BF334647
:108F4000002BC2BFED1AF61AFF1A129B002B16DD7A
:108F5000414605981A4602F02DFE80460028BAD0F8
:108F600001461A9A059802F07BFD0E9000283FF406
:108F70008AAE1A99059802F05FFC0E9B1A93002D99
:108F80001DDC099B002B23DD4946169A059802F04B
:108F900011FE8146E0B94FF0000974E6C5F17F4546
:108FA00005F57F0505F57B45E23501FA05F31093DC
:108FB0001391BAE70023109301231393B5E71A998D
:108FC00005982A4602F050FE1A900028D9D15AE698
:108FD000002E07DD49460598324602F045FE8146DF
:108FE0000028D8D0002F08DD414605983A4602F007
:108FF0003BFE804600283FF446AE1A9905984A4643
:1090000002F0BAFE044600283FF43DAEC3680F9359
:109010000023C360414602F093FE002846DA0F9B0E
:1090200053EA0A036CD1CBF31303002B68D12BF066
:1090300000431B0D1B05B3F1D66F61D9636913B9EA
:109040002369012B5CDD21460122059802F00CFE0C
:109050004146044602F074FE002851DD2BF0004327
:10906000089A1B0D1B05002A6BD0B3F1D66F68D888
:10907000B3F15C7F7FF69DAE0A4B50465946002205
:10908000E7F7CAFA084B0B4082468B46002B7FF469
:1090900005AE059A2223136000E600BF70E10108C7
:1090A00002FCFFFF000050390000F07FCDF838B01F
:1090B00065D10F9ACBF313035AB39F4A93422BD136
:1090C000089B514603B39D4B5A461340B3F1D46FEE
:1090D0004FF0FF321BD81B0DC3F16B0302FA03F3F1
:1090E000994219D1964B0E9A9A4202D101313FF41E
:1090F000CAAD924B0E9A1A4002F5801B4FF0000A3F
:10910000089B002BB8D1C9E54FF0FF33E8E71346C1
:10911000E6E753EA0A03A1D0109BDBB10E9A134293
:10912000EED00F9B089A50465946BBB1FFF76EFB35
:10913000DDE90C0153EC102BE7F7B8F882468B46BB
:10914000DEE7A3F580136FEA135B6FEA0B5B4FF06A
:10915000FF3AD5E7139B13EA0A0FE1E7FFF756FB47
:10916000DDE90C0153EC102BE7F79EF800220023F9
:1091700082468B46E7F7B8FC0028C1D019E6414685
:10918000204602F055FF57EC106B00224FF0804351
:1091900030463946E7F7BCFC00286FD00F9B002B08
:1091A0007AD1BAF1000F58D10E9BC3F31303002BF1
:1091B0005AD1644B002230463946E7F79FFC00281D
:1091C00059D130463946604B0022E7F725FA06466A
:1091D0000F4607F1004306960793DDE90623574D36
:1091E000CDE910230E9B1D40584B9D4240F0B280AC
:1091F0000E9BA3F1547B4BEC10AB02F051FEDDE96A
:10920000062351EC100BE7F707FA52465B46E7F7E7
:109210004DF80B4649494E4A19409142824642D97F
:109220000D9A474B9A4203D10C9B01333FF42BAD6F
:10923000DFF80CB14FF0FF3A1A99059802F0FCFAEA
:109240000598494602F0F8FA0598414602F0F4FA0A
:109250000598214602F0F0FA18E6BAF1010F03D1A1
:109260000E9B002B3FF4A5AD9FED2B7B354F8DED75
:10927000067B0026B1E7344F0026AAE7324B304682
:1092800039460022E7F7C8F90F9B06460F46002B28
:109290009FD0CDE90667A0E79FED217B8DED067B92
:1092A00057EC176B99E703F1547B089BCDF838B066
:1092B000002BC1D12BF000431B0D1B059D42BBD1E0
:1092C00030463946E7F708FDE7F778F902460B46DE
:1092D00030463946E6F7E8FF0B460246CDE90C2357
:1092E000CBF313060F9B46EA0A061E436FD00EA36C
:1092F000D3E90023E7F702FC00287FF4CFAC0CA3EE
:10930000D3E90023DDE90C01E7F716FC002893D030
:10931000C4E400BFAFF30080000000000000F0BF15
:10932000000000000000F03F9535A094FFFFDF3FF4
:1093300035E5AF350000E03FFFFF0F000000F07F94
:10934000FFFFEF7F0000F03F0000E03F0000E07F04
:10935000FFFF9F7C089B23B3B5F1D46F21D828A3CE
:10936000D3E9002330463946E7F7D2FBA0B13946AE
:109370003046E7F729FC012838BF0120E7F7D2F88B
:109380000F9B06460F46FBB901F10043149015935D
:10939000DDE91423CDE91023119B03F1D6635B1B98
:1093A00011939DED0C0BDDE910AB02F079FD5046F9
:1093B00053EC102B5946E7F72FF9DDE90C23E6F7BC
:1093C00075FF82468B4670E7CDE91467E0E70EA390
:1093D000D3E90023E7F792FB98E700230B93179A52
:1093E000199B1360FFF76DBA652A3FF466AB452AF7
:1093F0003FF463AB0123FFF79EBB00BFAFF30080D8
:109400000000C0FFFFFFDF419535A094FFFFCF3F75
:109410000A4601460248034B0068FFF715BA00BF31
:10942000880300201C020020242B2DE9F0478646EB
:10943000904601D8012B06D100F0D8FE1623036018
:109440000020BDE8F08734480D462A4615F8014B48
:10945000065D16F00806F8D12D2C2DD12C780126AA
:10946000951C33F0100209D1302C2AD12A7802F051
:10947000DF02582A25D16C781023023506F1004C02
:109480000CF1FF3C0022BCFBF3F9104603FB19CAA8
:10949000A4F13007092F1BD83C46A34227DD571CF7
:1094A00007D0814520D301D1A2451DDB00FB03403D
:1094B000012215F8014BEBE72B2C04BF2C78951CEF
:1094C000CFE7002BDAD1302C0CBF08230A23D5E7D5
:1094D000A4F14107192F01D8373CDEE7A4F1610759
:1094E000192F04D8573CD8E74FF0FF32E1E7531C5F
:1094F00008D12223CEF800306046B8F1000FA0D08A
:10950000691E06E006B14042B8F1000F99D0002A6A
:10951000F6D1C8F8001094E799E1010813460A460D
:10952000014602480068FFF77FBF00BF88030020A4
:109530002DE9FF4757EC106B002F0C4619463B46B0
:10954000BBBF07F100431F4600232D230B700D9B6B
:10955000DDF830A0914623F02008BCBF3246164605
:10956000B8F1460F05D0B8F1450F00D10134022102
:1095700000E0032103AB019302AB009347EC106BB7
:109580005346224600F008FFB8F1470F054619D1AF
:1095900019F0010F0ED000EB040900220023304621
:1095A0003946E7F7A1FA08B1CDF80C903022039BB9
:1095B0004B451ED3039B0E9A5B1B2846136004B0D9
:1095C000BDE8F087B8F1460F00EB0409E5D1037858
:1095D000302B0AD10022002330463946E7F784FABF
:1095E00018B9C4F10104CAF80040DAF8003099440F
:1095F000D3E7591C03911A70D9E7F7B50029BABF10
:1096000049422D232B2309290270437029DD0DF1D6
:1096100007031D460A271A46B1FBF7F607FB161487
:10962000303402F8014C0C46632C03F1FF33314611
:10963000F1DC3031941E03F8011C411C2346AB427F
:109640000AD30DF109039B1AAC4288BF00230233F1
:109650000344181A03B0F0BD13F8016B01F8016F51
:10966000EDE7302330318370C170031DF1E7000056
:109670002DE9F04F8DB00C46DDF8588016461F4698
:10968000054600F013FD036804931846E6F700FE54
:1096900000230A93D8F800300590073323F007031E
:1096A00003F1080294F818A0D4F800B0C8F800201C
:1096B000D3E9008929F000430793CDF81880C4E965
:1096C0001289DDE906019C4B4FF0FF32E7F73EFAC5
:1096D00070BBDDE90601984B4FF0FF32E7F718FA4F
:1096E00030BB0022002340464946E7F707FA10B195
:1096F0002D2384F84330914A914BBAF1470F94BF20
:1097000090469846032323612BF0040323604FF017
:109710000009009733460BAA2146284600F0D2F9EB
:10972000013040F08D804FF0FF300DB0BDE8F08F7C
:1097300042464B4640464946E7F708FA40B14B4699
:10974000002BBCBF2D2384F843307E4A7E4BD4E7E8
:1097500063680AF0DF0206925A1C3BD1062363605D
:109760004BF480620023226003930AABCDE901A38E
:1097700009AB0093616849EC108B0DF12303284677
:10978000FFF7D6FE069B0999472B804629D1C81CB6
:1097900002DB6368994241DDAAF1020A5FFA8AFAA4
:1097A0000139524604F150000991FFF726FF0A9A49
:1097B0001318012A8146236102DC2268D20701D5F1
:1097C000013323619DF82330002BA2D02D2384F890
:1097D00043309EE7069A472AC2D1002BC0D101230D
:1097E000BDE7BAF1650FDBD9BAF1660F18D10029D0
:1097F00063680BDD216113B92268D00702D50133FC
:109800000B442361A1654FF00009DBE713B922681F
:10981000D20701D50233F4E70123F2E74FF0670ADC
:109820000A9B994205DB23682161D807EAD54B1CC6
:10983000E7E70029D4BFC1F1020201221344E0E7A7
:1098400023685A0507D42369424631462846B8475B
:1098500001302BD167E7BAF1650F40F2DD80D4E922
:10986000120100220023E7F73FF9002833D0374ADE
:10987000012331462846B84701303FF454AFDDE9B3
:109880000938434502DB2368D8070FD5DDE90423F7
:1098900031462846B84701303FF445AF4FF0000944
:1098A00008F1FF3804F11A0AC84509DC23689B0750
:1098B00000F10381E0680B9B9842B8BF184634E77B
:1098C0000123524631462846B84701303FF42BAFBA
:1098D00009F10109E8E7099B002B39DC1B4A012348
:1098E00031462846B84701303FF41DAFDDE909395C
:1098F00059EA030302D12368D907D7D5DDE9042348
:1099000031462846B84701303FF40DAF4FF0000A0A
:1099100004F11A0B099B5B42534501DC4B4693E76C
:1099200001235A4631462846B84701303FF4FBAE82
:109930000AF1010AEEE700BFFFFFEF7F99E201089D
:109940009DE20108A1E20108A5E20108A9E20108DF
:10995000A36DDDF828A05345A8BF5346002B9946B8
:1099600036DC4FF0000B29EAE97904F11A02A36D05
:109970000693A3EB09035B4531DC099B9A453ADC6E
:109980002368DA0737D4099BAAEB0309069BAAEBE5
:1099900003039945A8BF9946B9F1000F33DC4FF096
:1099A000000829EAE97904F11A0B099BAAEB0303E1
:1099B000A3EB090343457FF779AF01235A463146AC
:1099C0002846B84701303FF4AEAE08F10108ECE795
:1099D000424631462846B8470130C2D1A3E60123AA
:1099E000314628460692B84701303FF49CAE069AAD
:1099F0000BF1010BBBE7DDE9042331462846B847EC
:109A00000130C0D18FE6069A4B4642443146284683
:109A1000B8470130C3D186E6DDF828A0BAF1010FBE
:109A200001DCDB0736D50123424631462846B847DC
:109A300001303FF478AEDDE9042331462846B847CB
:109A400001303FF470AED4E91201002200230AF184
:109A5000FF3AE7F749F8C0B9534608F10102314629
:109A60002846B84701300CD15DE601235A463146FD
:109A70002846B84701303FF456AE08F10108D045FA
:109A8000F3DB4B4604F15002DFE64FF0000804F12F
:109A90001A0BF4E701234246E1E701234A46314627
:109AA0002846B84701303FF43EAE08F10108E368AC
:109AB0000B995B1A4345F0DCFCE64FF0000804F11B
:109AC0001909F4E72DE9F047164698468A680B69AC
:109AD000DDF820909342B8BF1346336091F84320DD
:109AE00007460C460AB1013333602368990642BF2A
:109AF000336802333360256815F0060506D104F19A
:109B0000190AE36832689B1AAB4226DC94F84330AA
:109B10002268003B18BF012392062BD404F14302B4
:109B200041463846C84701301ED02368226903F0F9
:109B30000603042B02BFE5683368ED1AA3680CBF67
:109B400025EAE57500259342C4BF9B1AED1800264F
:109B50001A34B5421AD1002008E00123524641468A
:109B60003846C847013003D14FF0FF30BDE8F087D9
:109B70000135C6E7E1185A1C302081F84300224421
:109B800094F8451082F843100233C7E701232246B8
:109B900041463846C8470130E6D00136D9E70000D3
:109BA0002DE9FF470F7E0C9E782F914680460C468C
:109BB0009A4601F1430207D8622F0AD8002F00F01D
:109BC000D280582F00F0B98004F1420684F8427028
:109BD0003AE0A7F16303152BF6D801A151F823F061
:109BE000399C01084D9C0108C99B0108C99B0108CB
:109BF000C99B0108C99B01084D9C0108C99B01082C
:109C0000C99B0108C99B0108C99B01084D9D01081A
:109C1000779C0108079D0108C99B0108C99B0108A1
:109C20006F9D0108C99B0108779C0108C99B010829
:109C3000C99B01080F9D010833681A1D1B6832601B
:109C400004F1420684F8423001239DE03368206825
:109C5000191D3160060601D51D6803E04506FBD5D8
:109C6000B3F90050002D03DA2D236D4284F8433000
:109C700059480A2311E021683368080653F8045B49
:109C800002D4490648BFADB26F2F5348336014BFAA
:109C90000A230823002184F843106668A660002E7A
:109CA000A2BF216821F0040121600DB9002E4BD024
:109CB0001646B5FBF3F103FB1157C75D06F8017DAE
:109CC0002F46BB420D46F4D9082B0BD12368DF0782
:109CD00008D5236961689942DEBF302306F8013C4C
:109CE00006F1FF36921B2261CDF800A04B4603AA75
:109CF00021464046FFF7E6FE01304AD14FF0FF30E3
:109D000004B0BDE8F087236843F0200323603348A4
:109D1000782784F84570236831681F0651F8045B82
:109D200002D45F0648BFADB23160D90744BF43F0EB
:109D3000200323601DB11023ACE72748E9E723681F
:109D400023F020032360F6E71646BDE73368256855
:109D50006169181D30602E061B6801D5196002E08C
:109D60006806FBD51980002323611646BCE73368DB
:109D70001A1D32601E68626800213046E6F738FA24
:109D800008B1801B606063682361002384F843305E
:109D9000AAE72369324649464046D0470130ADD054
:109DA00023689B0713D4E068039B9842B8BF18460A
:109DB000A6E70123324649464046D04701309DD0B0
:109DC0000135E36803995B1AAB42F2DCEBE700254F
:109DD00004F11906F5E700BFABE20108BCE2010897
:109DE000002310B50446C0E90033C0E904338360A2
:109DF00081814366C2818361194608225C3000F08C
:109E000026F90D4B63620D4BA3620D4BE3620D4BC4
:109E100023630D4B24629C4206D003F168029442F6
:109E200002D0D0339C4205D104F15800BDE8104067
:109E300000F006BA10BD00BFC99F0108EB9F0108E2
:109E400023A0010847A001085C610020024A0349E1
:109E5000034800F07BB800BF1002002071C7010862
:109E60008C03002041680C4B994210B5044601D088
:109E700002F07EFCA168094B994202D0204602F014
:109E800077FCE168064B994204D02046BDE81040BB
:109E900002F06EBC10BD00BF5C610020C4610020F8
:109EA0002C62002010B50B4B0B4C0C4A1A6020465C
:109EB00000220421FFF794FF04F168000122092128
:109EC000FFF78EFF04F1D0000222BDE810401221FE
:109ED000FFF786BF946200205C6100204D9E010860
:109EE000014800F0AEB900BF9D620020014800F0BB
:109EF000A9B900BF9D62002010B50446FFF7F0FF2E
:109F0000236A1BB1BDE81040FFF7F0BF044B23628A
:109F1000044B1B68002BF5D1FFF7C4FFF2E700BF2D
:109F2000659E0108946200200EB403B5014603ABA0
:109F3000054853F8042B0068019302F07DFA02B043
:109F40005DF804EB03B07047880300202DE9F84367
:109F50000746884614460026D4E90195B9F101095F
:109F600005D52468002CF7D13046BDE8F883AB89CD
:109F7000012B07D9B5F90E30013303D029463846F5
:109F8000C04706436835E9E70EB400B59CB01DAB89
:109F9000029006906FF00041094807910491094929
:109FA00053F8042B05910068019302A902F01EF9F1
:109FB000029B00221A701CB05DF804EB03B07047DE
:109FC000880300200802FFFF10B50C46B1F90E10FF
:109FD00000F0E8F80028ABBF636DA3891B1823F4D9
:109FE0008053ACBF6365A38110BD2DE9F0411F46CE
:109FF0008B89DB0505460C46164605D5B1F90E10D2
:10A000000223002200F0BCF8A389B4F90E1023F457
:10A010008053A38132463B462846BDE8F04100F01C
:10A02000D3B810B50C46B1F90E1000F0A9F8431CD6
:10A03000A38915BF606523F4805343F48053A38143
:10A0400018BFA38110BDB1F90E1000F033B802445F
:10A050000346934200D1704703F8011BF9E710B59E
:10A060000B4662B913F8012B002AFBD104E013F868
:10A07000014B00F8014B14B9581A013810BD013AD0
:10A08000F5D10270EEE710B56AB10139841810F805
:10A09000012B11F8013F9A4203D1A04201D0002ABE
:10A0A000F5D1D01A10BD1046FCE7000000487047FB
:10A0B0000C03002038B5064D0023044608462B60EB
:10A0C000F0F7F4F9431C02D12B6803B1236038BDCB
:10A0D00098620020294B1B68834270B504464BD020
:10A0E000C369ABB1DB686BB10025E369DB68595923
:10A0F00000293BD10435802DF7D1E3692046D9688A
:10A1000000F00EFFE369196811B1204600F008FF66
:10A11000616911B1204600F003FFE16911B12046E9
:10A1200000F0FEFE216B11B1204600F0F9FE616BDC
:10A1300011B1204600F0F4FEA16B11B1204600F0F1
:10A14000EFFEA16C11B1204600F0EAFE616C11B186
:10A15000204600F0E5FEE16A11B1204600F0E0FE85
:10A16000236A4BB12046BDE8704018470E68204670
:10A1700000F0D6FE3146BBE770BD00BF880300206B
:10A1800038B5074D04460846114600222A601A4693
:10A19000F0F7B3F9431C02D12B6803B1236038BD3B
:10A1A0009862002038B5074D044608461146002243
:10A1B0002A601A46F0F741F9431C02D12B6803B11B
:10A1C000236038BD9862002038B5074D0446084624
:10A1D000114600222A601A46F0F74CF9431C02D1BE
:10A1E0002B6803B1236038BD98620020014B1868CA
:10A1F000704700BF8803002070B50D4D0D4C641BE7
:10A20000A4100026A64209D10B4D0C4C02F0A8FC6C
:10A21000641BA4100026A64205D170BD55F8043B6E
:10A2200098470136EEE755F8043B98470136F2E7C8
:10A2300034E5010834E5010834E5010838E5010892
:10A240007047704770470A44914200F1FF3300D1D4
:10A25000704710B511F8014B03F8014F9142F9D145
:10A2600010BD0000000000009FED010B704700BF13
:10A27000000000000000F87F08B5062002F076FB21
:10A280000120F0F7CFF82DE9F74F03690C69A342DD
:10A2900007467EDB013C01F11408A30000F1140520
:10A2A000009305EB8403019358F8243055F82420DB
:10A2B00001339A4208EB8409B2FBF3F62ED34FF038
:10A2C000000AC446AE46D3465CF8043B98B206FB8F
:10A2D00000A0020C1B0C06FB0323DEF8002080B25A
:10A2E00092B2121A5A44DEF800004FEA134A9BB2A7
:10A2F000C3EB224303EB104392B242EA0342E1452F
:10A300004EF8042B4FEA234BDED2009BEB582BB9BF
:10A31000019B043B9D421A462FD33C61384601F015
:10A320000FFD002825DB2946002058F8042BD1F822
:10A3300000C01FFA82FE1FFA8CF3A3EB0E03034446
:10A34000120CC2EB234202EB1C429BB243EA0243D3
:10A35000C14541F8043B4FEA2240E6D255F824209B
:10A3600005EB840322B9043B9D421A460BD33C61A2
:10A370000136304603B0BDE8F08F1268043B002A76
:10A38000CBD1013CC6E71268043B002AEFD1013C67
:10A39000EAE70020EEE700002DE9F04FC76999B029
:10A3A0008DED020B55EC104B229E099183460E92C7
:10A3B00013937FB9102001F037F90246CBF81C0047
:10A3C00020B9A74BEF21A748FEF702FAC0E90177B1
:10A3D0000760C760DBF81C30196859B15A684A60D9
:10A3E000012393408B60584601F026FADBF81C30BD
:10A3F00000221A602B1EB9BF23F0004303930023F1
:10A400003360039F984BBCBF01223260BB4312D123
:10A41000139A42F20F731360C7F31303234300F040
:10A420004D85239BDFF854A2002B00F04F850AF1E5
:10A43000030300F049BD9DED027B002251EC170B98
:10A4400000238DED0C7BE6F74FFB804658B1139A45
:10A4500001231360239B13B1239A844B1360DFF80D
:10A4600020A200F033BD9DED0C0B16AA17A958468B
:10A4700001F086FDC7F30A568146002E77D00D9B6A
:10A48000CDF85080C3F31303DDE90C0143F07F5393
:10A4900043F44013A6F2FF3619460022744BE5F749
:10A4A00003FF69A3D3E90023E6F7B6F868A3D3E96D
:10A4B0000023E5F7FBFE044630460D46E6F742F87A
:10A4C00065A3D3E90023E6F7A7F802460B4620462A
:10A4D0002946E5F7EBFE04460D46E6F74DFB002264
:10A4E0000746002320462946E6F708FB40B13846D8
:10A4F000E6F728F822462B46E6F7F6FA00B9013FC0
:10A50000162F51D85B4B03EBC703D3E90023DDE9DA
:10A510000C01E6F7F3FA002848D0013F002312931C
:10A52000169B9B1B5A1E44BFC3F1010800230892CF
:10A5300054BF4FF000080893002F39DB089B0F979A
:10A540003B44089300230A93099B092B64D8052BED
:10A55000C4BF043B0993099BA3F10203CCBF0024B1
:10A560000124032B63D8DFE803F02A373555DDE9F2
:10A5700016631E4406F23243202BC1BFC3F14003D1
:10A580009F4006F2124324FA03F3D6BFC3F120031F
:10A5900047EA030004FA03F0E5F7C4FF0122A1F142
:10A5A000F873013E149277E70123B8E71290B7E7FA
:10A5B0007B420A930023A8EB07080F93C4E700230C
:10A5C0000B930E9B002B35DC0123009307931A4657
:10A5D0000E920BE00123F3E700230B930E9BFB1875
:10A5E00000930133012B0793B8BF0123DBF81C0054
:10A5F0000021042202F114059D421FD941605846F2
:10A6000001F0DAF8824600283CD11B4B024640F2AA
:10A61000AF11D8E60123E0E70124002309930B944E
:10A620004FF0FF330093079300221223D0E701235A
:10A630000B93F5E70E9B00930793D7E70131520088
:10A64000D8E700BFAFF3008061436F63A787D23FB5
:10A65000B3C8608B288AC63FFB799F501344D33F11
:10A66000E2E20108F9E201080000F07FAAE2010835
:10A670000000F83F50E4010851E30108DEE2010860
:10A68000A9E20108DBF81C301860079B0E2B00F2D2
:10A69000A480002C00F0A180002F33DDAD4B07F02B
:10A6A0000F0203EBC20393ED007BF8058DED047BF5
:10A6B0004FEA271416D5A84BDDE90C01D3E908238E
:10A6C000E6F7D4F8CDE9020104F00F040326A24D09
:10A6D00054B9DDE90423DDE90201E6F7C7F8CDE965
:10A6E000020128E00226F2E7E10708D5DDE90401CE
:10A6F000D5E90023E5F790FFCDE9040101366410A8
:10A700000835E5E700F0D2807C42924B924D04F090
:10A710000F0203EBC203D3E90023DDE90C01E5F7E7
:10A720007BFFCDE90201241100230226002C40F01A
:10A73000B280002BD3D1129BDDE90245002B00F043
:10A74000B780864B002220462946E6F7D7F9002835
:10A7500000F0AE80079B002B00F0AA80009B002B2E
:10A7600037DD7B1E049320467D4B00222946E5F70A
:10A7700053FFCDE90201009C01363046E5F7E2FEC9
:10A78000DDE90223E5F748FF764B0022E5F78EFD71
:10A790000546A1F15076002C40F08D80DDE90201E4
:10A7A000714B0022E5F780FD02460B46CDE90223FE
:10A7B0002A463346E6F7C0F9002840F08B82DDE9EF
:10A7C00002012A4606F10043E6F798F9002840F016
:10A7D0002881DDE90C34CDE90234179B002BC0F24F
:10A7E0005A810E2F00F357815A4B03EBC70393EDA9
:10A7F000007B0E9B002B8DED007B03DA079B002B6B
:10A8000040F30181DDE902455646DDE9002320469B
:10A810002946E6F72BF8E6F7AFF98046E5F792FE12
:10A82000DDE90023E5F7F8FE02460B4620462946FF
:10A8300008F13004E5F738FD06F8014B079DA6EB5B
:10A840000A04A54202460B4640F01781E5F72EFDAB
:10A85000DDE9002304460D46E6F76EF9002840F0D6
:10A86000F980DDE9002320462946E6F73DF918B1D5
:10A8700018F0010F40F0EE804946584600F0DCFF2A
:10A8800000233370139B01371F60239B002B00F0C4
:10A890001D831E601AE3E20705D5D5E90023E5F71D
:10A8A000BBFE01360123641008353FE7022642E76C
:10A8B000079C049761E7274B0B9903EBC40353E90B
:10A8C00002235444002953D028490020E5F7CEFF45
:10A8D00033462A46E5F7E8FCCDE910015646DDE9A6
:10A8E0000201E6F749F90546E5F72CFE02460B465C
:10A8F000DDE90201E5F7D8FC303502460B46CDE92B
:10A90000022306F8015BDDE91023E6F7F7F80028DB
:10A9100071D1DDE9022311490020E5F7C5FCDDE92D
:10A920001023E6F7EBF8002840F09580A6423FF4AC
:10A9300050AFDDE910010A4B0022E5F76DFE084B30
:10A94000CDE910010022DDE90201E5F765FECDE960
:10A950000201C4E750E4010828E401080000F03FC8
:10A960000000244000001C40000014400000E03FB4
:10A9700031462846E5F750FECDE9100115945646BC
:10A98000DDE90201E6F7F8F80546E5F7DBFD0246EA
:10A990000B46DDE90201E5F787FC303506F8015B7F
:10A9A00002460B46A642CDE902234FF0000224D115
:10A9B000AC4BDDE91001E5F779FC02460B46DDE919
:10A9C0000201E6F7B9F8002845D1DDE91023A549D1
:10A9D0000020E5F769FC02460B46DDE90201E6F7D7
:10A9E0008DF800283FF4F5AE159E731E159316F8EA
:10A9F000013C302BF8D0049F3EE79B4BE5F70CFE63
:10AA0000CDE90201BCE70CD1984B0022DDE9000141
:10AA1000E5F702FEDDE90223E6F784F8002800F0FE
:10AA20005781002425460E9BDB430493564600279E
:10AA30002146584600F000FF002DDCD02FB1AF4278
:10AA400003D03946584600F0F7FE2946584600F034
:10AA5000F3FED0E7049733461E4613F8012D392A3A
:10AA600007D19A45F8D1049A0132049230228AF82B
:10AA700000201A7801321A70BDE77B4B0022E5F7FF
:10AA8000CBFD0022002304460D46E6F72DF80028F2
:10AA90003FF4BBAEF0E60B9A002A00F0DB80099A87
:10AAA000012A00F3BF80149A002A00F0B78003F255
:10AAB00033430A9C4646089A01211A445846984452
:10AAC000089200F0B7FF05465EB1089B002B08DD39
:10AAD000B342089AA8BF3346A8EB0308F61AD31A64
:10AAE00008930A9BF3B10B9B002B00F0B7808CB14D
:10AAF00029462246584601F05DF84A460146054679
:10AB0000584600F0ADFF49460490584600F094FEC8
:10AB1000049B99460A9B1A1B04D04946584601F0EB
:10AB200049F881460121584600F084FF0F9B0446F6
:10AB3000002B00F0CF811A460146584601F03AF842
:10AB4000099B012B044600F39580029B002B40F0EB
:10AB50008780039BC3F31303002B40F08980039B82
:10AB600023F000431B0D1B052BB1089B01330893F9
:10AB700008F1010801230A930F9B002B00F0B0811C
:10AB8000236904EB8303186900F008FFC0F120007B
:10AB9000089B184410F01F0077D0C0F12003042B4D
:10ABA0006BDD089BC0F11C000344804406440893FD
:10ABB000B8F1000F05DD49464246584601F054F809
:10ABC0008146089B002B05DD21461A46584601F0B8
:10ABD0004BF80446129B002B59D02146484601F001
:10ABE000AFF8002853DA7B1E0493494600230A225B
:10ABF000584600F043FE0B9B8146002B00F072810B
:10AC0000002329460A22584600F038FE009B002BFC
:10AC1000054667DC099B022B41DC63E0169BC3F110
:10AC2000360346E7079B5C1E0A9BA342BFBF0A9BF5
:10AC30000F9A0A94E31AB4BFD2181C1B079BBCBF1F
:10AC40000F920024002BB5BFA8EB0306079B00233F
:10AC5000464630E70A9C0B9D464635E70A9A5CE774
:10AC6000002388E70000E03F00002440000014407B
:10AC7000029B80E700230A9382E799D0089A1C334D
:10AC80001A4498441E44089292E70346F6E7079B4D
:10AC90000497002B20DC0093099B022B1EDD009BF8
:10ACA000002B7FF4C0AE21460522584600F0E6FD99
:10ACB00001460446484601F043F800287FF7B3AE4A
:10ACC0005646312306F8013B049B01330493AEE65C
:10ACD000079C04972546F3E7079B00930B9B002BEB
:10ACE00000F00481002E05DD29463246584600F06A
:10ACF000BBFF05460A9B002B5AD06968584600F0F6
:10AD00005BFD064628B9844B024640F2EF21FFF76F
:10AD10005ABB2A690232920005F10C010C30FFF790
:10AD200092FA01223146584600F09EFF0AF10103D3
:10AD30000793009B53440B93029B03F001032F46A0
:10AD40000A930546079B2146013B48460093FFF7BF
:10AD50009AFA3946029000F13008484600F0F0FFB8
:10AD60002A4608902146584601F006F8C268064671
:10AD700002BB0146484600F0E3FF02463146584612
:10AD80000E9200F059FD099B0E9A079E43EA0201BC
:10AD90000A9B194310D1B8F1390F29D0089B002B19
:10ADA00002DD029B03F13108009B83F800803FE63F
:10ADB0002846BBE70122E1E7089B002B04DB099949
:10ADC0000B430A990B4320D1002AEDDD49460122AD
:10ADD000584600F049FF2146814600F0B1FF0028A7
:10ADE00003DCE1D118F0010FDED0B8F1390FD8D172
:10ADF000009A3923137033461E46013B16F8012C86
:10AE0000392A52D001321A7012E6002A07DDB8F151
:10AE1000390FEDD0009A08F10103137008E6079B83
:10AE2000079A03F8018C0B9B934228D049460023D4
:10AE30000A22584600F022FDAF4281464FF000033F
:10AE40004FF00A023946584607D100F017FD074671
:10AE50000546079B0133079374E700F00FFD294671
:10AE6000074600230A22584600F008FD0546F0E791
:10AE7000009B002BCCBF1E460126564400274946A6
:10AE80000122584600F0F0FE2146814600F058FFAE
:10AE90000028B0DC02D118F0010FACD133461E46B9
:10AEA00013F8012D302AFAD0C2E59A45A4D1049BAB
:10AEB0000133049331238AF80030B9E5239BDFF88E
:10AEC0005CA01BB10AF10803239A1360504619B025
:10AED000BDE8F08F099B012B7FF737AE0F9B0A93DC
:10AEE000012055E6009B002B7FF7D6AE5646214643
:10AEF0004846FFF7C8F900F1300806F8018B009BBF
:10AF0000A6EB0A029342B3DD494600230A225846C3
:10AF100000F0B4FC8146EAE751E30108D5E20108FC
:10AF200038B50546002941D051F8043C0C1F002BD0
:10AF3000B8BFE41800F034FC1D4A136833B96360ED
:10AF400014602846BDE8384000F030BCA34208D960
:10AF5000206821188B4201BF19685B6809182160BD
:10AF6000EDE71A465B680BB1A342FAD91168501895
:10AF7000A0420BD120680144501883421160E0D1F7
:10AF800018685B68536008441060DAE702D90C2344
:10AF90002B60D6E7206821188B4204BF19685B68D4
:10AFA000636004BF091821605460CAE738BD00BF60
:10AFB000A46200200369B3EB611F2DE9F0434FEA5F
:10AFC000611200F1140445DD11F01F0104EB83064A
:10AFD00004EB82050CD100F110072946B14234D3AD
:10AFE0009B1A9B00EA1E964238BF0023234415E0BB
:10AFF00054F82270C1F12008CF4005F1040EA1469B
:10B000007645F44615D89A1A9200043A0135AE42B4
:10B0100038BF0022A318A75007B104331A1BA3425C
:10B020004FEAA20208BF0023026108BF4361BDE8E6
:10B03000F083DCF800C00CFA08FC4CEA070749F87A
:10B04000047B5EF8047BCF40DAE751F804CB47F885
:10B0500004CFC3E72346E1E7A0F13003092B02D870
:10B060002038C0B27047A0F16103052B01D84738E2
:10B07000F7E7A0F14103052B01D82738F1E70020BD
:10B08000704700002DE9F04F85B08A4602930B68A7
:10B09000019090469C1CA14614F8010B3028FAD070
:10B0A000A9EB0303A3F1020BFFF7D6FF0546002827
:10B0B00068D1A04901224846FEF7E5FF074600286F
:10B0C00067D199F801002646FFF7C6FF002862D035
:10B0D000234618783028994603F10103F9D0FFF789
:10B0E000BBFFB0FA80F56D094FF0010B4A461646DA
:10B0F00001323078FFF7B0FF0028F8D18D490122E6
:10B100003046FEF7C0FF00283FD144B9741C2246E8
:10B11000164601323078FFF79FFF0028F8D1A41BB4
:10B12000A700337803F0DF03502B3ED173782B2B2D
:10B1300033D02D2B34D0711C00240878FFF78CFFFE
:10B14000431EDBB2182B30D8A0F1100211F8010F0A
:10B15000FFF782FF00F1FF3C5FFA8CFCBCF1180F97
:10B160004FF00A031ED904B152421744CAF8001026
:10B17000EDB1BBF1000F0CBF06250025284605B038
:10B18000BDE8F08F00252C46B0E7002CC7D127463C
:10B19000C7E74E462F460125C3E70024B11CCCE784
:10B1A0000124FBE703FB0200CEE73146DEE7A6EB16
:10B1B0000903013B2946072B0ADC019800F0FCFA41
:10B1C000044640B95C4B0246E4215C48FDF700FBB5
:10B1D00001315B10EFE700F1140A002355469B464E
:10B1E000B14537D345F804BBA5EB0A05AD10256181
:10B1F000584600F0D3FB6D01D8F800602D1AB54217
:10B2000054DDAD1B2946204600F067FF814678B12A
:10B210006B1E591103F01F025AF821104FF001095B
:10B2200009FA02F20A4203D04B4536DC4FF002091C
:10B2300029462046FFF7BEFE2F44D8F80830BB420F
:10B2400042DA0198214600F0F7FA0E9A00231360C3
:10B25000A32593E716F8012D2E2A12D0202B04D116
:10B2600045F804BB4FF0000B5B4630780393FFF7C3
:10B27000F3FE039B00F00F0098404BEA000B0433F1
:10B28000AEE7B145EAD82B49039301223046FEF7D9
:10B29000FAFE039B0028E1D1A2E7A91E204600F098
:10B2A0001CFF0028C2D04FF00309C1E709DA751B63
:10B2B000214601982A4600F0D7FC7F1B044600F186
:10B2C000140A4FF00009B8E7D8F80450BD426FDD0A
:10B2D000ED1BAE4234DCD8F80C30022B22D0032B0D
:10B2E00024D0012B15D1AE4213D1012E0BD1029ADD
:10B2F000D8F80430136001232361CAF800300E9B94
:10B3000062251C603AE7711E204600F0E6FE002828
:10B31000EDD10198214600F08FFA0E9A00231360B8
:10B3200050252BE70F9B002BF3D1E0E70F9B002B61
:10B33000DDD1EEE740E1010851E3010862E30108D5
:10B340006F1EB9F1000F30D127B13946204600F009
:10B35000C4FE81467A1101235AF8222007F01F0704
:10B36000BB4013422946204618BF49F00209FFF7A7
:10B3700021FED8F80470761B0225B9F1000F47D0E2
:10B38000D8F80C30022B15D0032B17D0012B09D184
:10B3900019F0020F06D0DAF8003049EA030919F073
:10B3A000010F0ED145F0100532E04FF00109D1E751
:10B3B0000125E2E70F9BC3F101030F930F9B002BC5
:10B3C000F0D0D4F810B004F114034FEA8B0A03EB69
:10B3D0008B014FF0000C184653F8042BB2F1FF3FDD
:10B3E0001BD001320260022D04F114033CD1D8F8C5
:10B3F0000020013AB24209D17111012253F82130E3
:10B4000006F01F0602FA06F61E423AD145F0200564
:10B410000E9B1C60029B1F60B0E6994243F804CC6F
:10B42000D9D8A3689B4517DB61680198013100F00A
:10B43000C3F9814618B91A4B02468421C5E6226930
:10B44000023204F10C0192000C30FEF7FCFE2146A2
:10B45000019800F0F1F94C4623695A1C04EB830370
:10B46000226101225A61BEE722695A450BDD0121A2
:10B470002046FFF79FFDD8F808300137BB42FFF6A2
:10B48000E0AE0125C2E716F01F06FAD05344C6F11C
:10B49000200653F8040C00F081FAB042E7DBF0E735
:10B4A00051E30108C2F10802920070B5C2F1200612
:10B4B0004368046803FA06F52C43D340046040F85F
:10B4C000043F8842F4D370BD30B50368013311F8EE
:10B4D000014B14B90360012030BD13F8012BA2F118
:10B4E0004105192D98BF2032A242F0D00020F3E789
:10B4F0002DE9F04F0B6801685E1102EB860613F030
:10B500001F0387B018BF04360025371F82469046B8
:10B51000019346F8045CB9463C460295AB464A782E
:10B520004B1C039342B3104605910492FFF794FD20
:10B53000002851D1049A0599202A18D8029B9B45CE
:10B5400013DD4C4506D2072D04DC2A464946204629
:10B55000FFF7A8FF444552D90023A4F1040944F899
:10B56000043CCDF808B04C461D460399D7E7292A7C
:10B5700057D10231CAF80010BBF1000F51D04C4531
:10B5800006D2072D04DC2A4649462046FFF78AFFEB
:10B59000444536D9A8F10402234653F8041B42F867
:10B5A000041F9F42F9D23B1B23F0030304330134F1
:10B5B000033EB44288BF04234344002243F8042BD3
:10B5C0009F42FBD23B681BB9474528D101233B6012
:10B5D000052007B0BDE8F08F0135082D0BF1010BF8
:10B5E00006DD4445C1D9002344F8043C0125043C50
:10B5F000226800F00F0040EA02102060B5E708253D
:10B60000B3E7019B002BDDD0C3F120034FF0FF32E5
:10B61000DA4056F8043C134046F8043CD2E7043FB5
:10B62000D0E70420D5E70000024B0146186800F07F
:10B6300025B800BF8803002070B50F4E0C46316856
:10B64000054611B901F0AEF930602146284601F0F7
:10B65000A9F9431C03D14FF0FF34204670BDC41C30
:10B6600024F00304A042F8D0211A284601F09AF9E8
:10B670000130F2D1EFE700BFA06200202DE9F843CE
:10B68000CD1C25F0030508350C2D38BF0C25002DE9
:10B69000064601DBA94204D90C2333600020BDE833
:10B6A000F883DFF8D48000F07BF8D8F800301C462F
:10B6B00044BB29463046FFF7BFFF431C044658D120
:10B6C000D8F800402746002F43D1002C4BD02368E8
:10B6D0003946304604EB030901F064F9814542D153
:10B6E00021686D1A29463046FFF7A6FF01303AD08F
:10B6F00023682B442360D8F800305A6862BBC8F82E
:10B7000000700FE02268521B20D40B2A17D9611950
:10B71000A342256018BF5960636808BFC8F80010CD
:10B7200062514B60304600F041F804F10B00231DDC
:10B7300020F00700C21A1CBF1B1AA350AFE76268B3
:10B74000A3420CBFC8F800205A60EBE723466468A8
:10B75000AEE73C467F68B6E71A465B68A342FBD17A
:10B7600000235360DEE70C233360304600F01EF800
:10B7700094E70560D6E700BFA462002082B001B95B
:10B7800001A942B14BB113780B601278101E18BF9B
:10B79000012002B070471046FBE76FF00100F8E7A8
:10B7A0000148FEF74EBD00BF9C6200200148FEF735
:10B7B00049BD00BF9C62002070B5C66904460D46B5
:10B7C00076B91020FFF730FF0246E06120B9184B30
:10B7D00018486B21FCF7FCFFC0E901660660C660F3
:10B7E000E669F36883B1E369DB6853F82500B8B90B
:10B7F000012101FA05F6721D9200204601F0E2F8DF
:10B8000060B1C0E901560EE021220421204601F07A
:10B81000D9F8E369F060DB68002BE4D1002070BD4B
:10B82000026843F825200023C0E90333F7E700BF8F
:10B83000E2E20108C2E3010870B5C66905460C469C
:10B8400076B91020FFF7F0FE0246E86120B9094BF7
:10B8500009488F21FCF7BCFFC0E901660660C6609D
:10B860003CB1EB696268DB6853F82210216043F851
:10B87000224070BDE2E20108C2E301082DE9F04177
:10B880000D6907460C461E4601F1140C0020DCF839
:10B89000003099B202FB01611E0C0B0C02FB063357
:10B8A00089B2013001EB034185424CF8041B4FEA99
:10B8B0001346ECDC0EB3A368AB4219DC6168384672
:10B8C0000131FFF779FF804628B902460C4B0D483D
:10B8D000BA21FCF77DFF2269023204F10C019200CB
:10B8E0000C30FEF7B0FC21463846FFF7A5FF444672
:10B8F00004EB850301355E6125612046BDE8F081DA
:10B9000051E30108C2E301082DE9F8430C4615464E
:10B910001F4609220833064693FBF2F30021012259
:10B920009A4209DB3046FFF747FF40B90246194B00
:10B930001948D321FCF74CFF52000131F0E7089B76
:10B940004361092D4FF00103036116DD04F109097C
:10B95000C8462C4418F8013B0146303B0A223046C9
:10B96000FFF78CFFA045F5D1A5F108044C442D1B31
:10B970006319BB4204DBBDE8F8830A340925F6E706
:10B9800014F8013B0146303B0A223046FFF776FFB0
:10B99000EEE700BF51E30108C2E30108B0F5803FC4
:10B9A000034636BF030400201020B3F1807F3CBF64
:10B9B0001B020830B3F1805F3CBF1B010430B3F1C0
:10B9C000804F3CBF9B000230002B05DB13F0804F03
:10B9D00000F1010008BF202070470368024613F001
:10B9E00007000BD0D90721D4980749BF5B089B08F3
:10B9F000012013605CBF13600220704799B209B93F
:10BA00001B0C1020D9B209B908301B0A190704BF52
:10BA10001B090430990704BF9B080230D90703D4DF
:10BA20005B0800F1010003D01360704700207047ED
:10BA30002020704710B50C460121FFF7BDFE0246DD
:10BA400028B9054B054840F24511FCF7C1FE01231A
:10BA50004461036110BD00BF51E30108C2E3010866
:10BA60002DE9F04F14460A6923699A42A8BF23467C
:10BA70000F46A4BF0C461F46D4F810A0D7F810906C
:10BA8000A36861680AEB0906B34285B0B8BF01310B
:10BA9000FFF792FE30B90246444B45484FF4B1716E
:10BAA000FCF796FE00F1140505EB86082B460022F4
:10BAB000434521D307F1140104F1140202EB8A0279
:10BAC00001EB89030293131B153B23F0030304339B
:10BAD00004F11507BA4238BF04230193029B039176
:10BAE0008B420CD8002E03DD58F8043D002B5BD0B0
:10BAF000066105B0BDE8F08F43F8042BD8E7B1F834
:10BB000000A0BAF1000F24D004F1140EA9464FF0A2
:10BB1000000C5EF8047BD9F800301FFA87FB9BB25B
:10BB20000AFB0B334FEA174BD9F8007063444FEA16
:10BB3000174C0AFB0BC707EB13479BB243EA0743BB
:10BB4000724549F8043B4FEA174CE2D8019B45F88F
:10BB500003C0039BB3F802900431B9F1000F21D068
:10BB60002B6804F1140CAE464FF0000ABCF800B08C
:10BB7000BEF8027009FB0B7757449BB243EA0743B8
:10BB80004EF8043B5CF8043B4FEA134ABEF8003021
:10BB900009FB0A3303EB174362454FEA134AE5D822
:10BBA000019FEB51043599E7013E9BE751E3010802
:10BBB000C2E301082DE9F843154612F003020746D7
:10BBC0000E4607D0254C013A002354F82220FFF7F7
:10BBD00055FE0646AD103DD0FC697CB91020FFF73C
:10BBE00023FD0246F86128B91D4B1E4840F2B311EF
:10BBF000FCF7EEFDC0E901440460C460D7F81C8086
:10BC0000D8F808404CB940F271213846FFF712FFCE
:10BC10000023C8F80800044603604FF00009EB0752
:10BC20000AD5314622463846FFF71AFF314680468C
:10BC30003846FFF701FE46466D100BD0206838B934
:10BC4000224621463846FFF70BFF2060C0F80090DF
:10BC50000446E4E73046BDE8F88300BF1CE4010871
:10BC6000E2E20108C2E301082DE9F0470C46496809
:10BC7000236903EB6218A368074691464FEA621AEC
:10BC800008F10106B3420BDB3846FFF795FD054688
:10BC900048B90246284B29484FF4EF71FCF798FD4C
:10BCA00001315B00EEE7002300F1140100F1100206
:10BCB0001846534533DB20692AEAEA7A04F1140373
:10BCC00019F01F0901EB8A0103EB800C2BD0C9F19D
:10BCD000200E8A460022186800FA09F010434AF83C
:10BCE000040B53F8042B9C4522FA0EF2F3D8ACEB6C
:10BCF0000403153B23F00303043304F115008445CA
:10BD000038BF0423CA500AB108F10206013E384682
:10BD10002E612146FFF790FD2846BDE8F08742F8E6
:10BD2000040F0133C5E7043953F8042B41F8042FFD
:10BD30009C45F9D8EAE700BF51E30108C2E30108D6
:10BD40000A6903460069801A30B50ED114331431E4
:10BD500003EB820401EB820154F8045D51F8042DD9
:10BD6000954203D005D24FF0FF3030BDA342F3D34C
:10BD7000FBE70120F9E700002DE9F74F8946064669
:10BD8000114648461446FFF7DBFF051E12D129462F
:10BD90003046FFF711FD024628B93F4B40F23721EC
:10BDA0003E48FCF715FD0123C0E90435104603B0F9
:10BDB000BDE8F08FBCBF4B46A1463046D9F8041011
:10BDC000BABF1C4601250025FFF7F6FC024618B94C
:10BDD000314B40F24521E3E7D9F810702669C56080
:10BDE00009F1100309F1140504F1140E00F1140B0C
:10BDF00005EB87080EEB86060193D9464FF0000C41
:10BE0000019B5EF8040B53F804AF01931FFA8AF309
:10BE1000194683B2CB1A000C6344C0EB1A4000EB06
:10BE200023409BB243EA0043764549F8043B4FEA7E
:10BE3000204CE5D8331B153B23F0030315340433A2
:10BE4000A64238BF04231D445B441E462C4644458D
:10BE50000ED308F10301491B21F00301033DA8455E
:10BE600038BF00210B4453F8041D91B117619DE7C1
:10BE700054F8041BE646080C1CFA81FC714400EBE4
:10BE80002C4089B241EA004146F8041B4FEA204C9D
:10BE9000DDE7013FE7E700BF51E30108C2E3010826
:10BEA00082B08DED000B019A0F4B1340A3F150733C
:10BEB000002B08DC5B42B3F1A07F4FEA235204DA87
:10BEC0004FF400231341002208E0A2F114031E2BBB
:10BED000DABF4FF00042DA40012200231946104633
:10BEE00041EC100B02B070470000F07F2DE9F041EB
:10BEF000066900F1140808EB8606371F56F8042C73
:10BF00001046FFF74BFDC0F120030A280B601B49C8
:10BF100015DCC0F10B0C22FA0CF3B84543EA01051D
:10BF200034BF56F8083C0023153002FA00F023FA1B
:10BF30000CF303431C4645EC104BBDE8F081B845BB
:10BF40003ABF56F8083CA6F1080700230B3812D078
:10BF5000C0F1200123FA01F482402243474542F018
:10BF60007F558CBF57F8042C00228340CA4045F40B
:10BF700040151343DEE742EA0105DBE70000F03F2E
:10BF80002DE9F7430F46012159EC108B1646FFF7B8
:10BF900013FC044630B90246234B244840F20F31CB
:10BFA000FCF716FCC9F30A55C9F313030DB143F4AA
:10BFB00080130193B8F1000323D068460093FFF784
:10BFC0000CFDDDE90012D0B1C0F1200302FA03F349
:10BFD0000B43C24063610192019BA361002B0CBF24
:10BFE000012202222261A5B1A5F2334505443D603C
:10BFF000C0F135003060204603B0BDE8F0836161D8
:10C00000EAE701A8FFF7E9FC019B63612030012208
:10C01000E8E704EB8203A0F2324038601869FFF7CA
:10C02000BDFCC0EB4210E5E751E30108C2E30108A3
:10C030002DE9F04F85B0CDE9001002A9FFF756FFBA
:10C04000009803A955EC104BFFF750FF019B1969AD
:10C05000009B1B69C91ADDE902329B1A5BEC10AB2D
:10C0600003EB4113002BCEBF2A46C3EB03335A46E2
:10C070002F46D946CCBF02EB035702EB03594B4680
:10C08000524620463946E4F7F1FB41EC100B05B06F
:10C09000BDE8F08F013970B549111469013102F121
:10C0A000140300EB810103EB8404051FA3420CD3AE
:10C0B000A31A113B23F003031132A24288BF0023CD
:10C0C00018440023884205D370BD53F8046B45F82B
:10C0D000046FEBE740F8043BF4E700F11402006959
:10C0E0004B11984210B511DB0ADD11F01F0107D08A
:10C0F00052F8234024FA01F000FA01F18C420BD1EE
:10C1000002EB8303934203D8002010BD0346F7E7F8
:10C1100053F8041D0029F5D00120F6E70346084630
:10C1200041B1FF2A04D98A221A604FF0FF307047CC
:10C130000A70012070472DE9F0478E681F46BE4205
:10C140000B6882460C4690462DD8B1F90C2012F4AB
:10C15000906F26D06569096905EB4505A3EB0109D8
:10C1600005EBD5757B1C4B446D109D4238BF1D46B9
:10C17000530527D52946FFF781FA064660B32169A2
:10C180004A46FEF760F8A38923F4906343F08003E6
:10C19000A381266165614E44A5EB09052660A56073
:10C1A0003E46BE4200D93E4620683246414600F037
:10C1B0009BFBA3689B1BA360236833442360002080
:10C1C000BDE8F0872A4600F011FC06460028E0D1C1
:10C1D00021695046FEF7A4FE0C23CAF80030A3895B
:10C1E00043F04003A3814FF0FF30E9E72DE9F04F22
:10C1F00098468B891B069DB007460D46144610D500
:10C200000B6973B94021FFF739FA2860286130B90A
:10C210000C233B604FF0FF301DB0BDE8F08F402392
:10C220006B610023099320238DF82930CDF80C8011
:10C230003023DFF89C818DF82A304FF00109234626
:10C240009A4613F8012B0AB1252AF9D1BAEB040B4F
:10C250000BD05B46224629463846FFF76CFF01307B
:10C2600000F0A780099A5A4409929AF80030002BEE
:10C2700000F09F8000234FF0FF32CDE905230AF143
:10C28000010A049307938DF853301A9354460522FC
:10C2900014F8011B4E48E3F7ABFF049AD8B9D00657
:10C2A00044BF20238DF85330110744BF2B238DF852
:10C2B00053309AF800302A2B15D0079A54460020A4
:10C2C0004FF00A0C214611F8013B303B092B4BD9AA
:10C2D000B0B1079214E0A0EB080309FA03F313438B
:10C2E0000493A246D2E7039B191D1B680391002B00
:10C2F000BBBF5B4242F0020207930793B8BF0492B0
:10C3000023782E2B0AD163782A2B32D1039B1A1D56
:10C310001B68039243EAE37302340593DFF8C0A07D
:10C32000217803225046E3F763FF38B1049BA0EB6A
:10C330000A004022824013430134049314F8011B85
:10C3400024488DF828100622E3F752FF002836D043
:10C35000214B1BBB039B073323F0070308330393D5
:10C36000099B334409936AE70CFB02320C46012017
:10C37000A8E700230134059319464FF00A0C204624
:10C3800010F8012B303A092A03D9002BC6D00591A9
:10C39000C4E70CFB012104460123F0E703AB009343
:10C3A0002A460E4B04A93846FDF762F9421C0646A0
:10C3B000D6D1AB895B063FF52DAF09982CE703ABCF
:10C3C00000932A46054B04A93846FDF7E9FBEDE743
:10C3D00018E5010822E501087196010837C1010836
:10C3E0001EE501089368013B002B10B4936008DA46
:10C3F0009469A34201DB0A2903D15DF8044B00F0E4
:10C40000DFB91368581C1060197008465DF8044BBA
:10C410007047F8B506460F461446D518AC4201D110
:10C42000002007E014F8011B3A463046FFF7DAFF18
:10C43000431CF3D1F8BD00002DE9F04F0D469DB02F
:10C4400014469846064618B1036A0BB9FDF754FD29
:10C450006B6ED90705D4AB899A0502D4A86DFDF798
:10C46000F0FEAB891B0701D52B699BB929463046E5
:10C4700000F0E4F970B16B6EDC0704D54FF0FF30CB
:10C480001DB0BDE8F08FAB899805F7D4A86DFDF716
:10C49000D9FEF3E70023099320238DF82930CDF846
:10C4A0000C803023DFF8AC818DF82A304FF0010981
:10C4B00023469A4613F8012B0AB1252AF9D1BAEB83
:10C4C000040B0BD05B46224629463046FFF7A1FFFE
:10C4D000013000F0A780099A5A4409929AF8003076
:10C4E000002B00F09F8000234FF0FF32CDE90523A1
:10C4F0000AF1010A049307938DF853301A935446B6
:10C50000052214F8011B5348E3F772FE049AD8B9C8
:10C51000D10644BF20238DF85330130744BF2B238B
:10C520008DF853309AF800302A2B15D0079A5446CC
:10C5300000204FF00A0C214611F8013B303B092B3B
:10C540004BD9B0B1079214E0A0EB080309FA03F34A
:10C5500013430493A246D2E7039B191D1B68039162
:10C56000002BBBBF5B4242F0020207930793B8BFA8
:10C57000049223782E2B0AD163782A2B32D1039B85
:10C580001A1D1B68039243EAE37302340593DFF834
:10C59000D4A0217803225046E3F72AFE38B1049B49
:10C5A000A0EB0A004022824013430134049314F8A4
:10C5B000011B29488DF828100622E3F719FE0028F0
:10C5C0003FD0264B1BBB039B073323F007030833E5
:10C5D0000393099B3B4409936AE70CFB02320C4628
:10C5E0000120A8E700230134059319464FF00A0CF7
:10C5F000204610F8012B303A092A03D9002BC6D067
:10C600000591C4E70CFB012104460123F0E703ABCD
:10C6100000932A46124B04A93046FDF729F8074635
:10C62000781CD6D16B6ED90705D4AB899A0502D494
:10C63000A86DFDF707FEAB895B063FF51FAF0998B4
:10C640001EE703AB00932A46054B04A93046FDF7CD
:10C65000A7FAE4E718E5010822E501087196010848
:10C6600013C401081EE50108B1F90C202DE9F041C1
:10C67000160705460C4654D44B68002B02DC0B6CA5
:10C68000002B48DDE66A002E45D0002312F48052CC
:10C690002F68216A2B6030D0626DA389590705D5B8
:10C6A0006368D21A636B0BB1236CD21A0023E66A5B
:10C6B000216A2846B047431CA38906D129681D2951
:10C6C0002BD82A4A0A41D60727D400226260D9040F
:10C6D0002269226004D5421C01D12B6803B9606530
:10C6E000616B2F60B9B104F14403994202D028462E
:10C6F000FEF716FC002363630DE001232846B047D4
:10C700000246501CC9D12B68002BC6D01D2B01D06E
:10C71000162B1ED12F60002022E043F040031BB2F5
:10C720001BE00F69002FF6D093070E6808BF4B6916
:10C730000F6018BF0023A6EB07088B60B8F1000F4D
:10C74000E9DD216AA66A43463A462846B0470028F2
:10C7500008DCB4F90C3043F04003A3814FF0FF3004
:10C76000BDE8F0810744A8EB0008E7E7FEFFBFDF64
:10C7700038B50B6905460C4613B90025284638BD67
:10C7800018B1036A0BB9FDF7B7FBB4F90C30002BF5
:10C79000F3D0626ED00704D4990502D4A06DFDF7E2
:10C7A00050FD28462146FFF75FFF636EDA07054616
:10C7B000E4D4A3899B05E1D4A06DFDF743FDDDE73B
:10C7C000F8B50E461446054618B1036A0BB9FDF7D5
:10C7D00093FBA369A360A3891A0701D5236943B911
:10C7E0002146284600F02AF818B14FF0FF373846A6
:10C7F000F8BD23682269981A6369F6B28342374606
:10C8000005DC21462846FFF7B3FF0028EDD1A368D9
:10C81000013BA36023685A1C22601E706269431C9E
:10C820009A4204D0A389DB07E1D50A2EDFD1214645
:10C830002846FFF79DFF0028D9D0D6E738B5294B09
:10C84000054618680C4618B1036A0BB9FDF754FB8E
:10C85000B4F90C30190722D4DA0607D409222A6069
:10C8600043F04003A3814FF0FF3033E0580712D567
:10C87000616B41B104F14403994202D02846FEF7AE
:10C880004FFB00236363A38923F02403A3810023C8
:10C89000636023692360A38943F00803A3812369AC
:10C8A0004BB9A38903F42073B3F5007F03D021466D
:10C8B000284600F0EFF8B4F90C3013F001020AD06A
:10C8C0000022A26062695242A261226942B913F059
:10C8D0008000C5D138BD990758BF6269A260F4E7EE
:10C8E0000020F7E788030020884210B501EB02041E
:10C8F00002D98442234607D8431EA14208D011F82A
:10C90000012B03F8012FF8E7024401468A4200D1C7
:10C9100010BD13F8014D02F8014DF7E71F2938B596
:10C9200005460C4604D9162303604FF0FF3038BD8E
:10C93000C26B12B152F821304BB9284600F030F8E2
:10C94000224601462846BDE8384000F017B8012BC2
:10C950000AD0591C03D1162303600120E7E7002108
:10C9600042F82410204698470020E0E7024B014699
:10C970001868FFF7D3BF00BF8803002038B5074D04
:10C9800000230446084611462B60EDF73BFD431C8F
:10C9900002D12B6803B1236038BD00BF986200202C
:10C9A000EDF728BD38B5064D0023044608462B6038
:10C9B000EDF7B0FD431C02D12B6803B1236038BDF5
:10C9C0009862002070B5A1FB02543CB92946FEF7DD
:10C9D00055FE064628B90026304670BD0C2202607E
:10C9E000F9E72A462146FDF732FBF5E72DE9F0414C
:10C9F000804615460C4621B9BDE8F0411146FEF7C8
:10CA00003DBE2AB9FEF78CFA00242046BDE8F0812D
:10CA100000F09EF88542064602D8B5EB500FF4D8D8
:10CA200029464046FEF72AFE07460028ECD0B542CC
:10CA30002A46214628BF3246FDF705FC21464046DE
:10CA4000FEF76EFA3C46E0E770B50C46B1F90E1001
:10CA5000002996B015461E460DDAA38913F0800F03
:10CA60004FF0000114BF40234FF480630020316079
:10CA70002B6016B070BD6A4600F048F80028ECDB69
:10CA8000019901F47041A1F50053594259414FF405
:10CA90008063EBE78B89F7B59D0706460C4607D503
:10CAA00004F14703236023610123636103B0F0BDF8
:10CAB00001AB6A46FFF7C8FF009F0546394630467E
:10CAC000FEF7DCFD48B9B4F90C309A05EED423F03A
:10CAD000030343F00203A381E2E7A389206043F04C
:10CAE0008003A381019BC4E904075BB1B4F90E1074
:10CAF000304600F01DF828B1A38923F0030343F06A
:10CB00000103A381A3891D43A581CFE738B5074D54
:10CB100000230446084611462B60EDF7D3FC431C66
:10CB200002D12B6803B1236038BD00BF986200209A
:10CB300038B5064D0023044608462B60EDF7D2FCBD
:10CB4000431C02D12B6803B1236038BD98620020DA
:10CB500051F8043C181F002BBCBF0B58C01870477D
:10CB6000F8B500BFF8BC08BC9E467047F8B500BFDA
:08CB7000F8BC08BC9E467047AA
:10CB78004449535041544348455200007061726122
:10CB88006D65746572732E76616C756500000000C2
:10CB9800706172616D65746572732E696E74657209
:10CBA8006E616C5F6964000063727970746F5F72A4
:10CBB800656D6F76655F6B6579000000454E5600C0
:10CBC80048454154455200004C434D0050554D5086
:10CBD8000000000050575220535550504C59000047
:10CBE80053595354454D0000555345525F494E54CF
:10CBF800455246414345000056414C564500000009
:10CC080025303858000000004845415254424541FB
:10CC1800545F53544154455F4F464600484541527E
:10CC280054424541545F53544154455F4F4E0000B0
:10CC380070756D705F73706565645F73657400000F
:10CC480070756D705F73706565645F67657400000B
:10CC580070756D705F63757272656E745F67657409
:10CC68000000000070756D705F696E6974000000E7
:10CC780076616C76655F73746174655F7365740063
:10CC880076616C76655F73746174655F676574005F
:10CC980076616C76655F63757272656E745F6765E1
:10CCA8007400000076616C76655F696E69740000D7
:10CCB8006865617465725F73746174655F736574C8
:10CCC800000000006865617465725F737461746563
:10CCD8005F676574000000006865617465725F6372
:10CCE800757272656E745F6765740000686561745B
:10CCF80065725F74656D705F6765740072657365F2
:10CD080072766F69725F6C6576656C5F67657400D3
:10CD1800706F7765725F737570706C795F766F6C22
:10CD2800746167655F67657400000000706F776500
:10CD3800725F737570706C795F63757272656E740B
:10CD48005F67657400000000706F7765725F7375C8
:10CD580070706C795F73746174655F7365740000DB
:10CD6800706F7765725F737570706C795F737461DB
:10CD780074655F67657400006C636D5F73706565EB
:10CD8800645F7365740000006C636D5F7370656544
:10CD9800645F6765740000006C636D5F6375727231
:10CDA800656E745F676574006C636D5F74656D7044
:10CDB8005F676574000000006C636D5F66616E5F9D
:10CDC80073746174655F7365740000006C636D5FF4
:10CDD80066616E5F73746174655F676574000000F7
:10CDE8006C636D5F66616E5F73706565645F7365C4
:10CDF800740000006C636D5F66616E5F73706565DB
:10CE0800645F676574000000737570706C795F709B
:10CE18007265735F67657400737570706C795F74A1
:10CE2800656D705F6765740072657475726E5F74A6
:10CE3800656D705F67657400616D6269656E745FCA
:10CE480074696C745F67657400000000616D6269E5
:10CE5800656E745F74656D705F67657400000000CF
:10CE680073797374656D5F6D6F64655F7365740066
:10CE780073797374656D5F7374617475735F6765D7
:10CE88007400000073797374656D5F6D66675F6425
:10CE98006174615F7365740073797374656D5F6D38
:10CEA80066675F646174615F676574007379737442
:10CEB800656D5F66775F76657273696F6E5F6765CC
:10CEC8007400000073797374656D5F68775F7665C9
:10CED8007273696F6E5F67657400000073797374AD
:10CEE800656D5F7265736574000000006372797028
:10CEF800746F5F6E65775F6B65795F726571756575
:10CF080073740000696E76616C69645F636F6D6D40
:10CF1800616E6400696E76616C69645F6A736F6ED6
:10CF2800000000007069645F73746174655F736505
:10CF3800740000007069645F73746174655F67658D
:10CF4800740000007069645F6D6F64655F73657479
:10CF5800000000007069645F6D6F64655F676574E9
:10CF6800000000007069645F736574706F696E74A7
:10CF78005F736574000000007069645F73657470A6
:10CF88006F696E745F676574000000007069645FA4
:10CF980070726F706F7274696F6E616C5F736574B5
:10CFA800000000007069645F70726F706F7274695E
:10CFB8006F6E616C5F676574000000007069645F84
:10CFC800696E74656772616C5F7365740000000058
:10CFD8007069645F696E74656772616C5F676574B8
:10CFE800000000007069645F646572697661746945
:10CFF80076655F73657400007069645F6465726963
:10D008007661746976655F67657400007069645F4E
:10D01800687973746572657369735F73657400000A
:10D028007069645F687973746572657369735F6743
:10D03800657400007069645F73656E736F725F7208
:10D048006174696F5F736574000000007069645FE4
:10D0580073656E736F725F726174696F5F67657411
:10D06800000000007069645F706572696F645F73C7
:10D07800657400007069645F706572696F645F67EA
:10D08800657400007069645F73616D706C65735FCF
:10D09800736574007069645F73616D706C65735F4C
:10D0A8006765740075695F627574746F6E5F737419
:10D0B800617475735F6765740000000075695F616E
:10D0C8006C6572745F6C6576656C5F73657400007F
:10D0D80075695F616C6572745F6C6576656C5F67B6
:10D0E800657400007069645F70756D705F7370655A
:10D0F80065645F73657400007069645F70756D7056
:10D108005F73706565645F67657400007069645F6C
:10D1180064656275675F67657400000068656172C1
:10D1280074626561740000006865617274626561AB
:10D13800745F7374617475735F73657400000000C5
:10D148006865617274626561745F73746174757324
:10D158005F67657400000000766F6C746167655FD7
:10D168006D56000063757272656E745F6D410000E4
:10D17800706F745F76616C7565000000737461741C
:10D188006500000074656D705F46000074656D7021
:10D198005F4300006C6576656C0000007072657313
:10D1A8005F5053490000000073706565645F52501A
:10D1B8004D000000616363656C5F780061636365BF
:10D1C8006C5F7900616363656C5F7A006779726F81
:10D1D8005F7800006779726F5F7900006779726F16
:10D1E8005F7A00006D66675F64617461000000002B
:10D1F80066775F76657273696F6E0000696E746535
:10D20800726E616C5F69640076616C756500000020
:10D218004D4F44455F444542554700004D4F4445F6
:10D228005F534146450000004D4F44455F5354410C
:10D238004E444259000000004D4F44455F53484159
:10D248004D000000636F6D6D616E64007365715F02
:10D258006E756D6265720000706172616D657465EE
:10D268007273000073656E736F725F64617461003E
:10D27800535550504C595F32345600005355505056
:10D288004C595F3132560000535550504C595F3558
:10D2980056000000535550504C595F335633000028
:10D2A80073797374656D5F73746174650000000051
:10D2B8007265736572766F6972000000616D6269EC
:10D2C800656E7400737570706C79000072657475A2
:10D2D800726E000076616C76655F6964000000001C
:10D2E80072736572766F69725F696400706F7765D3
:10D2F800725F737570706C795F6964006C65645FE8
:10D308006964000073746174757300006572726FEC
:10D31800725F636F646500004F4B0000537973744C
:10D32800656D20697320627573790000524E47203D
:10D338006572726F720000004B657920464C41534C
:10D3480048206572726F72004A534F4E20636F6DAA
:10D358006D616E642073747275637475726520698B
:10D368006E76616C69640000436F6D6D616E642058
:10D378006E6F74207265636F676E697A656400000A
:10D38800496E76616C69642073657175656E636555
:10D39800206E756D626572005468652072656365FC
:10D3A8006976656420696420697320696E76616CAA
:10D3B80069640000506172616D65746572206D6901
:10D3C8007373696E672066726F6D20636F6D6D6130
:10D3D8006E640000506172616D65746572207661DB
:10D3E8006C756520696E76616C69640054686520A7
:10D3F8007265636569766564207374617465206914
:10D408007320696E76616C69640000005468652059
:10D418007265636569766564207370656564206903
:10D4280073206F7574206F662072616E67650000E7
:10D43800536F6D657468696E672077726F6E6720C9
:10D44800776974682055415254000000536F6D6528
:10D458007468696E672077726F6E67207769746881
:10D468002053504900000000536F6D657468696E61
:10D47800672077726F6E6720776974682049324336
:10D488000000000044657669636520696E20536179
:10D4980066652D6D6F6465005468697320616374F7
:10D4A800696F6E2069732064697361626C656400DA
:10D4B80073656E736F725F6572726F720000000041
:10D4C800446576696365206E6F7420696E69746956
:10D4D800616C697A6564000056414C56455F4D4160
:10D4E800494E000056414C56455F4155585F410032
:10D4F80056414C56455F4155585F420056414C567F
:10D50800455F4155585F4300414C4552545F4E4F6B
:10D51800545F524541445900414C4552545F4E4F67
:10D528004E450000414C4552545F4C4F5700000097
:10D53800414C4552545F4D454449554D000000004B
:10D54800414C4552545F484947480000414C4552B8
:10D55800545F5741524E494E4700000053544154BE
:10D56800455F4F4E0000000053544154455F4F46FD
:10D578004600000053544154455F494E41435449C5
:10D588005645000053544154455F4143544956455C
:10D59800000000005049445F4D4F44455F535441DB
:10D5A8004E444259000000005049445F4D4F4445E5
:10D5B8005F4C434D000000005049445F4D4F4445C7
:10D5C8005F484541544552005049445F53544154C3
:10D5D800455F4F46460000005049445F535441544C
:10D5E800455F4F4E0000000000000000302E392E2D
:10D5F800310000002530327800000000256400006A
:10D60800252E2A6600000000627574746F6E5F72C2
:10D61800656C656173656400627574746F6E5F70C4
:10D62800726573736564000053544154455F4F4EEF
:10D638000000000053544154455F4F464600000027
:10D6480053544154455F4F4E000000005354415419
:10D65800455F4F464600000049444C450000000025
:10D66800282062756620213D204E554C4C202920EB
:10D678002626202820737461727420213D204E557F
:10D688004C4C20292026262028206D6178203E2019
:10D6980030552029000000002E2E2F4D6964646C3F
:10D6A8006577617265732F54686972645F5061723F
:10D6B80074792F636F72654A534F4E2F536F75728B
:10D6C80063652F636F72655F6A736F6E2E63000008
:10D6D80028206C656E677468203E3D2032552029ED
:10D6E8002026262028206C656E677468203C3D2023
:10D6F800345520290000000069203C206D61780025
:10D7080021697361736369695F28206275665B20AC
:10D7180069205D20290000006F757456616C75657D
:10D7280020213D204E554C4C00000000282061204F
:10D73800213D204E554C4C202920262620282062A9
:10D7480020213D204E554C4C202900006C69746501
:10D7580072616C20213D204E554C4C0074727565E9
:10D768000000000066616C73650000006E756C6CEB
:10D778000000000069734F70656E427261636B65EB
:10D78800745F28206D6F6465202900002820766169
:10D798006C756520213D204E554C4C2029202626AD
:10D7A80020282076616C75654C656E677468202149
:10D7B8003D204E554C4C20290000000028206B6568
:10D7C8007920213D204E554C4C2029202626202802
:10D7D800206B65794C656E67746820213D204E5535
:10D7E8004C4C202900000000282062756620213D4D
:10D7F800204E554C4C20292026262028207175655E
:10D80800727920213D204E554C4C20290000000003
:10D8180028206F757456616C756520213D204E5522
:10D828004C4C20292026262028206F757456616CC0
:10D8380075654C656E67746820213D204E554C4CCB
:10D848002029000062756620213D204E554C4C0071
:10D85800282062756620213D204E554C4C202920F9
:10D868002626202820737461727420213D204E558D
:10D878004C4C20292026262028206F75744C656E74
:10D8880067746820213D204E554C4C20290000002B
:10D898006D6178203E2030550000000028206D6121
:10D8A80078203E20305520292026262028207175F2
:10D8B8006572794C656E677468203E203055202962
:10D8C80000000000282062756620213D204E554C3E
:10D8D8004C20292026262028206D6178203E2030E3
:10D8E800552029002820737461727420213D204E30
:10D8F800554C4C20292026262028206E6578742037
:10D90800213D204E554C4C202900000028206F75E1
:10D91800744B657920213D204E554C4C20292026FA
:10D92800262028206F75744B65794C656E6774687E
:10D9380020213D204E554C4C2029000000000000BD
:10D9480010CC01080100000024CC010800000000F0
:10D9580038CC01080100000048CC01080200000092
:10D9680058CC0108030000006CCC0108040000003A
:10D9780078CC01080500000088CC010806000000EA
:10D9880098CC010807000000ACCC01080800000092
:10D99800B8CC010809000000CCCC01080A0000003E
:10D9A800E0CC01080B000000F4CC01080C000000DA
:10D9B80004CD01080D00000018CD01080E0000007C
:10D9C80034CD01080F00000050CD01081000000000
:10D9D80068CD01081100000080CD01081200000088
:10D9E80090CD010813000000A0CD0108140000002C
:10D9F800B0CD010815000000C0CD010816000000D8
:10DA0800D4CD010817000000E8CD01081800000077
:10DA1800FCCD01081900000010CE01081A00000012
:10DA280020CE01081B00000030CE01081C000000B9
:10DA380040CE01081D00000054CE01081E00000061
:10DA480068CE01081F00000078CE01082000000001
:10DA58008CCE010821000000A0CE010822000000A1
:10DA6800B4CE010823000000CCCE01082400000039
:10DA7800E4CE010825000000F4CE010826000000CD
:10DA88000CCF0108270000001CCF01082800000067
:10DA98002CCF0108290000003CCF01082A00000013
:10DAA8004CCF01082B0000005CCF01082C000000BF
:10DAB8006CCF01082D00000080CF01082E00000067
:10DAC80094CF01082F000000ACCF010830000000FF
:10DAD800C4CF010831000000D8CF0108320000008F
:10DAE800ECCF01083300000000D00108340000002A
:10DAF80014D001083500000028D0010836000000C5
:10DB08003CD001083700000054D00108380000005C
:10DB18006CD00108390000007CD001083A000000F0
:10DB28008CD001083B0000009CD001083C0000009C
:10DB3800ACD001083D000000C4D001083E00000040
:10DB4800D8D001083F000000ECD0010840000000D8
:10DB580000D101084100000014D101084200000072
:10DB680024D101084300000030D10108440000001E
:10DB780048D101080000000060D101080100000040
:10DB88006CD101080200000078D1010803000000F0
:10DB980084D10108040000008CD1010805000000B0
:10DBA80094D10108060000009CD10108070000007C
:10DBB800A4D1010808000000B0D101080900000044
:10DBC800BCD101080A000000C4D101080B00000004
:10DBD800CCD101080C000000D4D101080D000000D0
:10DBE800DCD101080E000000E4D101080F0000009C
:10DBF800ECD1010810000000F8D101081100000064
:10DC080004D201081200000010D201080000000030
:10DC180018D201080100000024D201080200000007
:10DC280030D201080300000040D2010800000000C3
:10DC38004CD201080100000054D201080200000083
:10DC480060D20108030000006CD201080400000043
:10DC580078D201080500000084D2010806000000FF
:10DC680090D20108070000009CD2010808000000BB
:10DC7800A8D2010809000000B8D201080C00000071
:10DC8800C4D201080D000000CCD201080E0000002B
:10DC9800D4D201080A000000DCD201080B00000001
:10DCA800E8D201080F000000F4D2010810000000BB
:10DCB80004D30108110000000CD301081200000071
:10DCC80014D301080000000020D30108010000005F
:10DCD80024D301080200000034D301080300000027
:10DCE80040D301080400000050D3010805000000DB
:10DCF80070D301080600000088D30108070000005F
:10DD0800A0D3010808000000BCD3010809000000E6
:10DD1800DCD301080A000000F4D301080B0000005E
:10DD280014D401080C00000038D401080D000000CC
:10DD380054D401080E00000070D401080F00000040
:10DD48008CD4010810000000A0D4010811000000C4
:10DD5800B8D4010812000000C8D40108000000006F
:10DD6800E0D4010801000000ECD401080200000022
:10DD7800F8D401080300000004D5010800000000E1
:10DD880010D501080100000020D50108020000009C
:10DD98002CD501080300000038D501080400000054
:10DDA80048D501080500000054D50108000000000E
:10DDB80064D501080100000070D5010800000000CA
:10DDC8007CD50108010000008CD501080000000086
:10DDD800000000000000000000000000000000003B
:10DDE800000000000000000000000000000000002B
:10DDF800000000000000000000000000000000001B
:10DE080000000000010203040607080900000000E2
:10DE1800010203040000000010D601080100000000
:10DE280020D601080000000030D6010801000000DB
:10DE38003CD6010878056419000000000080000045
:10DE4800001002406400E8030100000000800000A8
:10DE580000100240C800E8030200000000040000AF
:10DE680000040240C800E8030300000000040000AA
:10DE7800000402406400D00704000000000800000D
:10DE8800000402406400F4010500000000080000DE
:10DE980000040240C800E80308000000160800005B
:10DEA80041000000F20B00003600000005130000DE
:10DEB8002A000000661F00001E00000092350000C6
:10DEC80012000000D35E0000060000005FAF0000F3
:10DED800FAFFFFFF4E540100EEFFFFFF08000000AD
:10DEE80023080000410000001B0C00003600000061
:10DEF800351300002A000000791F00001E000000F2
:10DF080071350000120000006A5E00000600000083
:10DF180052AE0000FAFFFFFFE5510100EEFFFFFFE0
:10DF2800A0000000BC1800200000000048D601082E
:10DF38000100000054D60108CDCC8C3F8FC2D53FDC
:10DF4800AE4781400000004123DBF93D0000A03FBF
:10DF58000000803F5C8FDA40080000000E000000DF
:10DF680002000000050000000F000000070000008C
:10DF78000100000006000000D5000000BC180020C9
:10DF88000101020203030004736B6970537061633B
:10DF98006500000073686F72746573745554463871
:10DFA80000000000736B6970555446384D756C74E9
:10DFB8006942797465000000736B6970555446387E
:10DFC80000000000736B69704F6E65486578457393
:10DFD8006361706500000000736B6970486578457F
:10DFE8007363617065000000736B697045736361EA
:10DFF80070650000736B6970537472696E67000016
:10E008007374726E45710000736B69704C69746546
:10E0180072616C00736B697044696769747300009E
:10E02800736B6970446563696D616C73000000000F
:10E03800736B69704578706F6E656E7400000000D0
:10E04800736B69704E756D6265720000736B6970F1
:10E058005370616365416E64436F6D6D61000000CC
:10E06800736B697041727261795363616C61727329
:10E0780000000000736B69704F626A6563745363D4
:10E08800616C617273000000736B69705363616C3B
:10E0980061727300736B6970436F6C6C656374694C
:10E0A8006F6E00006E65787456616C7565000000CF
:10E0B8006E6578744B657956616C756550616972E7
:10E0C800000000006F626A6563745365617263687B
:10E0D80000000000617272617953656172636800C3
:10E0E800736B6970517565727950617274000000C4
:10E0F8006D756C7469536561726368002C20667570
:10E108006E6374696F6E3A20006173736572746927
:10E118006F6E2022257322206661696C65643A203F
:10E1280066696C6520222573222C206C696E652037
:10E138002564257325730A002E00000034000000B2
:10E14800CEFBFFFFCB030000010000000000000031
:10E1580035000000CEFBFFFFCB03000001000000EC
:10E168000000000000000000BC89D897B2D29C3C97
:10E1780033A7A8D523F649393DA7F444FD0FA532A6
:10E188009D978CCF08BA5B25436FAC64280668114D
:10E19800002020202020202020202828282828206F
:10E1A8002020202020202020202020202020202067
:10E1B80020881010101010101010101010101010CF
:10E1C80010040404040404040404041010101010BF
:10E1D8001010414141414141010101010101010189
:10E1E80001010101010101010101010110101010DB
:10E1F800101042424242424202020202020202025B
:10E2080002020202020202020202020210101010AE
:10E2180020000000000000000000000000000000D6
:10E2280000000000000000000000000000000000E6
:10E2380000000000000000000000000000000000D6
:10E2480000000000000000000000000000000000C6
:10E2580000000000000000000000000000000000B6
:10E2680000000000000000000000000000000000A6
:10E278000000000000000000000000000000000096
:10E288000000000000000000000000000000000086
:10E2980000494E4600696E66004E414E006E616E42
:10E2A8000030003031323334353637383941424363
:10E2B80044454600303132333435363738396162B7
:10E2C80063646566004300504F53495800496E66C1
:10E2D800696E697479004E614E005245454E54206E
:10E2E8006D616C6C6F6320737563636565646564E9
:10E2F800002F6275696C642F676E752D746F6F6C73
:10E30800732D666F722D73746D33325F31322E3315
:10E318002E72656C312E32303234303330362D3136
:10E328003733302F7372632F6E65776C69622F6E87
:10E3380065776C69622F6C6962632F7374646C69AA
:10E34800622F64746F612E630042616C6C6F63208E
:10E35800737563636565646564002F6275696C64D1
:10E368002F676E752D746F6F6C732D666F722D73BA
:10E37800746D33325F31322E332E72656C312E322A
:10E38800303234303330362D313733302F737263B7
:10E398002F6E65776C69622F6E65776C69622F6C7A
:10E3A8006962632F7374646C69622F6764746F6148
:10E3B8002D6765746865782E63002F6275696C64D3
:10E3C8002F676E752D746F6F6C732D666F722D735A
:10E3D800746D33325F31322E332E72656C312E32CA
:10E3E800303234303330362D313733302F73726357
:10E3F8002F6E65776C69622F6E65776C69622F6C1A
:10E408006962632F7374646C69622F6D70726563DF
:10E418002E63000005000000190000007D000000C8
:10E428000080E03779C34143176E05B5B5B8934608
:10E43800F5F93FE9034F384D321D30F94877825AD4
:10E448003CBF737FDD4F1575000000000000F03FF2
:10E4580000000000000024400000000000005940B7
:10E468000000000000408F40000000000088C3400A
:10E4780000000000006AF8400000000080842E417F
:10E4880000000000D01263410000000084D79741CB
:10E498000000000065CDCD41000000205FA00242D1
:10E4A800000000E876483742000000A2941A6D4246
:10E4B800000040E59C30A2420000901EC4BCD64239
:10E4C80000003426F56B0C430080E03779C34143E4
:10E4D80000A0D8855734764300C84E676DC1AB435A
:10E4E800003D9160E458E143408CB5781DAF154478
:10E4F80050EFE2D6E41A4B4492D54D06CFF0804453
:10E50800F64AE1C7022DB544B49DD9794378EA4467
:10E51800232D302B2000686C4C0065666745464704
:04E5280000000000EF
:08E52C00C41CFE7F0100000089
:04E53400D501000805
:04E53800B101000825
:10E53C00E41A00209CD50108B0D50108C0D501080B
:10E54C00D0D50108E0D501080000DEC3CDCC0CC04D
:10E55C000000C0C00000803F640000000A00000002
:10E56C006666663F280000000000E04100000000E5
:10E57C009A99193F0000803F640000000A000000D7
:10E58C006666663F280000000000AC42541A00206A
:10E59C000000003F0024F40093AD00087DAE00089D
:10E5AC00CBAE0008F9AE000855AF00089DAF0008CF
:10E5BC00FDAF000889B0000891B10008C9B100088E
:10E5CC0045B20008DDB2000895B200088BB3000814
:10E5DC00D3B3000831B40008D5B40008CDB5000899
:10E5EC0005B6000899B600083FB70008F7B6000852
:10E5FC0010000000010000006C150020000000005D
:10E60C0001000000000000000000000008000000F5
:10E61C000000024000006400000000000000000048
:10E62C00741B0020000000000C1A0020000C02409B
:10E63C000100000000800000000402400002000005
:10E64C00000C024000080000000C02400004000016
:10E65C00000C02402C1B0020C41900200D000000EF
:10E66C00A4000000BC1800200000000000100001F5
:10E67C00080010000008000000100240000C0240CE
:10E68C00001002400010024000080240C0000000D0
:10E69C00BC18002000000000000000000100000079
:10E6AC000060EA45E4DE01080200000000E00846D4
:10E6BC00A0DE01080300000000E00846A0DE01080F
:10E6CC0090000000BC1800200000000000000000BA
:10E6DC000004024000020000000000004C1C00205E
:10E6EC00FC1C0020000000007C1D0020000000002D
:10E6FC0001000000041C0020FC1D00200000000094
:10E70C00FC1F0020000000000000000000000000C2
:10E71C0000000000000000000000000000000000ED
:10E72C0000000000000000000000000000000000DD
:10E73C0000000000000000009C1A0020AAAAAAAA4F
:10E74C0000000000030000005C610020430000009A
:10E75C0000000000000000000000000000000000AD
:10E76C00000000000000000000000000430000005A
:10E77C00000000000000000000000000000000008D
:10E78C00000000000000000000000000430000003A
:10E79C00000000000000000000000000000000006D
:10E7AC00000000000000000000000000430000001A
:10E7BC00000000000000000000000000000000004D
:10E7CC0000000000000000000000000043000000FA
:10E7DC00000000000000000000000000000000002D
:10E7EC0000000000000000000000000043000000DA
:10E7FC00000000000000000000000000000000000D
:10E80C0000000000000000000000000043000000B9
:10E81C0000000000000000000000000000000000EC
:10E82C000000000000000000000000001DC10108F5
:10E83C007DB701080000000098E1010840E10108E3
:10E84C003FE101083FE101083FE101083FE1010818
:10E85C003FE101083FE101083FE101083FE1010808
:10E86C003FE10108FFFFFFFFFFFFFFFFFFFFFFFF7F
:10E87C00FFFF000001004153434949000000000024
:10E88C00000000000000000000000000000000007C
:10E89C000000000000004153434949000000000003
:10E8AC00000000000000000000000000000000005C
:10E8BC0000000000000000008C030020000000009D
:10E8CC005C610020C46100202C620020000000006C
:10E8DC00000000000000000000000000000000002C
:10E8EC00000000000000000000000000000000001C
:10E8FC00000000000000000000000000000000000C
:08E90C00000000000000000003
:040000050800AD4101
:00000001FF
