:020000040800F2
:1000000000000320457D0008FD750008FF7500080D
:10001000017600080376000805760008000000005D
:10002000000000000000000000000000B100010816
:10003000077600080000000051010108B501010821
:10004000957D0008957D0008957D0008957D000848
:10005000957D0008957D0008957D0008957D000838
:10006000957D000809760008957D0008957D0008BB
:10007000957D0008957D0008957D0008957D000818
:10008000957D0008957D0008957D0008957D000808
:10009000957D0008957D0008957D0008957D0008F8
:1000A000957D0008157600082D760008957D0008DE
:1000B000957D000845760008957D0008957D00082F
:1000C000957D0008957D0008957D0008957D0008C8
:1000D000957D00085D7600086D760008957D000826
:1000E000957D0008957D0008957D0008957D0008A8
:1000F0007D760008957D0008957D0008957D0008B7
:10010000957D0008957D0008957D0008957D000887
:10011000957D0008957D000895760008A976000871
:10012000957D0008957D0008957D0008957D000867
:10013000957D0008957D0008957D0008957D000857
:10014000957D0008957D0008957D0008957D000847
:10015000957D0008957D0008957D0008957D000837
:10016000957D0008957D0008957D0008957D000827
:10017000957D0008957D0008957D0008957D000817
:10018000957D0008957D0008957D0008957D000807
:10019000957D0008957D0008957D0008957D0008F7
:0C01A0000000000000000000957D000839
:1001B00010B5054C237833B9044B13B10448AFF3A1
:1001C00000800123237010BD740300200000000094
:1001D0007443010808B5034B1BB103490348AFF34F
:1001E000008008BD0000000078030020744301086F
:1001F000034613F8012B002AFBD1181A0138704767
:1002000001F0FF01102A2BDB10F0070F08D010F8C7
:10021000013B013A8B422DD010F0070F42B3F6D1CB
:10022000F0B441EA012141EA014122F007047FF0E4
:1002300000070023F0E80256083C85EA010586EA3B
:10024000010685FA47F5A3FA87F586FA47F6A5FA77
:1002500087F68EB9EED1F0BC01F0FF0102F0070283
:1002600032B110F8013B013A83EA010313B1F8D12E
:100270000020704701387047002D06BF354603380F
:10028000073815F0010F07D1013015F4807F02BF48
:10029000013015F4C03F0130F0BC0138704700BF99
:1002A00081F0004102E000BF83F0004330B54FEA27
:1002B00041044FEA430594EA050F08BF90EA020F94
:1002C0001FBF54EA000C55EA020C7FEA645C7FEA27
:1002D000655C00F0E2804FEA5454D4EB5555B8BF4A
:1002E0006D420CDD2C4480EA020281EA030382EABB
:1002F000000083EA010180EA020281EA0303362D4D
:1003000088BF30BD11F0004F4FEA01314FF4801C1F
:100310004CEA113102D0404261EB410113F0004F31
:100320004FEA03334CEA133302D0524263EB4303E8
:1003300094EA050F00F0A780A4F10104D5F1200E86
:100340000DDB02FA0EFC22FA05F2801841F10001E1
:1003500003FA0EF2801843FA05F359410EE0A5F1B5
:1003600020050EF1200E012A03FA0EFC28BF4CF0E6
:10037000020C43FA05F3C01851EBE37101F000459C
:1003800007D54FF0000EDCF1000C7EEB00006EEBA9
:100390000101B1F5801F1BD3B1F5001F0CD3490833
:1003A0005FEA30004FEA3C0C04F101044FEA44528A
:1003B00012F5800F80F09A80BCF1004F08BF5FEA11
:1003C000500C50F1000041EB045141EA050130BDF1
:1003D0005FEA4C0C404141EB0101013C28BFB1F503
:1003E000801FE9D291F0000F04BF01460020B1FA4E
:1003F00081F308BF2033A3F10B03B3F120020CDA21
:100400000C3208DD02F1140CC2F10C0201FA0CF0FE
:1004100021FA02F10CE002F11402D8BFC2F1200C63
:1004200001FA02F120FA0CFCDCBF41EA0C01904019
:10043000E41AA2BF01EB0451294330BD6FEA040462
:100440001F3C1CDA0C340EDC04F11404C4F120024D
:1004500020FA04F001FA02F340EA030021FA04F35F
:1004600045EA030130BDC4F10C04C4F1200220FAB6
:1004700002F001FA04F340EA0300294630BD21FAF4
:1004800004F0294630BD94F0000F83F4801306BFBA
:1004900081F480110134013D4EE77FEA645C18BFAE
:1004A0007FEA655C29D094EA050F08BF90EA020F45
:1004B00005D054EA000C04BF1946104630BD91EA3D
:1004C000030F1EBF0021002030BD5FEA545C05D140
:1004D0004000494128BF41F0004130BD14F580047F
:1004E0003CBF01F5801130BD01F0004545F0FE41F3
:1004F00041F470014FF0000030BD7FEA645C1ABF28
:10050000194610467FEA655C1CBF0B46024650EA5E
:10051000013406BF52EA033591EA030F41F400218A
:1005200030BD00BF90F0000F04BF0021704730B510
:100530004FF4806404F132044FF000054FF00001E5
:1005400050E700BF90F0000F04BF0021704730B5A6
:100550004FF4806404F1320410F0004548BF40427B
:100560004FF000013EE700BF42004FEAE2014FEAD0
:1005700031014FEA02701FBF12F07F4393F07F4FAB
:1005800081F06051704732F07F4208BF704793F0AE
:100590007F4F04BF41F40021704730B54FF46074C1
:1005A00001F0004521F000411CE700BF50EA0102C4
:1005B00008BF704730B54FF000050AE050EA01026D
:1005C00008BF704730B511F0004502D5404261EBDD
:1005D00041014FF4806404F132045FEA915C3FF41E
:1005E000D8AE4FF003025FEADC0C18BF03325FEABB
:1005F000DC0C18BF033202EBDC02C2F1200300FA6C
:1006000003FC20FA02F001FA03FE40EA0E0021FA90
:1006100002F11444BDE600BF70B54FF0FF0C4CF47E
:10062000E06C1CEA11541DBF1CEA135594EA0C0F30
:1006300095EA0C0F00F0DEF82C4481EA030621EA6B
:100640004C5123EA4C5350EA013518BF52EA0335A6
:1006500041F4801143F4801338D0A0FB02CE4FF058
:100660000005E1FB02E506F00042E0FB03E54FF088
:100670000006E1FB03569CF0000F18BF4EF0010E80
:10068000A4F1FF04B6F5007F64F5407404D25FEA7C
:100690004E0E6D4146EB060642EAC62141EA55512F
:1006A0004FEAC52040EA5E504FEACE2EB4F1FD0C71
:1006B00088BFBCF5E06F1ED8BEF1004F08BF5FEAEF
:1006C000500E50F1000041EB045170BD06F00046A1
:1006D00046EA010140EA020081EA0301B4EB5C044E
:1006E000C2BFD4EB0C0541EA045170BD41F4801146
:1006F0004FF0000E013C00F3AB8014F1360FDEBF6B
:10070000002001F0004170BDC4F10004203C35DA46
:100710000C341BDC04F11404C4F1200500FA05F3C9
:1007200020FA04F001FA05F240EA020001F000426A
:1007300021F0004110EBD37021FA04F642EB0601E0
:100740005EEA430E08BF20EAD37070BDC4F10C040A
:10075000C4F1200500FA04F320FA05F001FA04F2CE
:1007600040EA020001F0004110EBD37041F10001BA
:100770005EEA430E08BF20EAD37070BDC4F12005C5
:1007800000FA05F24EEA020E20FA04F301FA05F22D
:1007900043EA020321FA04F001F0004121FA04F2D5
:1007A00020EA020000EBD3705EEA430E08BF20EAA5
:1007B000D37070BD94F0000F0FD101F000464000DF
:1007C00041EB010111F4801F08BF013CF7D041EA61
:1007D000060195F0000F18BF704703F00046520065
:1007E00043EB030313F4801F08BF013DF7D043EA36
:1007F0000603704794EA0C0F0CEA135518BF95EAEC
:100800000C0F0CD050EA410618BF52EA4306D1D172
:1008100081EA030101F000414FF0000070BD50EA91
:10082000410606BF1046194652EA430619D094EA1B
:100830000C0F02D150EA013613D195EA0C0F05D105
:1008400052EA03361CBF104619460AD181EA030159
:1008500001F0004141F0FE4141F470014FF0000011
:1008600070BD41F0FE4141F4780170BD70B54FF0AC
:10087000FF0C4CF4E06C1CEA11541DBF1CEA13552C
:1008800094EA0C0F95EA0C0F00F0A7F8A4EB05040E
:1008900081EA030E52EA03354FEA013100F0888005
:1008A0004FEA03334FF0805545EA131343EA1263CE
:1008B0004FEA022245EA111545EA10654FEA002683
:1008C0000EF000419D4208BF964244F1FD0404F53C
:1008D000407402D25B084FEA3202B61A65EB030598
:1008E0005B084FEA32024FF480104FF4002CB6EB55
:1008F000020E75EB030E22BFB61A754640EA0C00D5
:100900005B084FEA3202B6EB020E75EB030E22BF14
:10091000B61A754640EA5C005B084FEA3202B6EB55
:10092000020E75EB030E22BFB61A754640EA9C0014
:100930005B084FEA3202B6EB020E75EB030E22BFE4
:10094000B61A754640EADC0055EA060E18D04FEAA2
:10095000051545EA16754FEA06164FEAC30343EA42
:1009600052734FEAC2025FEA1C1CC0D111F4801F0F
:100970000BD141EA00014FF000004FF0004CB6E708
:1009800011F4801F04BF01430020B4F1FD0C88BFA7
:10099000BCF5E06F3FF6AFAEB5EB030C04BFB6EBB2
:1009A000020C5FEA500C50F1000041EB045170BDA5
:1009B0000EF0004E4EEA113114EB5C04C2BFD4EBD2
:1009C0000C0541EA045170BD41F480114FF0000E56
:1009D000013C90E645EA060E8DE60CEA135594EAD2
:1009E0000C0F08BF95EA0C0F3FF43BAF94EA0C0FD5
:1009F0000AD150EA01347FF434AF95EA0C0F7FF44A
:100A000025AF104619462CE795EA0C0F06D152EA9D
:100A100003353FF4FDAE1046194622E750EA410681
:100A200018BF52EA43067FF4C5AE50EA41047FF492
:100A30000DAF52EA43057FF4EBAE12E74FF0FF3CF7
:100A400006E000BF4FF0010C02E000BF4FF0010CC8
:100A50004DF804CD4FEA410C7FEA6C5C4FEA430C41
:100A600018BF7FEA6C5C1BD001B050EA410C0CBF90
:100A700052EA430C91EA030F02BF90EA020F0020F2
:100A8000704710F1000F91EA030F58BF994208BF59
:100A900090422CBFD8176FEAE37040F00100704716
:100AA0004FEA410C7FEA6C5C02D150EA013C07D16D
:100AB0004FEA430C7FEA6C5CD6D152EA033CD3D0B8
:100AC0005DF8040B704700BF8446104662468C46B2
:100AD0001946634600E000BF01B5FFF7B7FF0028E5
:100AE00048BF10F1000F01BD4DF808EDFFF7F4FF0E
:100AF0000CBF012000205DF808FB00BF4DF808ED99
:100B0000FFF7EAFF34BF012000205DF808FB00BFBB
:100B10004DF808EDFFF7E0FF94BF012000205DF8DD
:100B200008FB00BF4DF808EDFFF7CEFF94BF012092
:100B300000205DF808FB00BF4DF808EDFFF7C4FF8B
:100B400034BF012000205DF808FB00BF4A0011D22D
:100B500012F5001211D20DD56FF47873B3EB625217
:100B60000ED44FEAC12343F0004343EA505323FA23
:100B700002F070474FF00000704750EA013002D198
:100B80004FF0FF3070474FF0000070474FEA4102CE
:100B9000B2F1E04324BFB3F5001CDCF1FE5C0DD9DB
:100BA00001F0004C4FEAC0024CEA5070B2F1004F25
:100BB00040EB830008BF20F00100704711F0804F28
:100BC00021D113F13872BCBF01F00040704741F4ED
:100BD00080114FEA5252C2F11802C2F1200C10FAF1
:100BE0000CF320FA02F018BF40F001004FEAC123D5
:100BF0004FEAD32303FA0CFC40EA0C0023FA02F379
:100C00004FEA4303CCE77FEA625307D150EA01334E
:100C10001EBF4FF0FE4040F44000704701F000401E
:100C200040F0FE4040F40000704700BF53B94AB99D
:100C3000002908BF00281CBF4FF0FF314FF0FF30E4
:100C400000F0A0B9ADF1080C6DE904CE00F03CF85D
:100C5000DDF804E0DDE9022304B0704738B5002276
:100C6000002304460D46FFF749FF28B920462946D0
:100C7000BDE8384000F00AB8204605F1004100F018
:100C800005F8404261EB410138BD00BFD0B50C4BC7
:100C9000002206460F46FFF7BFFCFFF757FF04464A
:100CA000FFF740FC074B0022FFF7B6FC02460B465D
:100CB00030463946FFF7F8FAFFF748FF2146D0BD26
:100CC0000000F03D0000F0412DE9F047089D0C4682
:100CD000002B4ED194468C458646B2FA82F262D9F8
:100CE0004AB1C2F12003914020FA03F30CFA02FC4E
:100CF000194300FA02FE4FEA1C471FFA8CF6B1FBBB
:100D0000F7F44FEA1E4307FB141143EA014304FBC7
:100D100006F199420AD91CEB030304F1FF3080F07D
:100D20001281994240F20F81023C6344591A1FFA22
:100D30008EF3B1FBF7F007FB101143EA014300FB10
:100D400006F69E420AD91CEB030300F1FF3180F046
:100D5000FC809E4240F2F980634402389B1B40EACB
:100D6000044000211DB1D3400022C5E90032BDE896
:100D7000F0878B4205D90DB1C5E900010021084675
:100D8000F5E7B3FA83F1002946D1A34202D390429A
:100D9000C0F0F080861A64EB03030120002DE6D03A
:100DA000C5E90063E3E7002A40F09080A1EB0C0462
:100DB0004FEA1C481FFA8CF70121B4FBF8F64FEA02
:100DC0001E4308FB164443EA044307FB06F098421F
:100DD00008D91CEB030306F1FF3402D2984200F25B
:100DE000CD8026461C1A1FFA8EF3B4FBF8F008FBE0
:100DF000104443EA044300FB07F79F4208D91CEB69
:100E0000030300F1FF3402D29F4200F2B08020467B
:100E1000DB1B40EA0640A5E7C1F120068B4022FA21
:100E200006F71F4320FA06FC04FA01F343EA0C0319
:100E3000F44000FA01F8380C4FEA1349B4FBF0FE15
:100E40001FFA87FC00FB1E4449EA04440EFB0CF920
:100E5000A14502FA01F20AD93C190EF1FF3A80F0DD
:100E60008480A14540F28180AEF1020E3C44A4EBA7
:100E700009041FFA83F9B4FBF0F300FB134449EAB9
:100E8000044403FB0CFCA44507D93C1903F1FF30D3
:100E900067D2A44565D9023B3C4443EA0E40A0FB1F
:100EA0000293A4EB0C049C42CE469C4651D34ED0F8
:100EB00055B1B8EB0E0364EB0C0404FA06F6CB4014
:100EC0001E43CC40C5E90064002150E7C2F1200375
:100ED00020FA03F10CFA02FC24FA03F394400C43C9
:100EE0004FEA1C4800FA02FE1FFA8CF7B3FBF8F039
:100EF00008FB1031230C43EA014300FB07F1994240
:100F000008D91CEB030300F1FF362CD299422AD9F1
:100F1000023863445B1AA4B2B3FBF8F108FB113347
:100F200044EA034401FB07F3A34208D91CEB040481
:100F300001F1FF3613D2A34211D902396444E41AF5
:100F400041EA004139E70446F0E6084606E7C845AD
:100F5000AED2B9EB020E63EB070C0138A8E73146BD
:100F6000EDE7034699E73046D4E7D6467FE763448A
:100F700002384DE70646234608460FE7023E634423
:100F800030E700BF704700BF00B585B00023029373
:100F9000019100901023064A06490988064810F07E
:100FA0002DF9013818BF012005B05DF804FB00BF22
:100FB000C04301087C0500208009002000B585B0F1
:100FC00000230293019100901623064A06490988DE
:100FD000064810F013F9013818BF012005B05DF87C
:100FE00004FB00BFD44301087C05002080090020D9
:100FF00010B582B0002301930D4C01AB224604F0E2
:1010000089F8BDF80420214601200DF025FE0124B9
:1010100020460DF0C5FE2128FAD04FF48062002151
:10102000034811F0E0F801200DF004FE02B010BDFD
:1010300080090020F8B506460F4614461D4604F008
:1010400011FB04F015FB3946304604F065FB04F053
:101050003FFB069A2946204605F0B0F804F014FB41
:1010600004F042FB04F0F4FA044604F0F5FA0146F9
:101070002046FFF7BDFFF8BDF8B52DED048B044603
:101080000F4615461E4604F0EDFA04F0F1FAB9B227
:10109000304B13F8340004F03FFB04F019FB412CF3
:1010A00040D82C2C3AD9A4F12D03DBB24FF0010C1F
:1010B0000CFA03FC40F255531CEA030F3DD11CF41B
:1010C000052F41D1412C2DD105F006FBF0EE408AD1
:1010D00005F0FCFAB0EE408A05F004FBB0EE409A51
:1010E00005F004FBF0EE401AB0EE491AF0EE680A83
:1010F000B0EE480A3146284604F0FEFF04F0C4FA78
:1011000004F0F2FA04F0A4FA044604F0A5FA014649
:101110002046FFF76DFFBDEC048BF8BD04F0FD0425
:10112000292C04D03146284605F040F8E6E70A9A13
:101130003146284604F0BEFFE0E79DED0A0A31463D
:10114000284604F067FFD9E70A9A3146284604F09A
:1011500091FFD3E734500108F8B506460F4615460F
:101160001C4604F07FFA04F083FA042C0CBF002123
:101170003946304604F0D0FA04F0AAFA214628464F
:1011800005F018F804F080FA04F0AEFA04F060FA02
:10119000044604F061FA01462046FFF729FFF8BD36
:1011A00010B5044604F05EFA04F062FA23789BB1AD
:1011B000012B1ED0022B2BD0032B38D004F064FA65
:1011C00004F092FA04F044FA044604F045FA0146A9
:1011D0002046FFF70DFF10BD1B4B19891B4B1878DC
:1011E00004F09AFA04F074FA617C207C04F0C2FAEC
:1011F000E4E7154B1989154B187A04F08DFA04F0C1
:1012000067FAB4F90A20617C207C04F0B7FAD5E7CC
:101210000D4B19890D4B187C04F07EFA04F058FA36
:10122000B4F90E20617C207C04F0C8FAC6E7064BB6
:101230001989064B187E04F06FFA04F049FA617CB4
:10124000207C04F0DBFAB9E73C05002034500108AB
:1012500010B5044604F006FA04F00AFA2378082BC5
:1012600013D0092B1ED00A2B2AD00B2B37D004F019
:101270000BFA04F039FA04F0EBF9044604F0ECF947
:1012800001462046FFF7B4FE10BD21891B4B93F8A1
:10129000400004F041FA04F01BFA617C207C04F069
:1012A000FBFAE4E72189154B93F8480004F034FA7F
:1012B00004F00EFAA27A617C207C04F0F1FAD6E701
:1012C00021890E4B93F8500004F026FA04F000FA3E
:1012D000B4F90C20617C207C04F008FBC7E721896D
:1012E000064B93F8580004F017FA04F0F1F9B4F93A
:1012F0000E20617C207C04F019FBB8E73450010813
:1013000010B586B0044604F0ADF904F0B1F92378C5
:101310001E2B07D01F3B052B13D8DFE803F021510C
:101320003F617183474B1988474B93F8F00004F0F5
:10133000F3F904F0CDF994F82A1094F8280004F099
:10134000A3FD04F0A1F904F0CFF904F081F90446FB
:1013500004F082F901462046FFF74AFE06B010BDB0
:10136000384B1988384B93F8F80004F0D5F904F09D
:10137000AFF9EC4604F1340EBEE80F00ACE80F0004
:10138000DEF80030ACF8003004F12C030CCB94F8FC
:101390002A1094F8280004F0D9FCD2E7294B1988C8
:1013A000294B93F8080104F0B7F904F091F904F11E
:1013B000180294F82A1094F8280004F06DFDC0E794
:1013C000204B1988204B93F8000104F0A5F904F094
:1013D0007FF994F82A1094F8280004F059FDB0E73A
:1013E000184B1988184B93F8100104F095F904F084
:1013F0006FF994F82A1094F8280004F06FFDA0E724
:10140000104B1988104B93F8180104F085F904F07B
:101410005FF904F10C0294F82A1094F8280004F003
:1014200091FD8EE7074B1988074B93F8180104F0DC
:1014300073F904F04DF994F82A1094F8280004F098
:10144000B9FE7EE7580500203450010810B5044667
:1014500004F008F904F00CF92378112B08D0123BA2
:10146000062B11D8DFE803F01E2C3B4A57657200AB
:1014700021893D4B93F8880004F04EF904F028F9D7
:10148000E17CA07C04F0FCFA04F0FEF804F02CF9F6
:1014900004F0DEF8044604F0DFF801462046FFF7CA
:1014A000A7FD10BD2189304B93F8900004F034F96A
:1014B00004F00EF96289E17CA07C04F0E5FAE3E730
:1014C0002189294B93F8980004F026F904F000F9DB
:1014D000B4F90E20E17CA07C04F0F6FAD4E721896F
:1014E000214B93F8A00004F017F904F0F1F8B4F9D7
:1014F0001020E17CA07C04F007FBC5E721891A4B92
:1015000093F8A80004F008F904F0E2F8E17CA07C6C
:1015100004F050FEB8E72189134B93F8B00004F0B3
:10152000FBF804F0D5F8227BE17CA07C04F00CFBF6
:10153000AAE721890C4B93F8B80004F0EDF804F009
:10154000C7F8E17CA07C04F09BFA9DE72189064B5B
:1015500093F8C00004F0E0F804F0BAF8627BE17C94
:10156000A07C04F091FA8FE73450010810B584B0E4
:10157000044604F077F804F07BF823780C2B07D0AE
:10158000193B042B11D8DFE803F04C1F2E5B3D0004
:1015900021893A4B93F8600004F0BEF804F098F803
:1015A000A27BE17FA07F04F0E1F904F06DF804F084
:1015B0009BF804F04DF8044604F04EF8014620462E
:1015C000FFF716FD04B010BD21892C4B93F8D00015
:1015D00004F0A2F804F07CF8B4F90C20E17FA07FBD
:1015E00004F0F8FAE1E72189244B93F8D80004F0DD
:1015F00093F804F06DF8B4F90C20E17FA07F04F0BB
:1016000009FBD2E721891D4B93F8E80004F084F828
:1016100004F05EF8B4F90C20E17FA07F04F01AFB1F
:10162000C3E72189154B93F8C80004F075F804F05E
:101630004FF8B4F91020E17FA07F04F0ABFAB4E7D3
:1016400021890E4B93F8E00004F066F804F040F8AE
:10165000B4F91C300393B4F91A300293B4F918307A
:101660000193B4F916300093B4F91430B4F9122090
:10167000E17FA07F04F00EFB97E700BF3450010824
:1016800010B5044603F0EEFF03F0F2FF23780D2BB4
:1016900013D00E2B20D00F2B2DD0102B38D003F0D1
:1016A000F3FF04F021F803F0D3FF044603F0D4FF66
:1016B00001462046FFF79CFC10BD21891B4B93F887
:1016C000680004F029F804F003F8B4F90C20617CF8
:1016D000207C04F06BF9E2E72189144B93F8700049
:1016E00004F01AF803F0F4FFB4F90E20617C207CBA
:1016F00004F07CF9D3E721890C4B93F8780004F0CF
:101700000BF803F0E5FF617C207C04F08FF9C6E75D
:101710002189064B93F8800003F0FEFF03F0D8FF09
:10172000E27A617C207C04F085F9B8E73450010846
:1017300010B5044603F096FF03F09AFF2378072BB9
:1017400013D0042B1ED0052B29D0062B35D003F047
:101750009BFF03F0C9FF03F07BFF044603F07CFF0F
:1017600001462046FFF744FC10BD21891A4B93F82F
:10177000380003F0D1FF03F0ABFFE17BA07B04F066
:1017800041F8E4E72189144B93F8200003F0C4FFEB
:1017900003F09EFFE17BA07B04F034F8D7E72189BA
:1017A0000D4B93F8280003F0B7FF03F091FFE27AA6
:1017B000E17BA07B04F02AF8C9E72189064B93F866
:1017C000300003F0A9FF03F083FFB4F90C20E17BA4
:1017D000A07B04F041F8BAE73450010810B5044684
:1017E00003F040FF03F044FF23783C2B11D03D2B46
:1017F0001DD03E2B28D003F047FF03F075FF03F008
:1018000027FF044603F028FF01462046FFF7F0FBC0
:1018100010BD2189134B93F8E00103F07DFF03F025
:1018200057FFE27A617B207B04F008FDE3E7218922
:101830000C4B93F8E80103F06FFF03F049FF617B65
:10184000207B04F047FDD6E72189064B93F8F00191
:1018500003F062FF03F03CFFA27A617B207B04F07F
:1018600013FDC8E7345001082DE9F04397B003F0A9
:1018700071FDAB4DAB4CAC4E05E00022AB490DF019
:10188000FAFD012837D04FF0FF3128680DF0BCFE7B
:1018900023688342F1D03368834202F01982A44B5B
:1018A0001B68834202F02082A24B1B68834202F035
:1018B0002782A14B1B68834202F02E829F4B1B683C
:1018C000834202F035829E4B1B68834202F03C82C9
:1018D0009C4B1B68834202F043829B4B1B688342F4
:1018E000D1D1002299490DF0C6FD0128CBD19748EE
:1018F000FFF774FFC7E7DFF88C82954A41468B48B3
:1019000003F09EFC07464046FEF772FC411E89B27A
:101910004FF6FF73994208BF00218E4B1980404655
:101920000FF020FB012800D13FB1042302228A4995
:1019300009882720FFF710FCA5E7884B5F68384629
:10194000FEF756FC034600220292854A0192854A20
:1019500000923A467F49098840460FF04FFC012823
:1019600007D0042302227C4909882720FFF7F4FBD3
:1019700089E77A4BDF683846FEF73AFC03460022D7
:101980000292794A0192794A00923A46714909884D
:1019900040460FF033FC012807D0042302226E4991
:1019A00009882720FFF7D8FB6DE70A2270496F4BA3
:1019B000186810F0D7FA6F4B18606F4B1B884FF602
:1019C000FF72934208BF002804D023EAE3739842D1
:1019D00042F3758187B2604B1F80674B1F80614B5C
:1019E000D3F800805E4BD3F800904A46634BD3F89F
:1019F000F410404610F013FC002853D04A465F4BC9
:101A0000D3F82411404610F00AFC002800F0EF80C3
:101A10004A465A4BD3F81412404610F000FC0028F6
:101A200000F0F7804A46554BD3F81C12404610F0A0
:101A3000F6FB002840F04681002302934A4B0193B5
:101A40004A4B009310234E4A424909884D480FF0F3
:101A5000D5FB012840F02481444B1F68424BD3F84A
:101A600000804246484BD968384610F0D8FB002821
:101A700000F0F9804246444B5968384610F0CFFBDD
:101A8000002840F0038103F0AFFC012800F0FB8048
:101A900000231A4630490988384890F81802FFF7A1
:101AA0005BFBF0E6394B1E221A701F810023029364
:101AB0002D4B01932D4B00931023314A2549098862
:101AC00030480FF09BFB012840F08780274B1F68B0
:101AD000254BD3F8008042462D4B5968384610F00C
:101AE0009EFB002858D04246294B5969384610F0D1
:101AF00096FB00285BD04246254BD969384610F04A
:101B00008EFB00285FD12149032381F8293000236F
:101B10004FF0FF321F4800680DF042FBB3E600BFF4
:101B20006C05002074050020640E00208005002054
:101B3000F40D0020340F0020280E0020C00D0020DE
:101B4000980E00208C0F0020600F0020A0030020C2
:101B5000900300207C05002058050020E44E010879
:101B600064050020680500205C0500206005002059
:101B70009403002054050020500500203450010833
:101B8000C0430108800900206C44010808040020BB
:101B90007C4F0108380F00204649002381F8293086
:101BA0004FF0FF32444800680DF0FAFA6BE6414905
:101BB000022381F8293000234FF0FF323E480068AD
:101BC0000DF0EEFA5FE63B48032380F82830092346
:101BD00080F82A30FFF794FB55E63648032380F857
:101BE0002830082380F82A30FFF78AFB4BE631487B
:101BF000242303700781002380F8283080F82A30DE
:101C0000FFF77EFB4FF4FA7006F038FF07F06EFA2C
:101C100039E603F0E9FBE0B103F0CEFB01280ED07A
:101C200000287FF430AE254B1F8803F043FC009062
:101C300000231A4639464220FFF7FCF923E6002329
:101C4000009301231A461D4909884220FFF7F2F943
:101C500019E6002300931023042218490988422022
:101C6000FFF7E8F90FE603F0BFFB48B100231A467F
:101C700012490988124890F81802FFF76DFA02E637
:101C800003F0B8FBF2E703F0E9FB01E709230322C5
:101C90000A4909880A4890F81802FFF75DFAF2E548
:101CA0000823032205490988054890F81802FFF720
:101CB00053FAE8E508040020380F002058050020FA
:101CC0003450010803F08AFB002840F02781C54BFF
:101CD0001F68C54BD3F800804246C44BD3F824128A
:101CE000384610F09CFA002800F022814246BF4B93
:101CF0005968384610F093FA002800F07F81424678
:101D0000BA4BD968384610F08AFA002800F0A4814E
:101D10004246B64B5969384610F081FA002800F067
:101D2000A9814246B14BD969384610F078FA0028AB
:101D300000F0AF814246AD4B596A384610F06FFA59
:101D4000002800F0B5814246A84BD96A384610F009
:101D500066FA002800F044824246A44B596B38468C
:101D600010F05DFA002800F09F8242469F4BD96B2D
:101D7000384610F054FA002800F0E08242469B4BAF
:101D8000D3F88C10384610F04AFA002800F0E582AB
:101D90004246964BD3F89410384610F040FA00288B
:101DA00000F00A834246914BD3F89C10384610F05D
:101DB00036FA002800F00F8342468C4BD3F8A4106B
:101DC000384610F02CFA002800F014834246874B66
:101DD000D3F8AC10384610F022FA002800F019832E
:101DE0004246824BD3F8B410384610F018FA002857
:101DF00000F0608342467D4BD3F8BC10384610F0AB
:101E00000EFA002800F065834246784BD3F8C410E0
:101E1000384610F004FA002800F08C834246734BD9
:101E2000596C384610F0FBF9002800F0AD834246AB
:101E30006E4BD96C384610F0F2F9002800F0F583AB
:101E400042466A4B596D384610F0E9F9002800F017
:101E5000FB834246654BD96D384610F0E0F9002807
:101E600000F001844246614B596E384610F0D7F9B4
:101E7000002800F0078442465C4BD96E384610F0CB
:101E8000CEF9002800F00D844246584B596F384671
:101E900010F0C5F9002800F07F844246534BD96FFB
:101EA000384610F0BCF9002800F00F8542464F4B31
:101EB000D3F88410384610F0B2F9002800F05885A5
:101EC00042464A4BD3F8D410384610F0A8F90028FF
:101ED00000F05D854246454BD3F8CC10384610F0F3
:101EE0009EF9002800F064854246404BD3F8DC1090
:101EF000384610F094F9002840F069853C491B23CE
:101F00000B703C4B1B880B8103238B7200234FF01B
:101F1000FF32394800680DF043F9B4E40023009320
:101F20000F230522334909884220FFF783F8AAE4EA
:101F300003F05AFAF8B903F095FB03F099FB2D4B27
:101F400019882A4B93F8180203F0E6FB03F0C0FB54
:101F500000221146104604F0C1F903F095FB03F08E
:101F6000C3FB03F075FB074603F076FB01463846DA
:101F7000FFF73EF887E403F037FA012812D009236F
:101F800003221C490988194890F81802FFF7E4F861
:101F900003F05EFB074603F05FFB01463846FFF7A0
:101FA00027F870E403F05EFB03F062FB114B198825
:101FB0000E4B93F8180203F0AFFB03F089FB0122EC
:101FC0000021084604F08AF903F05EFB03F08CFB65
:101FD00003F03EFB074603F03FFB01463846FFF7A0
:101FE00007F850E46805002064050020345001081B
:101FF000C004002058050020C40D00209D4A002385
:1020000013709D490988118102939C4B01939C4B4D
:10201000009310239B4A9C4909889C480FF0EEF8D6
:10202000012809D093480023438103230374082324
:102030004374FFF7B5F826E40A2205A9904B186807
:102040000FF090FF8B49488100234FF0FF329048FA
:1020500000680DF0A5F816E4864901230B70864B45
:102060001B880B8100234FF0FF32894800680DF078
:1020700097F808E47F4902230B707F4B1B880B8184
:1020800000234FF0FF32824800680DF089F8FFF717
:10209000FABB784903230B70774B1B880B81002315
:1020A0004FF0FF327A4800680DF07AF8FFF7EBBB8B
:1020B00000230293714B0193714B00931623754AD1
:1020C0007149098871480FF099F8012877D16B4B55
:1020D0001A68714B59686A4B186810F0A0F800280C
:1020E0005CD100230293654B0193654B0093102351
:1020F000644A6549098865480FF080F801283CD199
:10210000664B04221A705C4A12881A8100229A7265
:102110005B4B1F68594BD3F800804246604B5968AF
:10212000384610F07CF890B142465D4BD96838468D
:1021300010F075F8B0B959490123CB7200234FF064
:10214000FF32584800680DF02BF8FFF79CBB53494D
:102150000023CB724FF0FF32524800680DF020F898
:10216000FFF791BB4D48032383730923C3730023F7
:102170008381FFF7DDFAFFF786BB4848042303702D
:102180003D4B1B8803810023837203228273082244
:10219000C2738381FFF7CCFAFFF775BB3F48042376
:1021A0000370354B1B8803810023837203228273E3
:1021B0000722C2738381FFF7BBFAFFF764BB37487E
:1021C000042303702C4B1B8803810023837203229A
:1021D00082730722C2738381FFF7AAFAFFF753BB0A
:1021E00000230293254B0193254B00931623294A84
:1021F0002549098825480FF001F8012829D11F4BEE
:102200001A68254B59681E4B186810F008F878B901
:10221000224905230B70184B1B880B8100238B72FE
:102220004FF0FF321F4800680CF0BAFFFFF72BBBDE
:102230001A4805230370104B1B8803810023837207
:10224000032282730722C2738381FFF771FAFFF7BB
:102250001ABB124805230370074B1B880381002318
:102260008372032282730822C2738381FFF760FAAC
:10227000FFF709BB3C050020580500205C05002045
:1022800060050020C04301087C0500208009002073
:10229000680E0020D44301082C4E010818050020C8
:1022A000DC4D0108900F002000230293A94B0193FD
:1022B000A94B00931623A94AA9490988A9480EF0F9
:1022C0009DFF012829D1A34B1A68A74B5968A24B3F
:1022D00018680FF0A4FF78B9A44906230B70A44B2B
:1022E0001B880B8100238B724FF0FF32A1480068DE
:1022F0000CF056FFFFF7C7BA9C48062303709C4BAF
:102300001B88038100238372032282730722C27316
:102310008381FFF70DFAFFF7B6BA944806230370DE
:10232000934B1B880381002383720322827308224C
:10233000C2738381FFF7FCF9FFF7A5BA8B49072326
:102340000B708B4B1B880B8100234FF0FF328948A9
:1023500000680CF025FFFFF796BA874B11221A7020
:10236000834A12881A81002302937A4B01937A4B95
:1023700000931023814A7A4909887A480EF03EFF7B
:10238000012808D07C48032383740823C374FFF713
:102390005DF8FFF778BA0A2205A96F4B18680FF0AD
:1023A000E1FD7549488100234FF0FF327448006811
:1023B0000CF0F6FEFFF767BA6F4912230B706C4BF7
:1023C0001B880B8100234FF0FF326D4800680CF032
:1023D000E7FEFFF758BA684913230B70644B1B885C
:1023E0000B8100234FF0FF32654800680CF0D8FEE7
:1023F000FFF749BA604914230B705D4B1B880B81B2
:1024000000234FF0FF325E4800680CF0C9FEFFF772
:102410003ABA002302934F4B01934F4B0093102382
:10242000564A4F4909884F480EF0E8FE012838D136
:10243000514B15221A704E4A12881A81464B1F685A
:10244000444BD3F8008042464E4B596838460FF053
:10245000E6FE90B142464B4BD96838460FF0DFFE9E
:10246000B0B9454901230B7300234FF0FF324448B4
:1024700000680CF095FEFFF706BA3F4900230B7386
:102480004FF0FF323E4800680CF08AFEFFF7FBB9C0
:102490003948032383740923C374FEF7D7FFFFF77A
:1024A000F2B93548032383740823C374FEF7CEFFC3
:1024B000FFF7E9B9304916230B702D4B1B880B81B0
:1024C00000234FF0FF322E4800680CF069FEFFF742
:1024D000DAB9294B17221A70254A12881A8100236B
:1024E00002931C4B01931C4B00931023234A1C495D
:1024F00009881C480EF082FE01280AD01E480023DD
:102500004373032383740823C374FEF79FFFFFF70D
:10251000BAB90A2205A9104B18680FF023FD164915
:10252000487300234FF0FF32154800680CF038FE66
:10253000FFF7A9B9104918230B700D4B1B880B81AD
:1025400000234FF0FF320E4800680CF029FEFFF721
:102550009AB900BF5C05002060050020D443010843
:102560007C050020800900202C4E01081805002061
:1025700058050020900F002064040020C04301088B
:102580002C0E0020EC4D0108A34B08221A70A34A20
:1025900012881A8100230293A14B0193A14B00934F
:1025A0001023A14AA1490988A1480EF027FE01285D
:1025B00032D19C4B1F689A4BD3F8008042469D4B0A
:1025C000596838460FF02BFE90B14246994BD968B6
:1025D00038460FF024FEB0B98F4901238B720023D7
:1025E0004FF0FF32944800680CF0DAFDFFF74BB96A
:1025F000894900238B724FF0FF328F4800680CF03E
:10260000CFFDFFF740B984480323037409234374C3
:10261000FEF71EFEFFF737B97F4803230374082334
:102620004374FEF715FEFFF72EB97B4909230B70A3
:102630007A4B1B880B8100234FF0FF327E480068E5
:102640000CF0AEFDFFF71FB973490A230B70734BF3
:102650001B880B8100234FF0FF32774800680CF095
:102660009FFDFFF710B96C490B230B706B4B1B8858
:102670000B8100234FF0FF326F4800680CF090FD93
:10268000FFF701B96D490C230B70644B1B880B815C
:1026900000234FF0FF326A4800680CF081FDFFF71D
:1026A000F2B8684B0D221A705C4A12881A81002316
:1026B00002935B4B01935B4B00931623624A5B4989
:1026C00009885B480EF09AFD01285AD1554B1F68C6
:1026D000534BD3F8008042465C4B596A38460FF0A2
:1026E0009EFD90B14246594BD96A38460FF097FD8E
:1026F000B8B9544902238B7200234FF0FF3254487B
:1027000000680CF04DFDFFF7BEB84E4903238B72F5
:1027100000234FF0FF324E4800680CF041FDFFF7F8
:10272000B2B84246494B596B38460FF078FD58B95C
:10273000444901238B7200234FF0FF324448006864
:102740000CF02EFDFFF79FB84246404BD96B384640
:102750000FF065FD50B93B4900238B724FF0FF32FB
:102760003B4800680CF01CFDFFF78DB8354800238E
:1027700083810323037407234374FEF781FFFFF76C
:1027800082B83048002383810323037408234374F1
:10279000FEF776FFFFF777B82A4B0E221A701F4A12
:1027A00012881A81002302931D4B01931D4B009345
:1027B0001623254A1D4909881D480EF01FFD0128D2
:1027C00078D1184B1F68164BD3F8008042461F4B38
:1027D000596A38460FF023FD58B91A4903238B7202
:1027E00000234FF0FF321A4800680CF0D9FCFFF7C5
:1027F0004AB84246154BD96A38460FF010FD48BB1F
:10280000104902238B7200234FF0FF3210480068FA
:102810000CF0C6FCFFF737B8F40400205805002080
:102820005C05002060050020C04301087C050020F5
:1028300080090020EC4D0108F80D0020C0040020A4
:10284000C40D00208C040020D4430108E44E01088C
:102850009C0E00204246B34B596B38460FF0DFFC0C
:1028600088B14246AF4BD96B38460FF0D8FCB0B9AF
:10287000AD4900238B724FF0FF32AC4800680CF07A
:102880008FFCFFF700B8A84901238B7200234FF09B
:10289000FF32A64800680CF083FCFEF7F4BFA248A4
:1028A0000023C3810323037407234374FEF7E8FE68
:1028B000FEF7E9BF9C480023C38103230374082368
:1028C0004374FEF7DDFEFEF7DEBF00230293984B54
:1028D0000193984B00931023974A98490988984888
:1028E0000EF08CFC01283AD18F4B0F221A70954ABA
:1028F00012881A8102229A728E4B1F688C4BD3F871
:1029000000804246904B596838460FF088FC50B919
:1029100085490023CB724FF0FF32844800680CF0E9
:102920003FFCFEF7B0BF4246874BD96838460FF0F0
:1029300076FC58B97C490123CB7200234FF0FF325B
:102940007A4800680CF02CFCFEF79DBF7648032304
:10295000037409234374FEF793FEFEF794BF724895
:102960000323037408234374FEF78AFEFEF78BBF2C
:102970006D4910230B70734B1B880B8100234FF0A4
:10298000FF326A4800680CF00BFCFEF77CBF6F4911
:102990001A230B706B4B1B880B8102238B72002355
:1029A0004FF0FF326A4800680CF0FAFBFEF76BBF8D
:1029B000664919230B70634B1B880B8100234FF072
:1029C000FF32634800680CF0EBFBFEF75CBF424649
:1029D000604BD3F8E41038460FF021FC48B3424670
:1029E0005C4BD3F8EC1038460FF019FC00282FD0C0
:1029F0004246584BD3F8FC1038460FF010FC002824
:102A000037D04246534BD3F80C1138460FF007FC31
:102A100000283DD1504921230B704A4B1B880B8164
:102A200000234FF0FF324D4800680CF0B9FBFEF771
:102A30002ABF46491C230B70424B1B880B81002385
:102A40004FF0FF32424800680CF0AAFBFEF71BBFB4
:102A50003E491D230B703B4B1B880B8104238B725B
:102A600000234FF0FF323A4800680CF099FBFEF764
:102A70000ABF39491F230B70324B1B880B8100237F
:102A80004FF0FF32354800680CF08AFBFEF7FBBEC2
:102A90004246304BD3F8041138460FF0C0FB0028F3
:102AA00060D12D4B20221A70264A12881A810023E9
:102AB00002931F4B01931F4B009310231E4A1F4983
:102AC00009881F480EF09AFB012820D1184B1A687C
:102AD0000F2A11D8224F0132164B196838460FF0D1
:102AE0008AFB00234FF0FF32A7F118011B48006852
:102AF0000CF056FBFEF7C7BE1748032380F82830BA
:102B0000092380F82A30FEF7FBFBFEF7BCBE124813
:102B1000032380F82830082380F82A30FEF7F0FBE2
:102B2000FEF7B1BEE44E01088C0400209C0E00208C
:102B30005C05002060050020C04301087C050020E2
:102B40008009002058050020EC4D0108C004002039
:102B5000C40D00203450010808040020380F002064
:102B6000200400204246B34BD3F8141138460FF02E
:102B700056FB70B9B04922230B70B04B1B880B81F8
:102B800000234FF0FF32AE4800680CF009FBFEF75F
:102B90007ABE4246A74BD3F81C1138460FF03FFBD4
:102BA00070B9A54923230B70A44B1B880B8100230C
:102BB0004FF0FF32A24800680CF0F2FAFEF763BE55
:102BC00042469C4BD3F82C1138460FF028FB0028C6
:102BD00067D102F08BF9022804D101200CF02AF809
:102BE000FEF751BE02F082F9C0BB02F05BF948BBB0
:102BF000012002F071F905A802F0FAF900278DF81A
:102C000054708E4BB3F8008002F02CFD02F030FDC2
:102C10004146252002F080FD02F05AFD05AA394602
:102C2000384603F0EBFA02F02FFD02F05DFD02F0F2
:102C30000FFD074602F010FD01463846FEF7D8F9B1
:102C4000FEF721BE002002F047F9022304227B494F
:102C500009882520FEF780FAFEF715BE02F046F936
:102C600001287EF410AE02F083F970B9022002F060
:102C700033F900231A46714909882520FEF76CFABA
:102C8000704802F041FAFEF7FEBD002002F024F980
:102C900002230422694909882520FEF75DFAFEF720
:102CA000F2BD4246634BD3F8441138460FF0B7FAF1
:102CB00068BB65496548FEF767F950B1002300938A
:102CC000082303225D4909882820FEF7D5F9FEF77D
:102CD000DABD5D4B19685D4B186802F02DFC03F0FE
:102CE0003BFB50B100230093092303225349098879
:102CF0002820FEF7C1F9FEF7C6BD00220092134658
:102D00004E4909882820FEF7B7F9FEF7BCBD4246B8
:102D1000484BD3F84C1138460FF081FA80B903F0D4
:102D2000C3FC4B4B53F820304A4A136000930023F6
:102D30001A46424909882920FEF79EF9FEF7A3BDED
:102D400042463C4BD3F80C1238460FF068FA48B9AB
:102D5000002200921346394909884120FEF78CF978
:102D6000FEF791BD4246334BD3F8541138460FF06D
:102D700056FA68BB34493548FEF706F950B10023CE
:102D80000093082303222D4909882A20FEF774F9AD
:102D9000FEF779BD2C4B19682C4B186802F0AEFB7E
:102DA00003F006FB50B100230093092303222349BB
:102DB00009882A20FEF760F9FEF765BD002200921F
:102DC00013461E4909882A20FEF756F9FEF75BBD17
:102DD0004246184BD3F85C1138460FF020FA80B900
:102DE00003F068FC1C4B53F820301A4A1360009320
:102DF00000231A46114909882B20FEF73DF9FEF7FA
:102E000042BD42460B4BD3F8641138460FF007FA27
:102E1000002846D10C490D48FEF7B6F8F0B1002362
:102E2000009308230322054909882C20FEF724F982
:102E3000FEF729BD34500108080400205805002081
:102E4000380F002000001E085C05002060050020EF
:102E5000000000209C03002008000020B149B24B74
:102E600018680EF0F9FF51EC100BFDF78FFE00EE25
:102E7000100A03F0E3FA50B1002300930923032260
:102E8000AA4909882C20FEF7F7F8FEF7FCBC0022BF
:102E900000921346A54909882C20FEF7EDF8FEF7AD
:102EA000F2BC4246A24BD3F86C1138460FF0B7F98A
:102EB00078B903F005FC9F4B83ED000A1B68009373
:102EC00000231A46994909882D20FEF7D5F8FEF708
:102ED000DABC4246964BD3F8741138460FF09FF98E
:102EE00000285ED194499048FEF768F850B100235D
:102EF0000093082303228D4909882E20FEF7BCF891
:102F0000FEF7C1BC8C4B1968874B186802F0F6FAC3
:102F100003468A4A10700133DBB2012B0AD8002322
:102F2000009307230322814909882E20FEF7A4F885
:102F3000FEF7A9BC80497C48FEF726F850B1002373
:102F4000009308230322794909882E20FEF794F87C
:102F5000FEF799BC794B93F900707249724B18686F
:102F60000EF07AFF51EC100BFDF710FE00EE100A88
:102F7000384603F07FFA50B100230093092303225F
:102F80006A4909882E20FEF777F8FEF77CBC0022FC
:102F900000921346654909882E20FEF76DF8FEF76A
:102FA00072BC4246624BD3F87C1138460FF037F9B9
:102FB000002836D160495C48FEF700F850B1002384
:102FC000009308230322594909882F20FEF754F85B
:102FD000FEF759BC584B1968534B186802F08EFA2B
:102FE000564B1870431CDBB2012B0AD80023009308
:102FF000072303224D4909882F20FEF73DF8FEF7ED
:1030000042BC03F077FB4B4B83ED000A1B68009337
:1030100000231A46454909882F20FEF72DF8FEF7B0
:1030200032BC4246424BD3F8841138460FF0F7F8D1
:1030300000285ED140493C48FDF7C0FF50B1002355
:10304000009308230322394909883020FEF714F839
:10305000FEF719BC384B1968334B186802F04EFA6A
:103060000346364A10700133DBB2012B0AD8002325
:103070000093072303222D4909883020FDF7FCFF28
:10308000FEF701BC2C492848FDF77EFF50B1002314
:10309000009308230322254909883020FDF7ECFF1F
:1030A000FEF7F1BB254B93F900701E491E4B1868C3
:1030B0000EF0D2FE51EC100BFDF768FD00EE100A89
:1030C000384603F0FFF950B100230093092303228F
:1030D000164909883020FDF7CFFFFEF7D4BB002248
:1030E00000921346114909883020FDF7C5FFFEF70D
:1030F000CABB42460E4BD3F88C1138460FF08FF8FE
:10310000002844D10C490848FDF758FFC0B10023FE
:10311000009308230322054909883120FDF7ACFFFD
:10312000FEF7B1BB94030020600500205805002085
:10313000345001089C0300205C0500209803002007
:10314000A74B1968A74B186802F0D8F9A64B18705E
:10315000431CDBB2012B0AD8002300930723032270
:10316000A24909883120FDF787FFFEF78CBB03F0E9
:10317000CFFA9F4B83ED000A1B68009300231A4689
:103180009A4909883120FDF777FFFEF77CBB42465C
:10319000984BD3F8941138460FF041F800285ED1CF
:1031A0008F499048FDF70AFF50B100230093082390
:1031B00003228E4909883220FDF75EFFFEF763BBCC
:1031C000874B1968874B186802F098F90346864ABE
:1031D00010700133DBB2012B0AD8002300930723C0
:1031E0000322824909883220FDF746FFFEF74BBBD8
:1031F0007B497C48FDF7C8FE50B1002300930823AB
:1032000003227A4909883220FDF736FFFEF73BBBDF
:10321000754B93F900707849724B18680EF01CFEDC
:1032200051EC100BFDF7B2FC00EE100A384603F02B
:1032300071F950B100230093092303226B490988D7
:103240003220FDF719FFFEF71EBB00220092134645
:10325000664909883220FDF70FFFFEF714BB42468E
:10326000644BD3F89C1138460EF0D9FF002836D1B4
:103270005B495C48FDF7A2FE50B100230093082390
:1032800003225A4909883320FDF7F6FEFEF7FBBA00
:10329000534B1968534B186802F030F9524B1870B1
:1032A000431CDBB2012B0AD800230093072303221F
:1032B0004E4909883320FDF7DFFEFEF7E4BA03F03C
:1032C00035FA4B4B83ED000A1B68009300231A4626
:1032D000464909883320FDF7CFFEFEF7D4BA4246AF
:1032E000444BD3F8A41138460EF099FF00285ED164
:1032F0003B493C48FDF762FE50B100230093082390
:1033000003223A4909883420FDF7B6FEFEF7BBBA1E
:10331000334B1968334B186802F0F0F80346324A11
:1033200010700133DBB2012B0AD80023009307236E
:1033300003222E4909883420FDF79EFEFEF7A3BA2A
:1033400027492848FDF720FE50B1002300930823A9
:103350000322264909883420FDF78EFEFEF793BA32
:10336000214B93F9007024491E4B18680EF074FD30
:1033700051EC100BFDF70AFC00EE100A384603F082
:10338000F1F850B10023009309230322174909885B
:103390003420FDF771FEFEF776BA00220092134644
:1033A000124909883420FDF767FEFEF76CBA4246E1
:1033B000104BD3F8AC1138460EF031FF002844D141
:1033C00007490848FDF7FAFDC0B100230093082320
:1033D0000322064909883520FDF74EFEFEF753BA51
:1033E0005C0500206005002098030020580500209F
:1033F0009C0300203450010894030020A94B196855
:10340000A94B186802F07AF8A84B1870431CDBB27D
:10341000012B0AD80023009307230322A44909881B
:103420003520FDF729FEFEF72EBA03F08DF9A14BEA
:1034300083ED000A1B68009300231A469C49098803
:103440003520FDF719FEFEF71EBA42469A4BD3F817
:10345000B41138460EF0E3FE00285ED1914992483F
:10346000FDF7ACFD50B100230093082303229049DF
:1034700009883620FDF700FEFEF705BA894B19686A
:10348000894B186802F03AF80346884A10700133F5
:10349000DBB2012B0AD800230093072303228449BF
:1034A00009883620FDF7E8FDFEF7EDB97D497E4835
:1034B000FDF76AFD50B100230093082303227C49E5
:1034C00009883620FDF7D8FDFEF7DDB9774B93F973
:1034D00000707A49744B18680EF0BEFC51EC100B6A
:1034E000FDF754FB00EE100A384603F0ABF850B17C
:1034F00000230093092303226D4909883620FDF734
:10350000BBFDFEF7C0B90022009213466849098846
:103510003620FDF7B1FDFEF7B6B94246664BD3F84B
:10352000BC1138460EF07BFE002836D15D495E485E
:10353000FDF744FD50B100230093082303225C49AA
:1035400009883720FDF798FDFEF79DB9554B19689E
:10355000554B186801F0D2FF544B1870431CDBB276
:10356000012B0AD80023009307230322504909881E
:103570003720FDF781FDFEF786B903F00BF94D4BBF
:1035800083ED000A1B68009300231A464849098806
:103590003720FDF771FDFEF776B94246464BD3F86A
:1035A000C41138460EF03BFE002861D13D493E482B
:1035B000FDF704FD50B100230093082303223C498A
:1035C00009883820FDF758FDFEF75DB9354B1968BD
:1035D000354B186801F092FF0346344A10700133EE
:1035E000DBB2012B0AD800230093072303223049C2
:1035F00009883820FDF740FDFEF745B929492A48DA
:10360000FDF7C2FC50B10023009308230322284990
:1036100009883820FDF730FDFEF735B9234B93F9C3
:1036200000700A222549204B18680EF09BFC07EE1B
:10363000900AF8EEE77AFCEEE77A17EE901A384631
:1036400002F0B6FF50B1002300930923032218496A
:1036500009883820FDF710FDFEF715B90022009209
:103660001346134909883820FDF706FDFEF70BB90C
:103670004246114BD3F8CC1138460EF0D0FD00284D
:1036800043D108490848FDF799FCC8B100230093CD
:1036900008230322064909883920FDF7EDFCFEF7CF
:1036A000F2B800BF5C0500206005002098030020F0
:1036B000580500209C03002034500108940300208A
:1036C000A54B1968A54B186801F018FFA44B18709A
:1036D000431CDBB2012B0AD80023009307230322EB
:1036E000A04909883920FDF7C7FCFEF7CCB803F0E4
:1036F00039F89D4A1060009000231A4699490988BC
:103700003920FDF7B9FCFEF7BEB84246974BD3F817
:10371000D41138460EF083FD002861D18E498F48C0
:10372000FDF74CFC50B100230093082303228D4980
:1037300009883A20FDF7A0FCFEF7A5B8864B19686A
:10374000864B186801F0DAFE0346854A1070013393
:10375000DBB2012B0AD800230093072303228149FF
:1037600009883A20FDF788FCFEF78DB87A497B4836
:10377000FDF70AFC50B10023009308230322794986
:1037800009883A20FDF778FCFEF77DB8744B93F971
:1037900000700A227649714B18680EF0E3FB07EEC1
:1037A000900AF8EEE77AFCEEE77A17EE901A3846C0
:1037B00002F030FF50B1002300930923032269492E
:1037C00009883A20FDF758FCFEF75DB80022009208
:1037D0001346644909883A20FDF74EFCFEF753B8BA
:1037E0004246624BD3F8DC1138460EF018FD002833
:1037F00034D159495948FDF7E1FB50B100230093FA
:1038000008230322574909883B20FDF735FCFEF7C2
:103810003AB8514B1968514B186801F06FFE504B84
:103820001870431CDBB2012B0AD800230093072336
:1038300003224C4909883B20FDF71EFCFEF723B804
:1038400002F09CFF484A1060009000231A46454948
:1038500009883B20FDF710FCFEF715B84246434BA4
:10386000D3F8E41138460EF0DAFC70B941493C2334
:103870000B703C4B1B880B8100234FF0FF323E48FE
:1038800000680BF08DFCFDF7FEBF4246374BD3F8C6
:10389000EC1138460EF0C3FC002840F02D810023C7
:1038A00002932D4B01932D4B00931023334A34493F
:1038B000098834480DF0A2FC012840F0E680264B30
:1038C0001A68314B5968254B18680EF0A8FC68B986
:1038D00028493D230B7000238B72224A12880A81EB
:1038E0004FF0FF32244800680BF05AFC1B4B1F6856
:1038F000194BD3F800804246234BD96838460EF066
:103900008EFC80B91B493D230B7001238B72154B34
:103910001B880B8100234FF0FF32174800680BF023
:103920003FFCFDF7B0BF4246174B596938460EF0D1
:1039300076FC58BB0F493D230B7002238B72094B59
:103940001B880B8100234FF0FF320B4800680BF0FF
:1039500027FCFDF798BF00BF5C0500206005002034
:1039600098030020580500209C03002034500108D3
:1039700094030020B0030020640F0020C04301081E
:103980007C05002080090020FC4D01084246BA4B0E
:10399000D96938460EF043FC80B9B8493D230B7015
:1039A00003238B72B64B1B880B8100234FF0FF3231
:1039B000B44800680BF0F4FBFDF765BF4246AE4B20
:1039C000596A38460EF02BFC80B9AC493D230B7088
:1039D00004238B72AA4B1B880B8100234FF0FF320C
:1039E000A84800680BF0DCFBFDF74DBF4246A24B38
:1039F000D96A38460EF013FC80B9A0493D230B70FC
:103A000005238B729E4B1B880B8100234FF0FF32E6
:103A10009C4800680BF0C4FBFDF735BF01F022FEA7
:103A200001F026FE964B1988974B93F8E80101F0B8
:103A300073FE01F04DFE954B93F84810032002F001
:103A400049FC01F021FE01F04FFE01F001FE0746A6
:103A500001F002FE0146DFF84C92DFF84C824B4643
:103A60004246384601F056FBB9F800204146012095
:103A70000BF0F2F8012738460BF092F92128FAD022
:103A800001200BF0D7F8FDF7FEBE01F0EBFD01F0D1
:103A9000EFFD7B4B19887C4B93F8E80101F03CFE6D
:103AA00001F016FE794B93F84010032002F012FC4F
:103AB00001F0EAFD01F018FE01F0CAFD074601F031
:103AC000CBFD0146DFF8DC91DFF8DC814B46424656
:103AD000384601F01FFBB9F80020414601200BF0E9
:103AE000BBF8012738460BF05BF92128FAD00120FA
:103AF0000BF0A0F8FDF7C7BE4246634BD3F8F411B4
:103B000038460EF08CFB70B95C493E230B705C4B61
:103B10001B880B8100234FF0FF325A4800680BF0DE
:103B20003FFBFDF7B0BE4246574BD3F8FC11384679
:103B30000EF075FB002861D155495648FDF73EFA55
:103B400050B100230093082303224D4909883F20E8
:103B5000FDF792FAFDF797BE4D4B19684D4B18686B
:103B600001F0CCFC03464C4A10700133DBB2012B50
:103B70000AD80023009307230322414909883F20E4
:103B8000FDF77AFAFDF77FBE41494248FDF7FCF99F
:103B900050B10023009308230322394909883F20AC
:103BA000FDF76AFAFDF76FBE3B4B93F900700A22EE
:103BB0003A49384B18680EF0D5F907EE900AF8EE3E
:103BC000E77AFCEEE77A17EE901A384602F05AFDD3
:103BD00050B10023009309230322294909883F207B
:103BE000FDF74AFAFDF74FBE002200921346244922
:103BF00009883F20FDF740FAFDF745BE4246224BBB
:103C0000D3F8041238460EF00AFB00284ED12049A2
:103C10002048FDF7D3F950B1002300930823032275
:103C2000174909884020FDF727FAFDF72CBE184BED
:103C30001968184B186801F061FC174B1870431C89
:103C4000DBB2012B0AD800230093072303220C497F
:103C500009884020FDF710FAFDF715BE02F0A8FD17
:103C60000F4A1060009000231A4605490988402039
:103C7000FDF702FAFDF707BEFC4D0108B003002076
:103C800058050020640F0020345001084C4E0108F4
:103C90005C050020600500209803002094030020AC
:103CA0009C030020900300208009002005230322AC
:103CB000314909882620FDF74FFAFDF7E4BD0623B8
:103CC00004222D4909882720FDF746FAFDF7DBBDC0
:103CD00000222A490BF0CFFB01287DF4D4AD274800
:103CE000FDF75EFAFDF7CFBD002225490BF0C3FBBF
:103CF00001287DF4C8AD2248FDF7AAFAFDF7C3BD3F
:103D0000002220490BF0B7FB01287DF4BCAD1D4813
:103D1000FDF7F6FAFDF7B7BD00221B490BF0ABFB30
:103D200001287DF4B0AD1848FDF790FBFDF7ABBD61
:103D3000002216490BF09FFB01287DF4A4AD134827
:103D4000FDF714FCFDF79FBD002211490BF093FB1A
:103D500001287DF498AD0E48FDF792FCFDF793BD68
:103D600000220C490BF087FB01287DF48CAD09483B
:103D7000FDF7DEFCFDF787BD580500202805002073
:103D8000E0040020C003002050040020A004002014
:103D9000780400200805002010B582B000224FF4FE
:103DA000007101200BF0D5F9A94B1860002800F034
:103DB000498100224FF4806101200BF0CAF9A54B24
:103DC0001860002800F0418108200BF004FCA24B91
:103DD0001860A24B1B68002B00F09280A04B1B6860
:103DE000002B00F096809F4B1B68002B00F09A8000
:103DF0009D4B1B68002B00F09E809C4B1B68002B8A
:103E000000F0A2809A4B1B68002B00F0A680994B13
:103E10001B68002B00F0AA80974B1B68002B00F05A
:103E2000AE80964B1B68002B00F0B280944B1B6851
:103E3000002B00F0B680934B1B68002B00F0BA807B
:103E4000914B1B68002B00F0BE80904B1B68002B31
:103E500000F0C2808E4B1B68002B00F0C6808D4B9B
:103E60001B68002B00F0CA808B4B1B68002B00F0F6
:103E7000CE808A4B1B68002B00F0D280884B1B68D9
:103E8000002B00F0D6800146714B18680BF0A9FB9F
:103E9000714C2168724B18680BF0A3FB2168744BBE
:103EA00018680BF09EFB21687B4B18680BF099FBA0
:103EB0002168714B18680BF094FB2168704B1868EF
:103EC0000BF08FFB2168704B18680BF08AFB2168A0
:103ED0006F4B18680BF085FB2168714B18680BF06D
:103EE00080FB704B0193002300934FF480726E4966
:103EF0006E480BF060FD012814BF00200120A2E0F5
:103F00004FF0500383F31188BFF36F8FBFF34F8FD0
:103F1000FEE74FF0500383F31188BFF36F8FBFF3B9
:103F20004F8FFEE74FF0500383F31188BFF36F8F7D
:103F3000BFF34F8FFEE74FF0500383F31188BFF3B9
:103F40006F8FBFF34F8FFEE74FF0500383F311885D
:103F5000BFF36F8FBFF34F8FFEE74FF0500383F334
:103F60001188BFF36F8FBFF34F8FFEE74FF0500301
:103F700083F31188BFF36F8FBFF34F8FFEE74FF0CE
:103F8000500383F31188BFF36F8FBFF34F8FFEE7AA
:103F90004FF0500383F31188BFF36F8FBFF34F8F40
:103FA000FEE74FF0500383F31188BFF36F8FBFF329
:103FB0004F8FFEE74FF0500383F31188BFF36F8FED
:103FC000BFF34F8FFEE74FF0500383F31188BFF329
:103FD0006F8FBFF34F8FFEE74FF0500383F31188CD
:103FE000BFF36F8FBFF34F8FFEE74FF0500383F3A4
:103FF0001188BFF36F8FBFF34F8FFEE74FF0500371
:1040000083F31188BFF36F8FBFF34F8FFEE74FF03D
:10401000500383F31188BFF36F8FBFF34F8FFEE719
:104020004FF0500383F31188BFF36F8FBFF34F8FAF
:10403000FEE74FF0500383F31188BFF36F8FBFF398
:104040004F8FFEE7002002B010BD0020FBE700BF4D
:1040500074050020700500206C050020680E00200B
:10406000640E0020600E00205C0E0020F80D002081
:10407000F40D00202C0E0020280E0020C40D00207E
:10408000C00D00209C0E0020980E0020900F0020F4
:104090008C0F0020380F0020340F0020640F002008
:1040A000600F002078050020EC4301086918000823
:1040B00008B500234FF0FF320249034800680BF0B7
:1040C0006FF808BD800D0020C00D0020F0B587B04E
:1040D0000AF0ACFC0AF0E2FC5B4C5C4E5C4D10E07C
:1040E00000238DF80C3003A809F05EFEE0B12378C0
:1040F0002B7023892B810323AB770123EB77FFF709
:10410000D7FFFA22214630680BF0B5F90128F8D123
:1041100027780C2FE4D0A7F11903042BF1D8DFE89E
:1041200003F0370E0E570E0023782B7023892B8156
:104130000023AB77EB779DF80C30AB73DFE7A07A09
:10414000042807D92F7023892B810323AB770723FA
:10415000EB7715E00023ADF80C3003A90AF09AFCC8
:10416000034680B11D2F14BF0D230E2322782A7021
:10417000218904222981AA77EB77BDF80C30AB8125
:10418000FFF796FFBDE722782A7021890246F1E702
:104190000023ADF80C3003A80AF02CFB01280CD04A
:1041A00023782B7023892B810023AB77EB77BDF924
:1041B0000C302B82FFF77CFFA3E723782B70238939
:1041C0002B810423AB771123EB774FF0FF33F0E71C
:1041D000002300930193029303930493059368468D
:1041E0000AF07CFC074603A80AF084FC074317F09A
:1041F000FF0F13D023782B7023892B810423AB77F7
:104200000E23EB7700236B82AB82EB8219461A46B2
:1042100029836A83AB83FFF74BFF72E723782B7008
:1042200023892B810023AB77EB77BDF90420BDF9FF
:10423000083000996982AA82EB82BDF90C10BDF9A1
:104240001020BDF91430E3E7A00D0020C40D0020BC
:10425000800D002000B583B00022202101200AF04B
:1042600078FF104B1860C0B10022202101200AF015
:1042700070FF0D4B186090B10C4B0193002300931D
:104280004FF480720A490B480BF095FB012814BFCC
:104290000020012003B05DF804FB0020FAE70020B5
:1042A000F8E700BFC40D0020C00D0020C80D00209D
:1042B000F8430108CD40000808B500234FF0FF3255
:1042C0000249034800680AF06BFF08BDCC0D0020CE
:1042D000F40D002070B582B02C4C2D4E2D4D0FE00A
:1042E000A07A09F077FD012823782B7022890EBF70
:1042F0000323002318462A812B746874FFF7DCFF20
:10430000FA22214630680BF0B6F80128F8D123785C
:10431000082BE5D0092B1AD00A2B25D00B2BEFD177
:104320000020ADF806000DF106010AF0B3FB0346CC
:1043300038B323782B70218904220E2329812A7413
:104340006B74BDF80630EB81FFF7B6FFD8E709F0D4
:104350005FFD23782B7023892B8100232B746B74D2
:10436000A872FFF7A9FFCBE709F058FD23782B705F
:1043700023892B8100232B746B74A881FFF79CFF8A
:10438000BEE722782A7021890246D7E7E00D002097
:10439000F80D0020CC0D002000B583B000221421C0
:1043A00001200AF0D6FE0F4B1860B8B1002214218C
:1043B00001200AF0CEFE0C4B186088B10B4B019324
:1043C0000023009380220A490A480BF0F4FA0128DE
:1043D00014BF0020012003B05DF804FB0020FAE7C1
:1043E0000020F8E7F80D0020F40D0020FC0D00205F
:1043F000FC430108D542000890F800C0034B83F845
:1044000000C0008918819974DA747047000E00208A
:1044100008B500234FF0FF320249034800680AF054
:10442000BFFE08BD000E0020280E002070B582B02F
:1044300009F0A6FC504C514D514E0AE0608909F03C
:104440007DFDC8B10B2203212046FFF7D5FFFFF702
:10445000DFFFFA22214628680BF00DF80128F8D179
:104460002378112BEAD0123B062BF2D8DFE803F0B9
:104470000A15203A58667900002211462046FFF7B7
:10448000BBFFE4E7002211462046FFF7B5FF09F025
:1044900097FD7081FFF7BCFFDBE700221146204645
:1044A000FFF7AAFF09F092FDF081FFF7B1FFD0E717
:1044B0000023ADF806300DF1060101200AF0EAFAFA
:1044C00050B10D2204212046FFF796FFBDF80630BB
:1044D0003382FFF79DFFBCE7002211462046FFF71D
:1044E0008BFFF3E7237B4BB1012B10D00A22042171
:1044F0002046FFF781FFFFF78BFFAAE7642009F052
:1045000033FC002211461C48FFF776FFF3E700203A
:1045100009F02AFC002211461748FFF76DFFEAE771
:10452000002211462046FFF767FF09F035FCB0FA7C
:1045300080F040092073FFF76BFF8AE7607B6428F7
:1045400007D9092203212046FFF756FFFFF760FF36
:104550007FE709F009FC002211462046FFF74CFFD7
:10456000F4E709F019FC7073002211462046FFF7AA
:1045700043FFFFF74DFF6CE7140E00202C0E0020C8
:10458000000E002000B583B00022142101200AF0A3
:10459000E0FD0F4B1860B8B10022142101200AF091
:1045A000D8FD0C4B186088B10B4B0193002300938E
:1045B00080220A490A480BF0FEF9012814BF0020A6
:1045C000012003B05DF804FB0020FAE70020F8E7C3
:1045D0002C0E0020280E0020300E0020044401087C
:1045E0002D44000800B583B00022142101200AF0F8
:1045F000B0FD1A4B186030B30022142101200AF0DC
:10460000A8FD174B186010B30022142101200AF0F6
:10461000A0FD144B1860E0B10022142101200AF023
:1046200098FD114B1860B0B1104B0193002300931B
:104630004FF400720E490F480BF0BDF9012814BF6A
:104640000020012000E0002003B05DF804FB002002
:10465000FAE70020F8E70020F6E700BF680E002028
:10466000640E0020600E00205C0E00206C0E002006
:104670000844010891460008044B5889643080B210
:10468000C82894BF00200120704700BF480E0020BA
:10469000F8B564200BF024FB0AF0D4F8564C574EC2
:1046A000574F13E00AF0CEF800283DD023783B7036
:1046B00023893B8104233B740E237B7400234FF03A
:1046C000FF3239464F4800680AF06AFD4FF0FF3567
:1046D0002A46214630680AF0CEFE0128F8D1237818
:1046E000032BDFD0002B4FD1B4F90A502846FFF737
:1046F000C3FF012827D028460AF0B6F8002832D098
:10470000052823783B7023890CBF12220E223B819F
:1047100004233B747A7400234FF0FF323946394842
:1047200000680AF03DFDD1E723783B7023893B8187
:1047300000233B747B744FF0FF32394631480068E8
:104740000AF02EFDC2E700233B7022893A81032242
:104750003A740B227A744FF0FF32394629480068C8
:104760000AF01EFDB2E723783B7023893B810023CA
:104770003B747B7462897A814FF0FF32394621485D
:1047800000680AF00DFDA1E7012B11D0022B21D00A
:104790003B7023893B8102233B7405237B740023F8
:1047A0004FF0FF323946174800680AF0F9FC8DE7F0
:1047B0003B7023893B8100253D747D740AF05CF8D1
:1047C00078812B464FF0FF3239460E4800680AF0D8
:1047D000E7FC7BE73B7023893B8100253D747D74BA
:1047E0000AF06AF8F8812B464FF0FF323946054847
:1047F00000680AF0D5FC69E7480E0020680E00202A
:10480000340E0020640E002090F800C0054B83F8A1
:1048100000C0B0F808C0A3F808C0807A9872197474
:104820005A747047700E002008B500234FF0FF3215
:104830000249034800680AF0B3FC08BD700E00206E
:10484000980E0020F8B5354C354D364F06E007225E
:1048500003212046FFF7D8FFFFF7E6FFFA222146A3
:1048600028680AF008FE0128F8D1A07A0328EED8BB
:1048700023780E2B16D00D2B21D00F2B2CD0102BE4
:10488000ECD14FF40051384606F042F906460022BA
:1048900011462046FFF7B8FFC6B3012E3AD0FFF706
:1048A000C3FFDBE70AF01AF806460022114620464D
:1048B000FFF7AAFF1C4BDE81FFF7B6FFCEE70AF039
:1048C00029F80646002211462046FFF79DFF164BA9
:1048D0009E81FFF7A9FFC1E7E37A4BB1012B0ED010
:1048E000002211462046FFF78FFFFFF79DFFB5E737
:1048F00001224FF40051384606F010F9F0E700228B
:104900004FF40051074806F009F9E9E7064B012288
:10491000DA72C4E7044B0022DA72C0E7840E00208A
:104920009C0E002000040240700E002000B583B0F1
:104930000022142101200AF00CFC0F4B1860B8B1C2
:104940000022142101200AF004FC0C4B186088B1ED
:104950000B4B01930023009380220A490A480BF075
:104960002AF8012814BF0020012003B05DF804FBE1
:104970000020FAE70020F8E79C0E0020980E0020A7
:10498000A00E0020104401084548000800B583B07F
:104990000022482101200AF0DCFB104B1860C0B156
:1049A0000022482101200AF0D4FB0D4B186090B181
:1049B0000C4B0193002300934FF400720A490B48FB
:1049C0000AF0F9FF012814BF0020012003B05DF8B0
:1049D00004FB0020FAE70020F8E700BF380F0020B2
:1049E000340F00203C0F00201C440108094A000835
:1049F00010B5044604F056F8E06004F059F8206160
:104A000004F05CF8606110BD2DE9F047674C684E1A
:104A1000684D05F11808A8F1180705F13C0916E0E2
:104A200094F8293033B3022B27D0032B2AD02378D4
:104A30002B7023892B81002385F8283085F82A30B4
:104A40004FF0FF3229465C4800680AF0A9FB4FF09E
:104A5000FF32214630680AF00EFD0128F7D1237895
:104A60001E2BDDD01F3B042BF1D8DFE803F00E5DD9
:104A70004777880000F0F2FCD9E700F0BBFC02F0B9
:104A800045F8D4E702F03CF8D1E7032009F042FFF3
:104A9000A885032009F022FFE885022009F03AFFEB
:104AA0002886022009F01AFF6886012009F032FFEB
:104AB000A886012009F012FFE886002009F02AFFED
:104AC0002887002009F00AFF6887484609F06CF93A
:104AD00000200AF098F985F8440023782B70238988
:104AE0002B81002385F8283085F82A304FF0FF32DB
:104AF0002946314800680AF053FBA8E742461021D6
:104B0000002009F031FE23783B7023893B8100238C
:104B100087F8283087F82A304FF0FF323946264888
:104B200000680AF03DFB92E7DFF890A052461021A2
:104B3000002009F04FFE1AF8183C2B703AF8103C90
:104B40002B81002385F8283085F82A304FF0FF327A
:104B50002946194800680AF023FB78E722232B70C6
:104B600023892B81002385F8283085F82A304FF0DF
:104B7000FF322946104800680AF012FB67E723233A
:104B80002B7023892B814FF0000A85F828A085F827
:104B90002AA02846FFF72CFF53464FF0FF32294644
:104BA000054800680AF0FCFA51E700BFEC0E00204F
:104BB000380F0020A40E0020340F0020040F002026
:104BC00008B5FFF747FBFFF7E7FBFFF7DBFCFFF755
:104BD00009FDFFF7ABFEFFF7D9FE00F033F900F057
:104BE00055F8FFF7D9F808BD70B5244C244E254D73
:104BF00011E0002008F00AFEE87223782B70238968
:104C00002B8100232B736B734FF0FF3229461E4814
:104C100000680AF0C5FA4FF0FF32214630680AF00A
:104C20002AFC0128F7D123783C2BE2D03D2B13D06E
:104C30003E2BF0D109F042FAA87223782B70238919
:104C40002B8100232B736B734FF0FF3229460E48E4
:104C500000680AF0A5FADEE7A07A09F06FFA237877
:104C60002B7023892B8100232B736B734FF0FF3242
:104C70002946054800680AF093FACCE7500F002057
:104C8000640F0020400F0020600F002000B583B0AB
:104C900009F09AFA0022102101200AF05AFA104B6A
:104CA0001860C0B10022102101200AF052FA0D4B09
:104CB000186090B10C4B0193002300934FF4807265
:104CC0000A490B480AF077FE012814BF0020012092
:104CD00003B05DF804FB0020FAE70020F8E700BF0E
:104CE000640F0020600F0020680F0020244401089A
:104CF000E94B0008F8B50AF070F84E4C4E4E4F4D97
:104D000011E00AF06AF823782B7023892B81A37AAB
:104D1000AB720023AB73EB734FF0FF322946484868
:104D200000680AF03DFA4FF0FF32214630680AF081
:104D3000A2FB0128F7D12378072BE2D0A07A032821
:104D400018D8042B27D0052B60D0062BEBD12B7065
:104D500023892B81A8720027AF73EF730AF066F8DE
:104D6000A8813B464FF0FF322946354800680AF0DB
:104D700017FAD8E72B7023892B81A8720323AB7312
:104D80000723EB7300234FF0FF3229462C480068BD
:104D90000AF006FAC7E7E17A012913D80AF021F8E8
:104DA00008BB23782B7023892B81A37AAB72002355
:104DB000AB73EB734FF0FF322946214800680AF0CD
:104DC000EFF9B0E72B7023892B81A8720323AB7313
:104DD0000A23EB7300234FF0FF322946184800687E
:104DE0000AF0DEF99FE723782B7023892B81A37AC1
:104DF000AB720423AB730323EB7300234FF0FF323A
:104E000029460F4800680AF0CBF98CE72B702389FC
:104E10002B81A8720027AF73EF7309F0F4FFE872DB
:104E20003B464FF0FF322946054800680AF0B8F9C2
:104E300079E700BF7C0F0020900F00206C0F00204E
:104E40008C0F002000B583B00022102101200AF051
:104E500080F90F4B1860B8B10022102101200AF030
:104E600078F90C4B186088B10B4B01930023009329
:104E7000C8220A490A480AF09EFD012814BF0020F2
:104E8000012003B05DF804FB0020FAE70020F8E7FA
:104E9000900F00208C0F0020940F00203444010854
:104EA000F54C000870B582B0094C04F12006094D9C
:104EB00001A9284606F065FF024638B9019B44F86F
:104EC000043FB442F4D1104602B070BD0122FAE7AB
:104ED000980F0020B818002002289DBF024B1870C0
:104EE00000200120704700BF980F0020014B187868
:104EF000704700BF980F002008B50A4B00210A48F0
:104F00001A68B2F1FF3F04BF0131C9B204338342D2
:104F1000F6D1082901D1002008BD024800F0F4F8BC
:104F20000220F9E700001E0820001E0808B5FFF760
:104F3000E3FF003818BF01204000014B187008BD86
:104F4000980F002010B505F0F3FB05F00FFC0446A8
:104F5000064BC022DA600221172005F0A3FC05F001
:104F600019FC05F0F9FB204610BD00BF003C0240D3
:104F70002DE9F843FFF7E6FF0546E0B905F0D8FB59
:104F800005F0F4FB174BC022DA6028BB164C04F185
:104F90002009C4F1016606F560264FF000080227DB
:104FA000311954F8042F4346384605F035FC0546C0
:104FB000B0B94C45F4D105F0EDFB05F0CDFB0B4B42
:104FC00000221A605A609A60DA601A615A619A6126
:104FD000DA612846BDE8F88305F0E6FBC5B2EAE7EA
:104FE0000125F6E7003C0240980F00209C0F0020AE
:104FF0002DE9F04184B007460D4E0025DFF83480DE
:105000000DF10B0456F8042F414601A80DF088F865
:105010000DF103037A1913F8011F02F8011BA342D3
:10502000F9D10835402DEDD104B0BDE8F08100BFC5
:10503000980F00203C440108B9B130B4431813F86C
:10504000014CA4B18C4214D80D1BA94209D96B1E86
:1050500003440844411E13F8010FA0420BD18B42B8
:10506000F9D11560002030BC704701207047FF2047
:10507000F9E7FF20F7E70120F5E7C1B100B583B0FC
:10508000043800EB810E0DF1040C01E070450BD0EB
:1050900050F8043F019302AB024613F8011D02F8D9
:1050A000011B6345F9D1F1E703B05DF804FB7047DC
:1050B00008B58C46B1FBF2F102FB11C1521A0CEBA0
:1050C00002011960D1B260440DF08DF8002008BDD6
:1050D000B0B500AF0C468A00D31D23F00703ADEB3B
:1050E000030D6D46014628460DF075F92146284608
:1050F000FFF7C3FF22462946024804F018F8BD46D0
:10510000B0BD00BF5C150020014BD8600020704787
:10511000641500202DE9F04F89B002AF80460D469E
:1051200014461E46AA231370FFF7E0FE022832D071
:1051300004F115032A464146984618460DF04BF9EE
:1051400007F11403102229464046FFF7B1FF002360
:10515000C4F80530C4F80930C4F80D30C4F8113073
:105160007D6905F11401A04648F8011F07F11003FD
:1051700004224046FFF79CFF396989084046FFF743
:10518000A7FF2C44C4F815001935356000201C37E2
:10519000BD46BDE8F08FC7F804D005F1170323F032
:1051A0000703ADEB030D0DF1080BDFF890A050469F
:1051B00006F023FEDFF88090C9F80000504606F0A4
:1051C0001CFEC9F80400504606F017FEC9F8080096
:1051D000504606F012FEC9F80C00164BC3F81090AA
:1051E0002A46414658460DF0F6F807F10C03102206
:1051F00029465846FFF75CFF80B1D7F804D00E4D22
:105200000FCDC4F80500C4F80910C4F80D20C4F887
:1052100011300421601DFFF730FFA1E7FD68C823AE
:10522000009304F11503AAB25946024804F016FF90
:105230007D61E2E764150020BC0F0020B818002053
:105240002DE9F04F85B002AF00231360D0F8016064
:10525000132E06D84FF0010948460C37BD46BDE86D
:10526000F08F0446884615468319D3F801A000F153
:1052700001093B1D042231464846FFF719FF7968B2
:1052800089084846FFF724FF824502D04FF0010904
:10529000E2E7143EFFF72AFE02280CD015342A4616
:1052A00031462046FFF7C8FE81462A68214640461F
:1052B0000DF091F8D0E704F1050904214846FFF705
:1052C000DCFEDFF864E0F446D4F80500D4F80910F9
:1052D000D4F80D20D4F81130ACE80F001148C0F814
:1052E00010E0EA46F31D23F00703ADEB030DEB4698
:1052F000C8234BF8083B5B46B2B204F1150104F039
:10530000D3FF814608B1D546A6E72A46314658461E
:10531000FFF792FE81462A68594640460DF05BF839
:10532000F1E700BF64150020BC0F002070B5084CE9
:1053300023686FF001061E61204607F063FA2368B8
:1053400000255D621E61204607F018FA284670BDF0
:10535000441A002000B583B000238DF807303220B6
:105360000AF0BEFC0DF107017F2009F00DFA60B9CB
:105370009DF807309DF90720002A0BDB13F0010090
:105380000ED10C4B00221A7007E00A4B00221A7053
:105390000E2002E0074B00221A7003B05DF804FBF8
:1053A000044B01221A70FFF7C1FF003818BF01201B
:1053B000F3E700BFD00F002010B5064B1C7814B1E6
:1053C0000124204610BD044A136801331360FFF71F
:1053D000ADFFF6E7D10F0020CC0F0020014B18786D
:1053E000704700BFD10F0020014B1878704700BFF5
:1053F000D00F002030B583B000238DF80730322065
:105400000AF06EFC0DF107017F2009F0BDF9F0B93B
:1054100004469DF807309DF90720002ABCBF03F021
:105420007F038DF8073032200AF05AFC9DF80710F0
:1054300041F001017F2009F0B7F9054650B9FFF7A7
:1054400089FF0124044B1C70284603B030BD0024A2
:105450000E25F7E70E25F5E7D00F002010B582B036
:1054600000238DF8073032200AF03AFC0DF10701D5
:105470007F2009F089F9A0B932200AF031FC9DF8AB
:10548000071001F0FE017F2009F08EF9044650B9A3
:10549000064807F0B7F9064B00221A70204602B002
:1054A00010BD0E24F7E70E24F5E700BF441A0020D4
:1054B000D00F0020014B1868704700BFCC0F0020B0
:1054C00010B501240B4B1C700B4807F09BF9002012
:1054D00000F042FF002000F06BFF204608F07AFC4D
:1054E00008F018FD0021084609F07BFC002009F0B7
:1054F000BBF910BDD10F0020441A00202DE9F04166
:10550000A9B106460F460024DFF8288065B23A4666
:1055100058F8251030460CF082FE28B1013463B2F1
:10552000022BF3DD4FF0FF352846BDE8F0814FF048
:10553000FF35F9E7080000202DE9F041A9B1064642
:105540000F460024DFF8288065B23A4658F8251047
:1055500030460CF064FE28B1013463B2012BF3DD58
:105560004FF0FF352846BDE8F0814FF0FF35F9E7F1
:1055700000000020034A138803493A20C85401332D
:1055800013807047D20F0020D40F002010B50246C0
:10559000054C23880549064818440CF0C1FD2388B2
:1055A0001844208010BD00BFD20F00205C520108BB
:1055B000D40F002030B583B010EE100A084C2588B7
:1055C000084B1D44FAF7D0FFCDE90001042206493B
:1055D00028460CF0A5FD23881844208003B030BD78
:1055E000D20F0020D40F0020605201082DE9F041B5
:1055F00080460B4D2C880B4E222737550134A4B220
:105600002C80FAF7F5FD421C414630190CF0F3FDF1
:105610002B88184480B2375401302880BDE8F081CF
:10562000D20F0020D40F002010B50C46FFF7DEFF8C
:10563000FFF7A0FF2046FFF7D9FF10BD10B50C46BD
:10564000FFF7D4FFFFF796FF2046FFF79FFF10BD3F
:1056500000487047D40F0020014B1888704700BFE6
:10566000D20F0020014B00221A807047D20F002079
:10567000034A138803497B20C854013313807047C1
:10568000D20F0020D40F0020034A138803497D2045
:10569000C854013313807047D20F0020D40F00206C
:1056A000034A138803495B20C854013313807047B1
:1056B000D20F0020D40F0020034A138803495D2035
:1056C000C854013313807047D20F0020D40F00203C
:1056D000034A138803492C20C854013313807047B0
:1056E000D20F0020D40F0020034A138803490D2055
:1056F000C854013313807047D20F0020D40F00200C
:1057000008B5044B5869FFF771FFFFF733FFFFF748
:10571000AFFF08BDE44E010838B50C46074B03EB5C
:10572000C003074D59686868FFF77EFFFFF7D0FF99
:1057300021B2E868FFF782FF38BD00BF345001088E
:10574000E44E010838B50C46084D0146D5F88C00EA
:10575000FFF774FFFFF7BCFF054901EBC40149687F
:10576000D5F89400FFF760FF38BD00BFE44E010894
:105770004C4E010808B5FFF7E5FF08BD70B50446BB
:105780000D461646FFF7BCFF74B100210A4BD3F853
:105790009400FFF753FFFFF777FFFFF799FF2946C4
:1057A0002046FFF7CFFF70BD3146034BD3F894007E
:1057B000FFF744FFEFE700BF9C4F010870B50446B8
:1057C0000D461646FFF79CFF74B100210A4BD3F833
:1057D0009400FFF733FFFFF757FFFFF779FF2946E4
:1057E0002046FFF7AFFF70BD3146034BD3F894005E
:1057F000FFF724FFEFE700BF9C4F010808B5FFF754
:10580000A1FF08BD08B5FFF79DFF08BD70B50446B0
:105810000D461646FFF774FF74B10C490C4BD3F8D4
:105820009400FFF701FFFFF72FFFFFF751FF294615
:105830002046FFF787FF70BD064B03EBC603596890
:10584000034BD3F89400FFF7EFFEECE7AC550108EB
:105850009C4F0108DC4D010870B504460D46164604
:10586000FFF74EFF74B100210A4BD3F89400FFF705
:10587000E5FEFFF709FFFFF72BFF29462046FFF75C
:1058800061FF70BD3146034BD3F89400FFF7D6FE9D
:10589000EFE700BF9C4F010808B5FFF753FF08BDB5
:1058A00070B504460D461646FFF72AFF74B10C4941
:1058B0000C4BD3F89400FFF7B7FEFFF7E5FEFFF7B8
:1058C00007FF29462046FFF73DFF70BD064B03EB5F
:1058D000C6035968034BD3F89400FFF7A5FEECE725
:1058E000AC5501089C4F0108F052010870B5044600
:1058F0000D461646FFF704FF74B100210A4BD3F89A
:105900009400FFF79BFEFFF7BFFEFFF7E1FE29467D
:105910002046FFF717FF70BD3146034BD3F89400C4
:10592000FFF78CFEEFE700BF9C4F010870B50446FF
:105930000D461646FFF7E4FE74B100210A4BD3F87A
:105940009400FFF77BFEFFF79FFEFFF7C1FE29469D
:105950002046FFF7F7FE70BD3146034BD3F89400A5
:10596000FFF76CFEEFE700BF9C4F010870B50446DF
:105970000D461646FFF7C4FE74B100210A4BD3F85A
:105980009400FFF75BFEFFF77FFEFFF7A1FE2946BD
:105990002046FFF7D7FE70BD3146034BD3F8940085
:1059A000FFF74CFEEFE700BF9C4F010870B50446BF
:1059B0000D461646FFF7A4FE74B100210A4BD3F83A
:1059C0009400FFF73BFEFFF75FFEFFF781FE2946DD
:1059D0002046FFF7B7FE70BD3146034BD3F8940065
:1059E000FFF72CFEEFE700BF9C4F010870B504469F
:1059F0000D461646FFF784FE74B100210A4BD3F81A
:105A00009400FFF71BFEFFF73FFEFFF761FE2946FC
:105A10002046FFF797FE70BD3146034BD3F8940044
:105A2000FFF70CFEEFE700BF9C4F010808B5FFF73A
:105A300089FE08BD70B504460D461646FFF760FEA8
:105A400074B10C490C4BD3F89400FFF7EDFDFFF750
:105A50001BFEFFF73DFE29462046FFF773FE70BD93
:105A6000064B03EBC6035968034BD3F89400FFF7CA
:105A7000DBFDECE7AC5501089C4F010834540108EC
:105A800008B5FFF75FFE08BD70B504460D46164623
:105A9000FFF736FE74B100210A4BD3F89400FFF7EC
:105AA000CDFDFFF7F1FDFFF713FE29462046FFF776
:105AB00049FE70BD31B2034BD3F89400FFF7BEFD31
:105AC000EFE700BF9C4F010870B504460D4616462F
:105AD000FFF716FE74B100210A4BD3F89400FFF7CC
:105AE000ADFDFFF7D1FDFFF7F3FD29462046FFF797
:105AF00029FE70BD3146034BD3F89400FFF79EFD9D
:105B0000EFE700BF9C4F010870B504460D461646EE
:105B1000FFF7F6FD74B100210A4BD3F89400FFF7AC
:105B20008DFDFFF7B1FDFFF7D3FD29462046FFF7B6
:105B300009FE70BD3146034BD3F89400FFF77EFD9C
:105B4000EFE700BF9C4F010870B504460D461646AE
:105B5000FFF7D6FD74B100210C4BD3F89400FFF78A
:105B60006DFDFFF791FDFFF7B3FD29462046FFF7D6
:105B7000E9FD70BD064B03EBC603B3F90410034BFC
:105B8000D3F89400FFF75AFDEBE700BF9C4F0108E4
:105B9000EC4D010870B504460D461646FFF7B0FD02
:105BA00074B100210A4BD3F89400FFF747FDFFF7CB
:105BB0006BFDFFF78DFD29462046FFF7C3FD70BD45
:105BC0003146034BD3F89400FFF738FDEFE700BFF1
:105BD0009C4F010870B504460D461646FFF790FD30
:105BE00074B100210A4BD3F89400FFF727FDFFF7AB
:105BF0004BFDFFF76DFD29462046FFF7A3FD70BD65
:105C00003146034BD3F89400FFF718FDEFE700BFD0
:105C10009C4F010870B504460D461646FFF770FD0F
:105C200074B100210A4BD3F89400FFF707FDFFF78A
:105C30002BFDFFF74DFD29462046FFF783FD70BD84
:105C40003146034BD3F89400FFF7F8FCEFE700BFB1
:105C50009C4F010870B504460D461646FFF750FDEF
:105C600074B100210A4BD3F89400FFF7E7FCFFF76B
:105C70000BFDFFF72DFD29462046FFF763FD70BDA4
:105C80003146034BD3F89400FFF7D8FCEFE700BF91
:105C90009C4F0108F8B504460D4617461E46FFF70F
:105CA0002FFD294BD3F89400FFF7A0FCFFF762FC0F
:105CB000FFF7F6FC34B30020FFF768FCFFF708FDA0
:105CC0000020FFF763FCFFF703FD0020FFF75EFCF9
:105CD000FFF7FEFC0020FFF759FCFFF7F9FC00205E
:105CE000FFF754FCFFF7F4FC0020FFF74FFCFFF731
:105CF000E3FCFFF7C9FCFFF7EBFC29462046FFF762
:105D000021FDF8BD3846FFF741FCFFF7E1FC3046C6
:105D1000FFF73CFCFFF7DCFCBDF91800FFF736FC91
:105D2000FFF7D6FCBDF91C00FFF730FCFFF7D0FCF5
:105D3000BDF92000FFF72AFCFFF7CAFCBDF92400DB
:105D4000FFF724FCD3E700BF9C4F010882B02DE988
:105D5000F8430C4608A981E80C00804680B1474909
:105D6000474B5869FFF760FCFFF78EFCFFF7B0FC6C
:105D700021464046FFF7E6FCBDE8F84302B0704715
:105D8000FFF7BEFC3E4DE869FFF730FCFFF7F2FB82
:105D9000FFF76EFC686AFFF729FCFFF7EBFBFFF7E4
:105DA00067FCDFF8E090D9F80470BDF920103846A0
:105DB000FFF744FCFFF78CFCD9F80C60BDF922100A
:105DC0003046FFF73BFCFFF75FFCFFF781FCE86A1A
:105DD000FFF70CFCFFF7CEFBFFF74AFCBDF92410E0
:105DE0003846FFF72BFCFFF773FCBDF92610304651
:105DF000FFF724FCFFF748FCFFF76AFC686BFFF72E
:105E0000F5FBFFF7B7FBFFF733FCBDF92810384669
:105E1000FFF714FCFFF75CFCBDF92A103046FFF7D2
:105E20000DFCFFF731FCFFF753FCE86BFFF7DEFBDF
:105E3000FFF7A0FBFFF71CFCBDF92C103846FFF75D
:105E4000FDFBFFF745FCBDF92E103046FFF7F6FBD2
:105E5000FFF71AFCFFF73CFCE86CFFF7C7FBFFF706
:105E600089FBFFF705FC9DF83010D9F83400FFF7E7
:105E7000E5FBFFF709FCFFF707FC75E7AC550108E8
:105E8000E44E01089C4F010808B5FFF75BFC08BD14
:105E900008B5FFF757FC08BD70B504460D46164619
:105EA000FFF72EFC74B10B490B4BD3F89400FFF7AE
:105EB000BBFBFFF7E9FBFFF70BFC29462046FFF78A
:105EC00041FC70BD3146044BD3F89400FFF7ACFBA6
:105ED000EFE700BFAC5501089C4F010870B584B0D6
:105EE00004460D46002301930293ADF80C30FFF7F2
:105EF00007FC7CB11049114BD3F89400FFF794FBD9
:105F0000FFF7C2FBFFF7E4FB29462046FFF71AFC28
:105F100004B070BD01AE3046FAF76AF90346311895
:105F2000074A1068F05093888B803146034BD3F8B2
:105F30009400FFF779FBE3E7AC5501089C4F01089B
:105F4000685201082DE9F04184B004460E4615461A
:105F500000230093019302938DF80C30FFF7D0FBE0
:105F600084B12949294BD3F89400FFF75DFBFFF773
:105F70008BFBFFF7ADFB31462046FFF7E3FB04B098
:105F8000BDE8F081D5F800805FEA9803204F14BF88
:105F900001220022394668460CF0C2F8B8F100022E
:105FA00018BF012239460DF102000CF0B9F8D5F8FE
:105FB00004805FEA980314BF01220022394601A839
:105FC0000CF0AEF8B8F1000218BF012239460DF10D
:105FD00006000CF0A5F8AD68AB0814BF0122002242
:105FE000394602A80CF09CF82A1E18BF0122394637
:105FF0000DF10A000CF094F86946044BD3F89400B4
:10600000FFF712FBB3E700BFAC5501089C4F010836
:106010007052010838B52DED028B04460D46B0EEE6
:10602000408AFFF76DFBACB1104BD3F89400FFF73B
:10603000DDFAFFF79FFA9FED0E0AFFF7BBFAFFF7B5
:1060400023FBFFF745FB29462046FFF77BFBBDEC12
:10605000028B38BD054BD3F89400FFF7C7FAFFF762
:1060600089FAB0EE480AFFF7A5FAE8E79C4F010865
:106070000000000070B504460D461646FFF740FBD1
:1060800074B100210A4BD3F89400FFF7D7FAFFF759
:10609000FBFAFFF71DFB29462046FFF753FB70BDB7
:1060A00031B2034BD3F89400FFF7C8FAEFE700BF13
:1060B0009C4F010870B504460D461646FFF720FBBD
:1060C00074B10B490B4BD3F89400FFF7ADFAFFF70F
:1060D000DBFAFFF7FDFA29462046FFF733FB70BDD8
:1060E0003146044BD3F89400FFF79EFAEFE700BF68
:1060F000AC5501089C4F010838B52DED048B0446C2
:106100000D46B0EE409AF0EE609AF0EE418AB0EEA5
:10611000618AFFF7F5FA234BD3F89400FFF766FA8C
:10612000FFF728FAFFF7BCFA24B39FED1F8AB0EE01
:10613000480AFFF73FFAFFF7CBFAB0EE480AFFF73D
:1061400039FAFFF7C5FAB0EE480AFFF733FAFFF75E
:10615000BFFAB0EE480AFFF72DFAFFF7ADFAFFF7E6
:1061600093FAFFF7B5FA29462046FFF7EBFABDECA4
:10617000048B38BDB0EE690AFFF71CFAFFF7A8FAE6
:10618000B0EE490AFFF716FAFFF7A2FAB0EE680A76
:10619000FFF710FAFFF79CFAB0EE480AFFF70AFA89
:1061A000DBE700BF9C4F01080000000008B5FFF7C7
:1061B000C9FA08BD08B5FFF7C5FA08BD70B50446B1
:1061C0000D461646FFF79CFA74B100210A4BD3F82E
:1061D0009400FFF733FAFFF757FAFFF779FA2946E9
:1061E0002046FFF7AFFA70BD31B2034BD3F89400ED
:1061F000FFF724FAEFE700BF9C4F010870B5044693
:106200000D461646FFF77CFA74B100210A4BD3F80D
:106210009400FFF713FAFFF737FAFFF759FA294608
:106220002046FFF78FFA70BD3146034BD3F8940038
:10623000FFF7FAF9EFE700BF9C4F010870B504467D
:106240000D461646FFF75CFA74B10C490C4BD3F8B7
:106250009400FFF7E9F9FFF717FAFFF739FA294633
:106260002046FFF76FFA70BD064B03EBC603596873
:10627000034BD3F89400FFF7D7F9ECE7AC550108CE
:106280009C4F0108E052010870B504460D461646C1
:10629000FFF736FA74B10C490C4BD3F89400FFF7B2
:1062A000C3F9FFF7F1F9FFF713FA29462046FFF784
:1062B00049FA70BD064B03EBC6035968034BD3F88C
:1062C0009400FFF7B1F9ECE7AC5501089C4F0108C9
:1062D000FC4D010808B5FFF735FA08BD70B5044656
:1062E0000D461646FFF70CFA74B10C490C4BD3F867
:1062F0009400FFF799F9FFF7C7F9FFF7E9F9294685
:106300002046FFF71FFA70BD064B03EBC603596822
:10631000034BD3F89400FFF787F9ECE7AC5501087D
:106320009C4F01086C44010808B5024806F06AFA5F
:1063300008BD00BFD41A002038B5064C204606F030
:1063400061FA236800255D62204606F017FA2846A8
:1063500038BD00BFD41A0020C3B2012B20D810B51D
:10636000044601280FD0372007F0FEFC002008F07B
:106370007BFAFFF7D9FF00F0B9FB00F021FD094BD4
:106380001C70002010BD084B93F90020074B03EB55
:10639000421333F9040C08F067FAFFF7CDFFEEE77C
:1063A00001207047E9130020E813002018000020A6
:1063B000C3B2022B39D810B504461D4B187080B9F2
:1063C000FFF7B2FF00F092FB00F0FAFC0021084654
:1063D00008F007FD174B93F90030012B17D0002070
:1063E00010BD0138144B03EB401000F095FBFFF794
:1063F0009BFF00F07BFB00F0E3FC022CE6D1372092
:1064000007F0B2FC0121002008F0EBFCE2E7084BAA
:1064100093F90020084B03EB421333F9040C08F006
:1064200023FAFFF789FF0020DAE70120704700BF59
:10643000E8130020E913002018000020F9EE007A8C
:10644000B4EEE70AF1EE10FA0BD4DFED087AB4EE01
:10645000E70AF1EE10FA06DC054B83ED000A002096
:106460007047012070470120704700BF000054436F
:10647000140000200138012819D8DFED0F7AB4EE9E
:10648000E70AF1EE10FA14D4DFED0C7AB4EEE70A65
:10649000F1EE10FA01DD0120704708B5084B03EB5F
:1064A000401282ED000A104600F036FB08BD0120C4
:1064B00070470120704700BF000016C4000016445A
:1064C000180000200138012819D8DFED0F7AB4EE4A
:1064D000E70AF1EE10FA14D4DFED0C7AB4EEE70A15
:1064E000F1EE10FA01DD0120704708B5084B03EB0F
:1064F000401282ED010A104600F00EFB08BD01209B
:1065000070470120704700BF000016C40000164409
:10651000180000200138012819D8DFED0F7AB4EEF9
:10652000E70AF1EE10FA14D4DFED0C7AB4EEE70AC4
:10653000F1EE10FA01DD0120704708B5084B03EBBE
:10654000401282ED020A104600F0E6FA08BD012072
:1065500070470120704700BF000016C400001644B9
:10656000180000200138012819D8F2EE047AB4EEA0
:10657000E70AF1EE10FA14D4DFED0B7AB4EEE70A75
:10658000F1EE10FA01DD0120704708B5074B03EB6F
:10659000401282ED030A104600F0BEFA08BD012049
:1065A00070470120704700BF0000C842180000205B
:1065B00038B5441E012C23D80D46A1F16403B3F570
:1065C000617F11D80F4842680F4BB3FBF2F301FB18
:1065D00003F30E4AA2FB0323C3F38F13C36006F039
:1065E0006DFA28B101200CE0FFF79EFE012008E0C3
:1065F000074800EB44131D61184600F08DFA00E0D7
:10660000012038BDD41A0020804A5D05F1197605B5
:106610001800002038B5441E012C0FD80D464B1E23
:106620001F2B01D901200AE000F0CAFB044800EB4F
:1066300044135D61184600F06FFA00E0012038BD98
:10664000180000200138012816D8B5EEC00AF1EE76
:1066500010FA13D4F7EE007AB4EEE70AF1EE10FA6E
:1066600001DD0120704708B5054B03EB401383EDB6
:10667000060A00F02DF908BD01207047012070477F
:10668000180000200138012807D8642907D8054BD5
:1066900003EB4013D96100207047012070470120AF
:1066A000704700BF18000020014B93F900007047AD
:1066B000E9130020014B93F900007047E813002014
:1066C000014B93ED000A704714000020014B93ED3D
:1066D000000A7047E0130020014B93ED000A704759
:1066E000E413002008B500F0A7FB08BD08B500F0D2
:1066F000A9FB08BD013801289DBF044B03EB4013E3
:1067000093ED000AB7EE000A704700BF18000020A2
:10671000013801289DBF044B03EB401393ED010AA0
:10672000B7EE000A704700BF1800002001380128AA
:106730009DBF044B03EB401393ED020AB7EE000A32
:10674000704700BF18000020013801289DBF044B8E
:1067500003EB401393ED030AB7EE000A704700BF46
:1067600018000020013801289DBF034B03EB4013A4
:1067700018690120704700BF180000200138012867
:106780009DBF034B03EB401358690120704700BFC6
:1067900018000020013801289DBF044B03EB401373
:1067A00093ED060AB7EE000A704700BF18000020FC
:1067B000013801289DBF034B03EB4013D86901202A
:1067C000704700BF1800002008B52DED028B374B35
:1067D0001B78012B15D0022B24D063B133490B78E1
:1067E0000133334A82FB030202EB42029B1A0B7015
:1067F000BDEC028B08BD00F083F82E4B83ED000A40
:10680000ECE72D4B93ED000A2A4BD3ED007A30EEE6
:10681000670A2A4B83ED000A00F084F9284800F04B
:10682000C1FADBE7274B93F90000012838D1264B4A
:106830001B68264A126903FB02F241F287318A4241
:1068400003D80133204A1360C8E71B4B93ED008A3D
:1068500000F098F838EE408AF0EE047AB4EEE78A59
:10686000F1EE10FA02DD00F041F9B7E700F08AF826
:10687000114BD3ED007A30EE670AF7EE007AB4EEF2
:10688000E70AF1EE10FAA9DD0E4B93F900000C4B6C
:1068900093ED000A00F088F80B4B00221A609DE788
:1068A000074B93ED000A00F07FF897E7D81300201C
:1068B00056555555D413002014000020E413002031
:1068C000E0130020E8130020DC1300201800002053
:1068D000B5EEC00AF1EE10FA0BD4F7EE007AB4EE82
:1068E000E70AF1EE10FA06DC044B83ED000A002003
:1068F0007047012070470120704700BF58000020FA
:1069000010B582B00023ADF806300DF1060103206A
:1069100008F0C0F8174CBDF90600F9F713FE002285
:10692000154BF9F7A3FFFAF731F920600DF10601D5
:10693000022008F0AFF8BDF90600F9F703FE0022C7
:106940000D4BF9F793FFFAF721F907EE900A0B4B7D
:1069500018600B4B93ED007AB7EE000A30EE470A51
:10696000D4ED006A20EE260A67EE877A30EE270A19
:1069700002B010BDF013002000005940EC130020BD
:1069800058000020064BD3ED007A064B93ED007AB9
:1069900077EE877AB6EE000A27EE800A704700BFCE
:1069A000EC130020F013002000B52DED028B83B016
:1069B000B0EE408A012807D0022878D0012003B029
:1069C000BDEC028B5DF804FB3E4B1B78012B12D013
:1069D00013BBDFED3D7AB4EEE70AF1EE10FA4ED4C8
:1069E000DFED3A7AB4EEE70AF1EE10FA4BDD6420FF
:1069F00007F0BAF910E0DFED347AB4EEE70AF1EE11
:106A000010FA27D4DFED327AB4EEE70AF1EE10FA8D
:106A100024DD642007F0A8F92E4B188807EE900AB1
:106A2000F8EE677AF4EEC87AF1EE10FA3CDC2A4B05
:106A3000188807EE900AF8EE677AF4EEC87AF1EE5D
:106A400010FA5EBFBCEEC88A18EE103A98B207F092
:106A500075FAB4E74B2007F087F9DDE7DFED1F7A21
:106A600060EE277A9FED1E7A77EE877AFCEEE77A62
:106A7000CDED017A9DF8040007F076F9CCE74120CE
:106A800007F072F9C8E7DFED177A60EE277A9FED1D
:106A9000167A77EE877AFCEEE77ACDED017A9DF8EB
:106AA000040007F061F9B7E707F048FA87E7B5EEA9
:106AB000C00AF1EE10FACCBF0020012007F08AF9DD
:106AC0007DE700BFF41300200000FA440080BB45BE
:106AD00000007A450253010800530108CDCC4C3C1C
:106AE00000004842295C0F3C00003E4210B507F010
:106AF00011FA0446012007F06DF92043C0B210BD21
:106B0000014B01221A707047F4130020014B002240
:106B10001A707047F4130020014B18600020704772
:106B2000101500202DE9F0412DED028B8E4B1C68D5
:106B3000002C00F016818D4B187800285FD0616919
:106B40008B4B00221A6000290DDD8A4B03EB81027A
:106B5000DFED897AB3EC017A77EE877A9342F9D147
:106B6000834BC3ED007A824BD3ED006A70EE266A48
:106B7000013107EE901AF8EEE77A86EEA77A83EDF8
:106B8000007A7E4B1B88226903FB02F2B2F57A7F02
:106B900038D201339BB2794A138028B9784B1A88CE
:106BA0006369013B9A424AD075490B88714A02EBEE
:106BB000830282ED000A65690133B3FBF5F205FB40
:106BC00012330B80D4ED007A27EE278A6D4A82EDCE
:106BD000008AD4ED018AF5EE408AF1EE10FA32D146
:106BE000D4ED024AF5EE404AF1EE10FA63D1664B5D
:106BF00001221A700020BDEC028BBDE8F081604BD1
:106C000019889DE7614B1B782BB9614B1A88636922
:106C1000013B9A420FD05E490B885E4A02EB830229
:106C200082ED000A01336269B3FBF2F502FB153312
:106C30000B800023AFE7554B01221A70EBE74B4B5B
:106C400001221A70B0E76A1E12FA83F3B3FBF5F261
:106C500005FB1233474A02EB83031868F9F784FCFB
:106C600006460F462069F9F75DFC00224A4BF9F70A
:106C7000FDFD02460B4630463946F9F7CDFC064687
:106C80000F46DFF81C81D8F80000F9F76DFC0246CA
:106C90000B4630463946F9F709FBF9F777FF07EE5F
:106CA000900AC8F8000068EEA78A78EE888A354B0B
:106CB000C3ED008A94E7354B1B780BB9344B1D8824
:106CC000002D42DD334A9FED2C6AF0EE465AF0EE7D
:106CD000466AB0EE465A002307EE903AF8EEE77A9D
:106CE00035EE275A27EEA77A76EE876AB2EC017A5C
:106CF00067EE877A75EEA75A36EE076A0133AB4224
:106D0000EAD107EE905AF8EEE77A66EEA76A25EE2A
:106D1000057A76EEC76AF5EE406AF1EE10FA1DD0FC
:106D200065EEA75A26EE056A75EEC65AC5EEA67A36
:106D30001A4BC3ED007A134B64EEA74AD3ED007AE9
:106D400077EEA47AC3ED007A51E79FED0B6AF0EE7F
:106D5000465AF0EE466AB0EE465AD2E7DFED067AC2
:106D6000E9E7012047E700BF10150020F7130020D6
:106D7000FC1300200C140020000000000814002068
:106D80000A14002004140020F5130020F61300203C
:106D90008C1400209014002000408F40F813002035
:106DA00000140020044B1B7823B1044B1B680360C4
:106DB0000020704701207047F513002004140020C4
:106DC00010B58024224600210F480BF00CFA224611
:106DD00000210E480BF007FA00200D4B18800D4BD8
:106DE00018800D4B18700D4B18700D4B1870002348
:106DF0000C4A13600C4A13600C4A13600C4A13606F
:106E00000C4B188010BD00BF0C1400209014002003
:106E10000A1400208C140020F7130020F613002021
:106E2000F51300200414002000140020FC1300209F
:106E3000F813002008140020014B93ED000A70475E
:106E400000140020014B93ED000A7047F813002056
:106E500000B585B000230093019302930393154876
:106E6000154A02604FF4803242608360036103760A
:106E700080F82030C362114A8262C3600122C2617D
:106E800080F83030426101F01FFE60B900230093AA
:106E90000122019202936946064801F0FBFF28B9DE
:106EA00005B05DF804FB00F0B7FAEFE700F0B4FAC4
:106EB000F6E700BF14150020002001400100000F7C
:106EC00030B58BB00023059306930793089309937D
:106ED000026803F1804303F590339A4201D00BB06E
:106EE00030BD0024019403F58C335A6C42F4807257
:106EF0005A645A6C02F480720192019A02941A6BDD
:106F000042F004021A631A6B02F004020292029A1F
:106F100003941A6B42F001021A631A6B02F0010229
:106F20000392039A04941A6B42F002021A631B6BD9
:106F300003F002030493049B39230593032506956C
:106F400005A90A4803F0DAFCE723059306950794A0
:106F500005A9074803F0D2FC012305930695079481
:106F600005A9044803F0CAFCB9E700BF00080240C5
:106F7000000002400004024008B50548054B0360CC
:106F800002F0C6F800B908BD00F046FAFBE700BF02
:106F90005C150020003002400268094B9A4200D084
:106FA000704782B000230193064B1A6B42F4805263
:106FB0001A631B6B03F480530193019B02B070476B
:106FC000003002400038024008B50B480B4B03600C
:106FD000802343604FF400738360094BC360094B07
:106FE0000361282343610123436202F08DFA00B953
:106FF00008BD00F011FAFBE7641500200000065000
:1070000088520108785201080268094B9A4200D060
:10701000704782B000230193064B5A6B42F0100276
:107020005A635B6B03F010030193019B02B070473E
:107030000000065000380240034B0360034B0B6016
:1070400080231360704700BFC4170020C4150020C0
:107050002DE9F0438DB000240794089409940A9414
:107060000B9401945F4B1A6B42F010021A631A6B77
:1070700002F010020192019A02941A6B42F004028B
:107080001A631A6B02F004020292029A03941A6BBA
:1070900042F080021A631A6B02F080020392039A94
:1070A00004941A6B42F001021A631A6B02F0010297
:1070B0000492049A05941A6B42F002021A631A6B46
:1070C00002F002020592059A06941A6B42F0080239
:1070D0001A631B6B03F008030693069B424F0122C1
:1070E00041F21801384603F019FD22464AF6807134
:1070F000384603F013FDDFF8FC9022464FF43E4182
:10710000484603F00BFD394E01224FF4847130469E
:1071100003F004FD22464FF40471304603F0FEFCF8
:10712000DFF8D48022464FF40461404603F0F6FCB9
:107130004BF6987307930125089509940A9407A9BB
:10714000384603F0DBFB082307934FF444130893FE
:10715000099407A9264803F0D1FB4FF48043079315
:107160000894099407A9384603F0C8FB4FF43E433E
:107170000793089509940A9407A9484603F0BEFBB3
:107180004FF446730793089509940A9407A930466B
:1071900003F0B4FB40F6014307930894099407A950
:1071A000304603F0ABFB4FF4046307930895099452
:1071B0000A9407A9404603F0A1FB4FF480530793BC
:1071C0000894099407A9404603F098FB224606213B
:1071D000092001F047FF092001F07AFF0DB0BDE85A
:1071E000F08300BF0038024000100240000C024053
:1071F00000000240000402400008024008B51348A5
:10720000134B0360134B436000238360C3604FF450
:107210008042026143618361C361036203F0F6FD52
:1072200050B90021094804F0B7F940B900210748D6
:1072300004F0D4F930B908BD00F0EEF8F1E700F041
:10724000EBF8F3E700F0E8F8F5E700BF641800207A
:1072500000540040A086010030B589B0002303939C
:1072600004930593069307930268144B9A4201D046
:1072700009B030BD00250195114C236B43F002038A
:107280002363236B03F002030193019BC023039349
:1072900012230493032306930423079303A90948A5
:1072A00003F02CFB0295236C43F400132364236C3E
:1072B00003F400130293029BDAE700BF005400407E
:1072C000003802400004024000B595B03022002191
:1072D00008A80AF088FF00230393049305930693FC
:1072E00007930193234A116C41F080511164126C91
:1072F00002F080520192019A02931F4B1A6842F4E5
:1073000040421A601B6803F440430293029B01232E
:1073100008934FF48033099302230E934FF48002B5
:107320000F9204221092B422119212930823139305
:1073300008A804F0B5F9B0B904F074F9A8B90F239E
:10734000039302230493002305934FF4A053069361
:107350004FF480530793052103A804F00BFC30B9C8
:1073600015B05DF804FB72B6FEE772B6FEE772B6C2
:10737000FEE700BF003802400070004008B501F091
:1073800051FBFFF7A1FFFFF763FEFFF761FD00F080
:1073900033FC00F04BFC00F069F800F0B1FA00F0AB
:1073A000C7FAFFF72BFF00F093FA00F04FFA00F056
:1073B00025FA00F073FA00F0E7F900F0C1FBFFF7DF
:1073C000DBFDFFF701FE00F029F806F03FFEFDF7B8
:1073D000ADFDFDF7F5FB012007F02CFC07F0BCF933
:1073E00008F01CFBFEE708B506F04EFA08BD0000E9
:1073F00008B50368064A934203D0064A934203D075
:1074000008BD01F029FBFBE7FEF75AF8F8E700BFDB
:10741000000001400044014072B6FEE708B505488F
:10742000054B036004F096FC00B908BDFFF7F4FFBC
:10743000FBE700BFB8180020000806500268094B9F
:107440009A4200D0704782B000230193064B5A6BDA
:1074500042F040025A635B6B03F040030193019BCF
:1074600002B07047000806500038024008B50E48C8
:107470000E4B03604FF48273436000238360C3604C
:10748000036143614FF4007282613022C261036282
:10749000436283620A23C36204F0AEFD00B908BDF3
:1074A000FFF7BAFFFBE700BFC81800200034014017
:1074B00000B589B0002303930493059306930793C3
:1074C0000268154B9A4202D009B05DF804FB002116
:1074D000019103F582335A6C42F400525A645A6C9B
:1074E00002F400520192019A02911A6B42F01002CA
:1074F0001A631B6B03F010030293029B6423039334
:1075000002230493032306930523079303A9034847
:1075100003F0F4F9D8E700BF003401400010024046
:1075200000B583B0002200920D4B596C41F48041AC
:107530005964596C01F48041009100990192196CD1
:1075400041F0805119641B6C03F080530193019B3F
:107550000F216FF0010001F085FD03B05DF804FB21
:107560000038024030B589B00546002401941E4B16
:107570005A6C42F001025A645B6C03F00103019300
:10758000019B02A903A804F0C7FB04F0B5FB034666
:107590001648174A026040F2E732C2605B00154AA3
:1075A000A2FB03239B0C013B436004618460846164
:1075B00005F084FA044610B1204609B030BD0B48EE
:1075C00005F0DCF804460028F6D1192001F080FD12
:1075D0000F2D01D90124EFE700222946192001F0DF
:1075E00041FD054B1D60E7E70038024020190020EF
:1075F0000000014083DE1B43BC000020FEE7FEE7E5
:10760000FEE7FEE7FEE7704708B5082003F096FAAC
:1076100008BD000008B5034805F012F9024805F05E
:107620000FF908BD20190020441A002010B5044CA1
:10763000204605F005F9204606F0E2FC10BD00BF2B
:10764000FC19002010B5044C204605F0F9F820463E
:1076500006F03AFD10BD00BF641B002008B50248CB
:1076600005F0C6FE08BD00BFF41B002008B50248A7
:1076700005F0BEFE08BD00BFAC1B002010B5044CD9
:10768000204605F0DDF8204606F0CAF810BD00BF20
:10769000B419002008B5034805F0D2F8FFF794F8B4
:1076A00008BD00BFD41A002010B5044C204605F0D8
:1076B000C7F8204607F0DEFA10BD00BF8C1A002084
:1076C0000120704708B50AF059FE162303604FF0F9
:1076D000FF3008BD08B50AF051FE16230360FEE72F
:1076E00070B5161E07DD0C468D19AFF3008004F847
:1076F000010BA542F9D1304670BD70B5161E07DDED
:107700000C468D1914F8010BAFF30080A542F9D196
:10771000304670BD4FF0FF3070474FF400534B6060
:1077200000207047012070470020704708B50346CD
:107730000C4A126852B10B4A106803440A4A0B49BA
:10774000521A934206D8074A136008BD054A0849F1
:107750001160F0E70AF012FE0C2303604FF0FF30D7
:10776000F3E700BF681900200000032000040000B8
:1077700050620020034AD2F8883043F47003C2F804
:107780008830704700ED00E000B587B00023029319
:10779000039304930593009301931648164A0260DD
:1077A0004AF6C7724260102282600122C2604FF422
:1077B00080720261836105F081F990B94FF48053C2
:1077C000029302A90B4805F086FA68B900230093DA
:1077D00001936946074805F0BDFB40B907B05DF865
:1077E00004FBFFF719FEE9E7FFF716FEEEE7FFF7E8
:1077F00013FEF3E7641B00200004004000B583B0D3
:107800000023009301930F480F4A02604FF4FA726D
:107810004260836041F27072C260836105F04EF98C
:1078200050B90023009301936946064805F092FB86
:1078300028B903B05DF804FBFFF7EEFDF1E7FFF7B1
:10784000EBFDF6E7D41A00200010004000B583B02D
:107850000023009301930F480F4A02604AF6C87252
:10786000426083604FF44872C260836105F026F97C
:1078700050B90023009301936946064805F06AFB5E
:1078800028B903B05DF804FBFFF7C6FDF1E7FFF789
:10789000C3FDF6E78C1A00200014004008B50A4822
:1078A0000A4B036048F6A04343600023836041F223
:1078B0008832C2600361836105F000F900B908BD38
:1078C000FFF7AAFDFBE700BF441A00200044014077
:1078D00008B50948094B0360B42343600023836063
:1078E0004CF25032C2600361836105F0E7F800B9E1
:1078F00008BDFFF791FDFBE7FC190020004801409F
:1079000008B50948094B036041F294134360002312
:1079100083601422C2600361836105F0CFF800B96F
:1079200008BDFFF779FDFBE7B4190020001C0040FB
:1079300008B50A480A4B03604FF49653436000238E
:1079400083604FF6FF72C2600361836105F0B6F891
:1079500000B908BDFFF760FDFBE700BF6C19002010
:107960000020004000B589B00368564A934222D0F7
:10797000554A934233D0554A93423FD0544A93429A
:1079800050D0544A934261D0534A934272D0534AE2
:10799000934200F08380524A93422CD100230793F4
:1079A000504B1A6C42F480721A641B6C03F480739F
:1079B0000793079B1FE0002200924A4B196C41F08D
:1079C000020119641B6C03F002030093009B062163
:1079D0001D2001F047FB1D2001F07AFB0BE0002386
:1079E0000193404B1A6C42F004021A641B6C03F0C2
:1079F00004030193019B09B05DF804FB002202928D
:107A0000384B196C41F0100119641B6C03F0100322
:107A10000293029B0621362001F024FB362001F060
:107A200057FBE8E7002203922E4B196C41F020012E
:107A300019641B6C03F020030393039B062137207A
:107A400001F010FB372001F043FBD4E70022049241
:107A5000244B596C41F4003159645B6C03F40033DE
:107A60000493049B0521192001F0FCFA192001F070
:107A70002FFBC0E7002205921A4B596C41F480217C
:107A800059645B6C03F480230593059B06211A203F
:107A900001F0E8FA1A2001F01BFBACE70022069285
:107AA000104B196C41F0800119641B6C03F08003CA
:107AB0000693069B06212C2001F0D4FA2C2001F01D
:107AC00007FB98E700040040000800400010004059
:107AD000001400400044014000480140001C0040E8
:107AE000002000400038024000B587B00023019319
:107AF000029303930493059302680E4B9A4202D0BB
:107B000007B05DF804FB002300930B4B1A6B42F0A7
:107B100008021A631B6B03F008030093009B4FF4E9
:107B20008053019302230293059301A9034802F0B5
:107B3000E5FEE5E70008004000380240000C024086
:107B400000B58FB000230A930B930C930D93089309
:107B50000993019302930393049305930693079368
:107B60002348244A02602C22426083606322C26060
:107B70000361836104F0A2FF50BB4FF480530A936A
:107B80000AA91B4805F0A7F828BB194804F0C2FF52
:107B900020BB00230893099308A9154805F0DAF9DA
:107BA000F8B96023019314230293002203920592F3
:107BB00001A90F4805F014F8B0B90D48026893699F
:107BC00023F008039361FFF78FFF0FB05DF804FB0C
:107BD000FFF722FCD1E7FFF71FFCD6E7FFF71CFCFD
:107BE000D7E7FFF719FCDCE7FFF716FCE5E700BF76
:107BF0001C1B00200008004008B50A480A4B03601F
:107C00004FF4E133436000238360C36003610C22BF
:107C100042618361C36105F0D6FA00B908BDFFF780
:107C2000FBFBFBE7F41B00200010014008B50A48ED
:107C30000A4B03604FF4E133436000238360C36069
:107C400003610C2242618361C36105F0BCFA00B993
:107C500008BDFFF7E1FBFBE7AC1B00200044004040
:107C600010B58AB0002305930693079308930993F0
:107C700003682F4A934204D02E4A93422DD00AB073
:107C800010BD002401942C4B5A6C42F010025A642F
:107C90005A6C02F010020192019A02941A6B42F09F
:107CA00001021A631B6B03F001030293029B4FF462
:107CB000C0630593022306930323089307230993C4
:107CC00005A91E4802F01AFE22460621252001F0D1
:107CD000C9F9252001F0FCF9D1E700240394164BE3
:107CE0001A6C42F400321A641A6C02F400320392E5
:107CF000039A04941A6B42F008021A631B6B03F098
:107D000008030493049B6023059302230693032333
:107D100008930723099305A9094802F0EFFD2246BD
:107D20000621262001F09EF9262001F0D1F9A6E7D0
:107D300000100140004400400038024000000240B2
:107D4000000C0240DFF834D0FFF714FD0C480D4959
:107D50000D4A002302E0D458C4500433C4188C42A6
:107D6000F9D30A4A0A4C002301E013600432A2420C
:107D7000FBD30AF009FBFFF701FB7047000003206B
:107D80000000002074030020845A010874030020BE
:107D90004C620020FEE7000001230B704B700020B6
:107DA0008870C8704FF4FA634B6010238B60C86012
:107DB000024B0B614B6100238B6170470020D04563
:107DC00090F83130012B0BD010B5044690F83310E9
:107DD000203000F0B5FC28B9012384F8313010BD03
:107DE000002070474FF0FF30F9E7000008B590F829
:107DF0003110012946D0F2EE097AB4EEE70AF1EE2D
:107E000010FA40F29680F3EE0A7AB4EEE70AF1EE49
:107E100010FA40F29380DFED507AB4EEE70AF1EE0B
:107E200010FA40F28D80DFED4D7AB4EEE70AF1EE04
:107E300010FA40F28780DFED4A7AB4EEE70AF1EEFD
:107E400010FA40F28180DFED477AB4EEE70AF1EEF6
:107E500010FA7BD9DFED447AB4EEE70AF1EE10FABE
:107E600076D9DFED427AB4EEE70AF1EE10FA71D975
:107E7000DFED3F7AB4EEE70AF1EE10FA94BF092382
:107E80000A2357E0F2EE097AB4EEE70AF1EE10FAAF
:107E90003BD9F3EE0A7AB4EEE70AF1EE10FA33D9E1
:107EA000DFED2D7AB4EEE70AF1EE10FA35D9DFED09
:107EB0002B7AB4EEE70AF1EE10FA30D9DFED287A2A
:107EC000B4EEE70AF1EE10FA2BD9DFED267AB4EE24
:107ED000E70AF1EE10FA26D9DFED237AB4EEE70ACD
:107EE000F1EE10FA21D9DFED217AB4EEE70AF1EED6
:107EF00010FA1CD9DFED1E7AB4EEE70AF1EE10FAA3
:107F000094BF09210A2100E00221203000F018FC72
:107F1000003818BF012040420FE00321F5E704219B
:107F2000F3E70521F1E70621EFE70721EDE7082157
:107F3000EBE7012380F83330002008BD0223F9E786
:107F40000323F7E70423F5E70523F3E70623F1E727
:107F50000723EFE70823EDE7000050420000D0427E
:107F6000000050430000D043004050440080CF4404
:107F70000020504508B5022906DD04290DDD082939
:107F8000CCBF0121032100E00021203000F0A4FB40
:107F9000003818BF0120404208BD0221F5E790F8E3
:107FA0003230012B0BD010B5044690F8341020303D
:107FB00000F048FC28B9012384F8323010BD0020BD
:107FC00070474FF0FF30F9E708B590F832100129FB
:107FD00046D0F2EE097AB4EEE70AF1EE10FA40F27A
:107FE0009680F3EE0A7AB4EEE70AF1EE10FA40F268
:107FF0009380DFED507AB4EEE70AF1EE10FA40F22A
:108000008D80DFED4D7AB4EEE70AF1EE10FA40F222
:108010008780DFED4A7AB4EEE70AF1EE10FA40F21B
:108020008180DFED477AB4EEE70AF1EE10FA7BD9F2
:10803000DFED447AB4EEE70AF1EE10FA76D9DFED1F
:10804000427AB4EEE70AF1EE10FA71D9DFED3F7A29
:10805000B4EEE70AF1EE10FA94BF09230A2357E0C1
:10806000F2EE097AB4EEE70AF1EE10FA3BD9F3EE3C
:108070000A7AB4EEE70AF1EE10FA33D9DFED2D7A81
:10808000B4EEE70AF1EE10FA35D9DFED2B7AB4EE53
:10809000E70AF1EE10FA30D9DFED287AB4EEE70AFC
:1080A000F1EE10FA2BD9DFED267AB4EEE70AF1EE05
:1080B00010FA26D9DFED237AB4EEE70AF1EE10FAD2
:1080C00021D9DFED217AB4EEE70AF1EE10FA1CD9DE
:1080D000DFED1E7AB4EEE70AF1EE10FA94BF092143
:1080E0000A2100E00221203000F0ACFB003818BF6C
:1080F000012040420FE00321F5E70421F3E70521C9
:10810000F1E70621EFE70721EDE70821EBE701237F
:1081100080F83430002008BD0223F9E70323F7E795
:108120000423F5E70523F3E70623F1E70723EFE749
:108130000823EDE7000050420000D0420000504309
:108140000000D043004050440080CF440020504500
:1081500038B5054600F120040121204600F016FC48
:1081600060BB0121204600F02AFC50BB01212046C3
:1081700000F0AEFB40BB0021204600F039FC30BBD4
:10818000042385F833300021204600F0D9FA08BBDB
:108190000021204600F0A0FAF8B9042385F8343015
:1081A0000021204600F04EFBD0B90621204600F009
:1081B00010FBC0B9012385F8303038BD4FF0FF30D7
:1081C000FBE74FF0FF30F8E74FF0FF30F5E74FF0F7
:1081D000FF30F2E74FF0FF30EFE74FF0FF30ECE712
:1081E0004FF0FF30E9E74FF0FF30E6E708B57D29B3
:1081F0000ADDFA2911DDB1F5FA7F10DDB1F57A7FDC
:10820000CCBF0621042100E00121203000F0E1FA7A
:10821000003818BF0120404208BD0021F5E70221C7
:10822000F3E708B5203000F0AAFB003818BF0120A2
:10823000404208BD38B590F831300BB9002038BD48
:10824000044600F1200500F13301284600F091FAC0
:1082500038B90021284600F073FA28B984F83100B3
:10826000EDE74FF0FF30EAE74FF0FF30E7E70000BF
:1082700010B582B00C460DF10701203000F079FAFC
:10828000002830D19DF807300B2B2FD8DFE803F002
:10829000060D101316191C1F2225280A002323601F
:1082A00002B010BD134B2360FAE7134B2360F7E7CE
:1082B000124B2360F4E7124B2360F1E7114B23606C
:1082C000EEE7114B2360EBE7104B2360E8E7104B20
:1082D0002360E5E70F4B2360E2E70F4B2360DFE706
:1082E0000E4B2360DCE74FF0FF30D9E74FF0FF3053
:1082F000D6E700BFCDCCCC3F000048410000D041C4
:10830000000050420000D042000050430000D04323
:10831000004050440080CF44002050450020D0450C
:1083200010B582B00C460DF10701203000F0EDF9D8
:10833000A0B99DF80730032B13D8DFE803F0020C37
:108340000609094B236002B010BD084B2360FAE711
:10835000074B2360F7E7074B2360F4E74FF0FF304C
:10836000F1E74FF0FF30EEE723DB793D23DBF93D0A
:1083700023DB793E23DBF93E10B582B00C460DF1CC
:108380000701203000F0C1F9A0B99DF80730032B98
:1083900013D8DFE803F0020C06090223236002B0C1
:1083A00010BD04232360FAE708232360F7E71023B6
:1083B0002360F4E74FF0FF30F1E74FF0FF30EEE7D6
:1083C00010B582B00C466946203000F0B9FA50B9B9
:1083D000BDF800302380BDF802306380BDF8043062
:1083E000A38002B010BD4FF0FF30FAE730B585B082
:1083F00005460C460023019302A9203000F0A0FAA4
:1084000060BB01A92846FFF78BFF50BB9DED017AA9
:10841000BDF9083007EE903AF8EEE77A67EE877A12
:10842000FDEEE77AC4ED007ABDF90A3007EE903A26
:10843000F8EEE77A67EE877AFDEEE77AC4ED017A27
:10844000BDF90C3007EE903AF8EEE77A67EE877ADE
:10845000FDEEE77AC4ED027A05B030BD4FF0FF3093
:10846000FAE74FF0FF30F7E738B590F832300BB944
:10847000002038BD044600F1200500F134012846F3
:1084800000F0F9F938B90021284600F0DBF928B9E5
:1084900084F83200EDE74FF0FF30EAE74FF0FF30AD
:1084A000E7E710B50446FFF7C5FE50B92046FFF7D1
:1084B000DBFF48B984F8330084F8340084F83000D6
:1084C00010BD4FF0FF30FBE74FF0FF30F8E7000042
:1084D00010B582B00C460DF10701203000F0CBF949
:1084E00000282DD19DF807300A2B2CD8DFE803F0A7
:1084F000060A0D101316191C1F22250000232360E5
:1085000002B010BD114B2360FAE7114B2360F7E76F
:10851000104B2360F4E7104B2360F1E70F4B23600F
:10852000EEE70F4B2360EBE70E4B2360E8E70E4BC3
:108530002360E5E70D4B2360E2E70D4B2360DFE7A7
:108540004FF0FF30DCE74FF0FF30D9E70000484143
:108550000000D041000050420000D04200005043D3
:108560000000D043004050440080CF4400205045DC
:108570000020D04510B582B00C460DF10701203027
:1085800000F040F9C8B99DF80730062B18D8DFE88D
:1085900003F008040B170E1711000B4B236002B0F9
:1085A00010BD0A4B2360FAE7094B2360F7E7094B3C
:1085B0002360F4E7084B2360F1E74FF0FF30EEE76C
:1085C0004FF0FF30EBE700BF00008C4000000C4193
:1085D00000008C4100000C4200008C4210B582B0BB
:1085E0000C460DF10701203000F00CF9E0B99DF8C0
:1085F0000730062B1BD8DFE803F008040B1A0F1A0C
:1086000013007D23236002B010BDFA232360FAE734
:108610004FF4FA732360F6E74FF47A732360F2E7BE
:108620004FF4FA632360EEE74FF0FF30EBE74FF0D3
:10863000FF30E8E710B582B00C466946203000F004
:1086400060F950B9BDF800302380BDF80230638076
:10865000BDF80430A38002B010BD4FF0FF30FAE740
:1086600030B585B005460C4602A9203000F049F926
:1086700060BB01A92846FFF77DFF50BB9DED017A45
:10868000BDF9083007EE903AF8EEE77A67EE877AA0
:10869000FDEEE77AC4ED007ABDF90A3007EE903AB4
:1086A000F8EEE77A67EE877AFDEEE77AC4ED017AB5
:1086B000BDF90C3007EE903AF8EEE77A67EE877A6C
:1086C000FDEEE77AC4ED027A05B030BD4FF0FF3021
:1086D000FAE74FF0FF30F7E730B583B004460D46B8
:1086E000012301AA102106F011FA08B103B030BD30
:1086F0009DF8043065F383038DF80430012301AA4B
:108700001021204606F00AFAF0E710B582B00C46B8
:10871000012301AA102106F0F9F99DF80430C3F3F2
:108720008103022B08D0032B08D0012B14BF002398
:108730000123237002B010BD0223FAE70323F8E7F8
:1087400030B583B004460D46012301AA102106F07E
:10875000DDF908B103B030BD9DF8043065F30713AF
:108760008DF80430012301AA1021204606F0D6F925
:10877000F0E710B582B00C46012301AA102106F0E3
:10878000C5F99DF804301B09013B0A2B1FD8DFE80F
:1087900003F0060A0C0E10121416181A1C000123FE
:1087A000237002B010BD0223FAE70323F8E7042385
:1087B000F6E70523F4E70623F2E70723F0E70823AB
:1087C000EEE70923ECE70A23EAE70B23E8E70023B7
:1087D000E6E730B583B004460D46012301AA112116
:1087E00006F094F908B103B030BD9DF8043065F38C
:1087F00043038DF80430012301AA1121204606F01D
:108800008DF9F0E710B582B00C46012301AA1121C1
:1088100006F07CF99DF80430C3F34203013B052BBD
:108820000CD8DFE803F003050B070B09012306E072
:10883000022304E0042302E0062300E00023237067
:1088400002B010BD30B583B004460D46012301AA25
:10885000112106F05BF908B103B030BD9DF804307A
:1088600065F307138DF80430012301AA1121204676
:1088700006F054F9F0E710B582B00C46012301AAC6
:10888000112106F043F99DF804301B09013B092B27
:108890001CD8DFE803F005090B0D0F11131517198C
:1088A0000123237002B010BD0223FAE70323F8E787
:1088B0000423F6E70523F4E70623F2E70723F0E7AE
:1088C0000823EEE70923ECE70A23EAE70023E8E7B9
:1088D00030B583B004460D46012301AA122106F0EB
:1088E00015F908B103B030BD9DF8043065F3861367
:1088F0008DF80430012301AA1221204606F00EF95A
:10890000F0E710B582B00C4606236A46222106F035
:10891000FDF89DF801209DF8003003EB0223238031
:108920009DF803209DF8023003EB022363809DF83D
:1089300005209DF8043003EB0223A38002B010BD94
:1089400010B582B00C4606236A46282106F0DEF8F0
:108950009DF801209DF8003003EB022323809DF851
:1089600003209DF8023003EB022363809DF805206D
:108970009DF8043003EB0223A38002B010BD08B5BC
:108980000A4601230F2106F0C1F808BD30B583B0B7
:1089900004460D46012301AA122106F0B7F808B1DA
:1089A00003B030BD9DF8043065F300038DF804304A
:1089B000012301AA1221204606F0B0F8F0E730B5F5
:1089C00083B004460D46012301AA122106F09EF849
:1089D00008B103B030BD9DF8043065F382038DF813
:1089E0000430012301AA1221204606F097F8F0E78F
:1089F00030B583B004460D46012301AA0A2106F0D2
:108A000085F808B103B030BD9DF8043065F302036A
:108A10008DF80430012301AA0A21204606F07EF8D1
:108A2000F0E7000008B50B4B1A6842F400721A60B8
:108A30001A6842F480621A601A6842F480721A60FE
:108A4000032000F0FDFA0520FEF78CFDFEF768FD1F
:108A5000002008BD003C0240034A1168034B1B780C
:108A60000B441360704700BF3C1C0020B80000207E
:108A7000014B1868704700BF3C1C002038B5044605
:108A8000FFF7F6FF0546B4F1FF3F02D0044B1B7819
:108A90001C44FFF7EDFF401BA042FAD338BD00BFD6
:108AA000B8000020014BD3F8100A70470070FF1F78
:108AB000014BD3F8140A70470070FF1F014BD3F825
:108AC000180A70470070FF1F002800F0B98010B529
:108AD0000446036C43B1236C13F0100F0BD001203C
:108AE000002384F83C3010BDFEF7EAF900236364EC
:108AF00084F83C30EFE7236C23F4885323F002031F
:108B000043F0020323644F4B5A6822F440325A6008
:108B10005A6861680A435A602268536823F4807374
:108B2000536022685368216943EA01235360226835
:108B3000536823F04073536022685368A1680B4365
:108B400053602268936823F40063936022689368FB
:108B5000E1680B439360A26A3B4B9A425FD0226864
:108B6000936823F07063936022689368A16A0B4353
:108B700093602268936823F040539360226893685F
:108B8000E16A0B4393602268936823F002039360C9
:108B900022689368217E43EA4103936094F8203071
:108BA000002B47D02268536843F400635360226867
:108BB000536823F46043536021684B68626A013A4A
:108BC00043EA42334B602268D36A23F47003D362D2
:108BD0002168CB6AE269013A43EA0253CB62226818
:108BE000936823F4007393602268936894F83010BC
:108BF00043EA412393602268936823F4806393607F
:108C000022689368616943EA81239360002060646D
:108C1000236C23F0030343F00103236460E722681D
:108C2000936823F0706393602268936823F0405345
:108C30009360A8E72268536823F400635360C2E797
:108C400001207047002301400100000F82B0002383
:108C5000019390F83C30012B00F08980012380F8CB
:108C60003C3003689A6812F0010F14D19A6842F000
:108C700001029A60424B1B68424AA2FB03239B0CF1
:108C800003EB43030193019B2BB1019B013B019338
:108C9000019B002BF9D10268936813F0010F5BD0A0
:108CA000036C23F4E06323F0010343F48073036453
:108CB000536813F4806F05D0036C23F4405343F4DE
:108CC00080530364036C13F4805F1ABF436C23F07A
:108CD000060300234364002380F83C306FF0220336
:108CE0001360294B5B6813F01F0F24D10368274AD8
:108CF000934216D002F58072934204D0244A9342E4
:108D000009D0002031E002F50072526812F01F0F06
:108D100007D0002029E002F58072526812F0100F8F
:108D200027D19A6812F0405F25D19A6842F08042BC
:108D30009A60002019E00268144B9A4201D000208A
:108D400013E09B6813F0405F17D1104A936843F01B
:108D500080439360002008E0036C43F01003036439
:108D6000436C43F001034364002002B070470220CB
:108D7000FBE70020F9E70020F7E70020F5E700BF58
:108D80005C00002083DE1B430023014000200140E3
:108D90000022014090F83C30012B19D0012380F8CB
:108DA0003C300268936823F00103936003689B687A
:108DB00013F0010F07D1036C23F4885323F0010350
:108DC00043F001030364002380F83C3018467047E9
:108DD0000220704770B505460C4603689A6812F485
:108DE000806F03D09B6813F4807F19D1FFF740FE9A
:108DF00006462A68136813F0020F20D1B4F1FF3F32
:108E0000F8D0B4B92B681B6813F0020FF1D12B6CAA
:108E100043F004032B64002385F83C30032032E048
:108E2000036C43F020030364002380F83C300120EE
:108E300029E0FFF71DFE801BA042DAD9E2E76FF0C0
:108E4000120313602B6C43F400732B642B689A6835
:108E500012F0405F16D1287EB0B9DA6A12F4700FB2
:108E600003D09B6813F4806F0DD12B6C23F48073B7
:108E70002B642B6C13F4805F05D12B6C43F0010342
:108E80002B6400E0002070BD0020FCE70368D86C74
:108E90007047000030B482B00022019290F83C206C
:108EA000012A00F0C1800346012280F83C200A68B4
:108EB000092A3AD90468E06892B202EB42021E3AEB
:108EC0004FF0070C0CFA02F220EA0202E2601C6882
:108ED000E5680A8802EB42021E3A886890402843FF
:108EE000E0604A68062A36D81C68606B02EB820292
:108EF000053A4FF01F0C0CFA02F220EA02026263FC
:108F00001C68656B08884A6802EB8202053A00FA21
:108F100002F22A4362631868444A90424BD0002010
:108F200083F83C0002B030BC70470468206992B2FC
:108F300002EB42024FF0070C0CFA02F220EA0202A6
:108F400022611C6825690A8802EB42008A68824017
:108F50002A432261C5E70C2A16D81D68286B02EB4C
:108F60008202233A1F2404FA02F220EA02022A6350
:108F70001C68256B08884A6802EB8202233A00FAD3
:108F800002F22A432263C6E71D68E86A02EB820206
:108F9000413A1F2404FA02F220EA0202EA621C6843
:108FA000E56A08884A6802EB8202413A00FA02F256
:108FB0002A43E262AFE70A68122A26D00A681C48F0
:108FC000824201D0112AAAD11A4A506820F48000A6
:108FD0005060506840F4000050600968144A9142A3
:108FE0009DD1154A12681549A1FB0212920C02EBA1
:108FF000820252000192019A002A90D0019A013A0D
:109000000192019A002AF9D189E70A4A506820F4AE
:1090100000005060506840F4800050601868A2F56D
:1090200040729042CAD07AE702207BE700200140DC
:1090300012000010002301405C00002083DE1B436F
:109040000749CA68030203F4E06322F4E0621204F1
:10905000120C134343F0BF6343F40033CB607047FB
:1090600000ED00E000B5184BDB68C3F30223C3F149
:10907000070CBCF1040F28BF4FF0040C03F1040EE1
:10908000BEF1060F8CBF033B00234FF0FF3E0EFAEC
:109090000CFC21EA0C0199400EFA03FE22EA0E02B2
:1090A0001143002809DB0901C9B200F1604000F555
:1090B000614080F800135DF804FB00F00F00090127
:1090C000C9B2024B1954F6E700ED00E014ED00E0E0
:1090D000002807DB410900F01F0001238340024AFA
:1090E00042F82130704700BF00E100E0BFF34F8F2E
:1090F0000549CA6802F4E062044B1343CB60BFF336
:109100004F8F00BFFDE700BF00ED00E00400FA054F
:1091100058B110B5044643791BB101236371002097
:1091200010BD0371FDF738FFF7E701207047844653
:10913000022343710068836843F0010383604AB1EE
:10914000043901EB8200DCF8003051F8042F1A607A
:109150008142F8D1DCF80030186801238CF8053022
:109160007047B1F5807F26D0B1F5007F02D000298D
:109170003AD070470368C26812681A620368C2680E
:1091800052685A620368C26892689A620368C26849
:10919000D268DA620368C26812691A630368C26837
:1091A00052695A630368C26892699A630368C26825
:1091B000D269DA6370470368C26812689A6203680A
:1091C000C2685268DA620368C26892681A63036808
:1091D000C268D2685A630368C26812699A630368F6
:1091E000C2685269DA6370470368C26812681A631A
:1091F0000368C26852685A630368C26892689A63D7
:109200000368C268D268DA63B3E770B505460C46F6
:10921000FFF72EFC06462A68536813F0040F0BD1A3
:10922000B4F1FF3FF8D0FFF723FC801BA04205D824
:10923000002CF0D1012000E0002070BD0120FCE7EF
:1092400070B505460C46FFF713FC06462A685368BE
:1092500013F0010F0BD1B4F1FF3FF8D0FFF708FC7A
:10926000801BA04205D8002CF0D1012000E0002096
:1092700070BD0120FCE770B505460C46FFF7F8FB12
:1092800006462A68536813F0100F0BD0B4F1FF3F65
:10929000F8D0FFF7EDFB801BA04205D8002CF0D1E1
:1092A000012000E0002070BD0120FCE72DE9F04125
:1092B0008CB004460E46EC46924D0FCDACE80F0044
:1092C0000FCDACE80F0095E80F008CE80F00A36A03
:1092D000002B40F08780E769BF00002F00F00D8170
:1092E0002268136823F4403313602268136843F440
:1092F000803313602268136843F40043136017F04F
:109300000F0571D03B094FEA83080025002B35D0AB
:10931000A38F9BB22268A16951F823309360A38F79
:1093200001339BB2A387A38F9BB22268A16951F836
:1093300023309360A38F01339BB2A387A38F9BB28B
:109340002268A16951F823309360A38F01339BB247
:10935000A387A38F9BB22268A16951F82330936041
:10936000A38F01339BB2A38731462046FFF768FFE6
:10937000002840F0978004354545C9D3C7F38101E3
:1093800017F00C0F0ED00022A38F9BB22068A569A6
:1093900055F823308360A38F01339BB2A38701323A
:1093A0008A42F1D117F0030740F08C800022236835
:1093B0009A6001310429FAD131462046FFF740FF77
:1093C000002849D02268136823F400431360636DBA
:1093D00043F010036365012084F85100002384F8F2
:1093E00050308BE0E76978E74FEA9708032F33D9CD
:1093F000A38F9BB22268A16951F823309360A38F99
:1094000001339BB2A387A38F9BB22268A16951F855
:1094100023309360A38F01339BB2A387A38F9BB2AA
:109420002268A16951F823309360A38F01339BB266
:10943000A387A38F9BB22268A16951F82330936060
:10944000A38F01339BB2A38731462046FFF7F8FE76
:10945000C0B904354545CBD331462046FFF70BFF55
:1094600000284BD02268136823F400431360636D17
:1094700043F010036365012084F85100002384F851
:1094800050303BE02268136823F400431360636D9F
:1094900043F010036365012084F85100002384F831
:1094A00050302BE02268136823F400431360636D8F
:1094B00043F010036365012084F85100002384F811
:1094C00050301BE0A38F9BB2A26952F82330626830
:1094D00007EB42070CAA02EB870757F8302C134022
:1094E00022689360013103293FF666AF00222368AA
:1094F0009A6001310429FAD15EE700200CB0BDE882
:10950000F08100BF90430108E8B110B5044690F81F
:1095100051309BB121680A686368A06803436069A1
:10952000034322F4002222F47E7213430B600020D6
:109530006065012384F85130636410BD80F85030B9
:10954000FDF762FDE6E7012070477047F8B5044675
:109550000D460268136843F400431360B0F84030CE
:10956000C28F92B2B0F84210B2EB910F7FD29BB291
:109570008808012700261EE029462046FFF745FE01
:10958000002839D1B4F840309BB22268516811F0FC
:10959000040F05D0B4F842108808B3EB910F3CD308
:1095A000B4F840309BB2E28F92B2B4F8421088080F
:1095B000B2EB910F5BD2984259D9E38F9BB22268EC
:1095C000516811F0020FD7D08342D5D2E38F9BB2FE
:1095D000616B51F823309360E38F01339BB2E387D3
:1095E000E38F9BB22268616B51F823309360E38F65
:1095F00001339BB2E387BFE72268136823F400437B
:109600001360636D43F01003636584F8517084F850
:1096100050602046FFF799FFB4E7D168D268B4F8EC
:1096200040309BB29842BBD9B4F840309BB2A06B9B
:1096300040F82310B4F8403001339BB2A4F8403016
:10964000B4F840309BB2B4F84210B3EB910FA7D2FC
:10965000B4F840309BB2A16B41F82320B4F84030FD
:1096600001339BB2A4F84030B4F8403098E7226848
:10967000136823F400431360012384F85130002061
:10968000F8BD10B584B00446C38F0268506810F06E
:10969000020F30D09BB2B4F84200B3EB900F2AD245
:1096A000E38F9BB2606B50F823309360E38F0133FC
:1096B0009BB2E387E38F9BB22268606B50F8233044
:1096C0009360E38F01339BB2E387E38F9BB2226801
:1096D000606B50F823309360E38F01339BB2E387D4
:1096E000E38F9BB22268606B50F823309360E38F66
:1096F00001339BB2E3872046FFF787FD002837D16F
:10970000B4F840309BB22268516811F0040F2DD09C
:10971000B4F842108808B3EB910F27D2D3680093B6
:10972000D3680193D3680293D3680393B4F84030AD
:109730009BB298421AD96A460DF1100CB4F8403029
:109740009BB252F8040BA16B41F82300B4F84030EF
:1097500001339BB2A4F84030B4F840309BB2B4F867
:109760004210B3EB910F01D26245E7D104B010BDB6
:109770002268136823F400431360636D43F0100301
:109780006365012384F85130002384F8503020466B
:10979000FFF7DBFEB4E70000F0B58DB004460F46DE
:1097A0000023089309930A930B930493059306935C
:1097B00007930093019302930393B0F842502E094C
:1097C00001363301C5EB061616F0030605F1100548
:1097D000A5EB03054FEA950518BF01354369B3F5BD
:1097E000002F00F0958003681A6812F0040F1CD057
:1097F000D96E1A6822F400421A6003681A6D089242
:109800005A6D09929A6D0A92DA6D0B92D9640268C8
:10981000136823F4002323F0380343F0300313606C
:109820000268136843F400431360002D00F0D181F7
:109830000022E38F9BB22168606B50F823308B606D
:10984000E38F01339BB2E38701329542F1D1032DBF
:1098500006D82B460021226891600133042BFAD1EF
:1098600039462046FFF7D1FC002840F0B481236838
:109870005B6813F0040F14D06A460DF1100C2368D6
:10988000D96842F8041BB4F840309BB2A06B40F892
:109890002310B4F8403001339BB2A4F84030624545
:1098A000EDD123681A6812F0040F00F0CE811A6D12
:1098B00004925A6D05929A6D0692DA6D07921A68B3
:1098C00022F4002222F0380242F008121A602268C4
:1098D000136823F4403343F480331360032D07D817
:1098E0000DEB850304A9002243F8042B8B42FBD126
:1098F000012E00F08381022E40F0AC81013D0CABC3
:1099000003EB850535F82E3C1B0445F8303C7FE120
:1099100003681A6812F0040F15D11A6822F4004285
:109920001A600268D36E013BD3640268136823F4A3
:10993000002323F0380343F03003136002681368F8
:1099400043F400431360002D5DD00022E38F9BB2EF
:109950002168606B50F823308B60E38F01339BB23A
:10996000E38701329542F1D1032D06D82B46002121
:10997000226891600133042BFAD139462046FFF763
:1099800044FC002841D123685B6813F0040F14D015
:109990006A460DF1100C2368D96842F8041BB4F82C
:1099A00040309BB2A06B40F82310B4F84030013334
:1099B0009BB2A4F840306245EDD12268136813F0E1
:1099C000040F40F04281136823F4002323F038038E
:1099D00043F4002313602268136843F44033136098
:1099E00023681A6812F0C00F5DD1012E20D0022E1C
:1099F0004CD16B1E0CAA02EB830333F82E2C1204FD
:109A000043F8302C1EE02B46B1E72268136823F49C
:109A100000431360636D43F010036365012384F812
:109A20005130002384F850302046FFF78EFDAAE71E
:109A30006B1E0CAA02EB830353F8302C22F0FF02BA
:109A400043F8302C55B16B4603EB8500226853F880
:109A5000041B91609842F9D1032D05D80022236898
:109A60009A600135042DFAD139462046FFF7CDFB27
:109A7000002840F09B8023685A6812F0040F00F021
:109A8000E480DA68DA68DA68DB68DEE0032ED9D1D0
:109A90006B1E0CAA02EB830353F8302C02F07F42BA
:109AA00043F8302CCEE71A6802F0C002802A15D0A5
:109AB0001B6803F0C003402B33D0012E57D0022E79
:109AC00063D1744991FAA1F16B1E0CAA02EB8303D6
:109AD00053F8302C0A4043F8302CB3E7012E0AD05B
:109AE000022E13D16B1E0CAA02EB830333F8302C29
:109AF00043F8302CA6E76B1E0CAA02EB830353F845
:109B0000302C22F07F4243F8302C9BE7032E99D172
:109B10006B1E0CAA02EB830313F8302C43F8302C95
:109B200090E7012E0AD0022E13D16B1E0CAA02EB75
:109B3000830333F8302C43F8302C83E76B1E0CAAD8
:109B400002EB830353F8302C22F47F0243F8302CCD
:109B500078E7032E7FF476AF6B1E0CAA02EB83032B
:109B600053F8302C02F47F4243F8302C6AE76FF050
:109B7000FF0191FAA1F16B1E0CAA02EB830353F8CB
:109B8000302C0A4043F8302C5CE7032E7FF45AAFA8
:109B90004FF07F4191FAA1F16B1E0CAA02EB8303F7
:109BA00053F8302C0A4043F8302C4BE722681368F6
:109BB00023F400431360636D43F0100363650123D6
:109BC00084F85130002384F850302046FFF7BDFC64
:109BD00051E72B463EE62268136823F400431360E6
:109BE000636D43F010036365012384F85130002353
:109BF00084F850302046FFF7A8FC38E6013D0CAB56
:109C000003EB850555F8303C23F0FF0345F8303C65
:109C1000694608AE0DF1100E70460A4656F8043B30
:109C20005EF804CB15686B4083EA0C0342F8043BF2
:109C30008242F3D1236851F8042B9A608142F9D112
:109C400039462046FFF717FB88B9002384F85030C7
:109C50000DB0F0BD032EDBD1013D0CAB03EB850550
:109C600055F8303C03F07F4345F8303CD0E722689C
:109C7000136823F400431360636D43F010036365BE
:109C8000012384F85130002384F850302046FFF738
:109C90005CFCDAE70000FFFF2DE9F04104460D46C9
:109CA000B0F84270C36A012B46D03B46E3650023FF
:109CB000A3872268136823F44033136023681A686B
:109CC0001A60A1682046FFF74CFA236822691268DF
:109CD0001A642368226952685A6423682269926868
:109CE0009A6423682269D268DA642268136843F4AC
:109CF00000431360FEF7BCFE06462268136813F4A7
:109D0000004F24D0B5F1FF3FF8D0FEF7B1FE801B25
:109D1000A84201D8002DF0D12268136823F4004333
:109D20001360636D43F010036365012084F85100F4
:109D3000002384F8503040E0836D012B03D00123D1
:109D400083653B46B2E7C36D3B44C3651BE02946D0
:109D50002046FFF7ABFA00285FD102236364226834
:109D6000136823F4004313602268136823F440331C
:109D700013602268136843F4003313602268136889
:109D800043F400431360BF08B4F8423013F00F0FE0
:109D900018BF27F00307FEF76BFE8046B4F840308B
:109DA0009AB2E38F9BB29F4201D997420DD8B4F883
:109DB000423013F00F0F2AD10020BDE8F081E38F6D
:109DC0009BB2BB42F3D2BE42F1D229462046FFF7F6
:109DD00058FCB4F840309EB2B5F1FF3FEFD0FEF72B
:109DE00047FEA0EB0800A84201D8002DE7D1226869
:109DF000136823F400431360636D43F0100363653D
:109E0000012084F85100002384F85030D5E729461A
:109E10002046FFF7C1FC0020CFE70120CDE72DE968
:109E2000F04104460D46B0F84260C36A012B42D0AF
:109E30003346E3650023A3872268136823F4403385
:109E4000136023681A681A60A1682046FFF789F931
:109E50002268236A1B6823F0784313642368226A0C
:109E600052685A642368226A92689A642268236A54
:109E7000DB6823F0FF0343F00103D3642268136817
:109E800043F4004313606368802B1FD0402B53D0F2
:109E9000C02B6AD02368226A12689A602368226AFB
:109EA00052689A602368226A92689A602368226ADC
:109EB000D2689A601EE0836D012B03D00123836575
:109EC0003346B6E7C36D3344C36583E02268236A33
:109ED0001B681BBA93602268236A5B681BBA936095
:109EE0002268236A9B681BBA93602268236ADB6836
:109EF0001BBA9360FEF7BCFD07462268136813F493
:109F0000004F4BD0B5F1FF3FF8D0FEF7B1FDC01BBD
:109F1000A84201D8002DF0D12268136823F4004331
:109F20001360636D43F010036365012084F85100F2
:109F3000002384F8503086E02268236A1B684FEAC9
:109F4000334393602268236A5B684FEA334393602C
:109F50002268236A9B684FEA334393602268236A2E
:109F6000DB684FEA33439360C4E72268236A1B68C7
:109F700093FAA3F393602268236A5B6893FAA3F3CE
:109F800093602268236A9B6893FAA3F39360226824
:109F9000236ADB6893FAA3F39360ABE72946204674
:109FA000FFF784F9002856D10223636422681368FE
:109FB00023F4004313602268136823F440331360D2
:109FC0002268136843F4003313602268136843F473
:109FD00000431360B608B4F8423013F00F0F18BFF7
:109FE00026F00306FEF744FD8046B4F84070BFB289
:109FF000E38F9BB2B34220D2B7421ED229462046FD
:10A00000FFF73FFBB5F1FF3FF2D0FEF731FDA0EBCC
:10A010000800A84201D8002DEAD12268136823F471
:10A0200000431360636D43F010036365012084F8FF
:10A030005100002384F8503005E0B4F8423013F0AA
:10A040000F0F02D10020BDE8F08129462046FFF71E
:10A05000A3FB0020F7E70120F5E7000010B5044658
:10A0600090F85100C0B2012840F00E814FF0020C70
:10A0700084F851C094F850C0BCF1010F00F00A817F
:10A080004FF0010C84F850C04FF0000CA4F83EC013
:10A09000A4F840C06163A363636A0BB9920092B2F3
:10A0A000A4F842202268136823F004031360216897
:10A0B0000A687B4B1340302B0BD9B3F5002F00F00F
:10A0C000DE80B3F1081F0ED102992046FFF7A7FEEC
:10A0D00080E0172B12D8102B05D8724A22FA03F30E
:10A0E00013F0010F42D1636D43F020036365012338
:10A0F00084F85130002384F85030CAE0183B182B04
:10A10000F1D801A252F823F06DA10008E7A00008E1
:10A11000E7A00008E7A00008E7A00008E7A0000803
:10A12000E7A00008E7A00008DDA10008E7A00008FC
:10A13000E7A00008E7A00008E7A00008E7A00008E3
:10A14000E7A00008E7A00008DDA10008E7A00008DC
:10A15000E7A00008E7A00008E7A00008E7A00008C3
:10A16000E7A00008E7A00008DDA10008E3681B687D
:10A170008B622368E2685268DA62636933F008022E
:10A1800040F08A802368E26892681A632368E26874
:10A19000D2685A632368E26812699A632368E268A6
:10A1A0005269DA63636923F01003082B07D123682F
:10A1B000226912681A642368226952685A64226804
:10A1C000136843F4804313600223636402992046BA
:10A1D000FFF7BCF900284BD000205AE0E36A012BBE
:10A1E00004D1A36D012B18D00123A365A1682046DB
:10A1F000FEF7B7FF6369202B0FD02368226912682E
:10A200001A642368226952685A6423682269926832
:10A210009A6423682269D268DA640223636422683C
:10A22000136843F400431360B4F840309BB2E28FEC
:10A2300092B2B4F842108808B2EB910F10D2984253
:10A240000ED902992046FFF71CFAB4F840309BB2B1
:10A25000E28F92B2B4F842108808B2EB910FEED3BD
:10A260002268136823F400431360012384F85130FB
:10A27000012384F85130002084F8500009E002994D
:10A280002046FFF709FDA5E7636D43F0080363650A
:10A29000012010BD0220FCE7182B90D187E700BFFA
:10A2A000380008000101010010B5044690F8510083
:10A2B000C0B2012840F043814FF0020C84F851C035
:10A2C00094F850C0BCF1010F00F03F814FF0010C39
:10A2D00084F850C04FF0000CA4F83EC0A4F840C071
:10A2E0006163A363636A0BB9920092B2A4F842203F
:10A2F0002268136843F00403136021680A68964BD0
:10A300001340302B0BD9B3F5002F00F01381B3F1BC
:10A31000081F0ED102992046FFF781FD80E0172B20
:10A3200012D8102B05D88D4A22FA03F313F0010F2F
:10A3300042D1636D43F020036365012384F85130FB
:10A34000002384F85030FFE0183B182BF1D801A20D
:10A3500052F823F0B9A3000833A3000833A3000880
:10A3600033A3000833A3000833A3000833A3000875
:10A3700033A3000829A4000833A3000833A300086E
:10A3800033A3000833A3000833A3000833A3000855
:10A3900033A3000829A4000833A3000833A300084E
:10A3A00033A3000833A3000833A3000833A3000835
:10A3B00033A3000829A40008E3681B688B622368A4
:10A3C000E2685268DA62636933F0080240F0BF80E5
:10A3D0002368E26892681A632368E268D2685A6365
:10A3E0002368E26812699A632368E2685269DA6353
:10A3F000636923F01003082B07D1236822691268D0
:10A400001A642368226952685A642268136843F404
:10A41000804313600223636402992046FFF796F895
:10A42000002865D000208FE0E36A012B67D06369C4
:10A43000302B7AD00B6823F4002323F0380343F049
:10A4400038030B60A1682046FEF78BFE2268136874
:10A4500043F40043136002992046FEF70CFF0028E6
:10A4600053D12268136823F4002323F03803616971
:10A470000B4313606369202B0FD023682269126895
:10A480001A642368226952685A64236822699268B0
:10A490009A6423682269D268DA64022363642268BA
:10A4A000136843F400431360B4F840309BB2E28F6A
:10A4B00092B2B4F842108808B2EB910F10D29842D1
:10A4C0000ED902992046FFF7DCF8B4F840309BB271
:10A4D000E28F92B2B4F842108808B2EB910FEED33B
:10A4E0002268136823F400431360012384F8513079
:10A4F000012384F85130002084F8500024E0A36D3B
:10A50000012BCAD00123A36591E72268136823F4C5
:10A5100000431360636D43F010036365012384F807
:10A520005130002084F850000EE0A1682046FEF76C
:10A5300018FE9FE702992046FFF7AEFB70E7636DB8
:10A5400043F008036365012010BD0220FCE7182BCF
:10A550007FF45BAF51E700BF380008000101010044
:10A5600070B50446866DFEF783FA94F83530DBB299
:10A57000022B06D0802363650120002384F8343049
:10A5800070BD05462268136823F016031360226825
:10A59000536923F080035361236CCBB122681368A5
:10A5A00023F0080313602268136823F0010313608B
:10A5B00023681B6813F0010F0ED0FEF759FA431BF6
:10A5C000052BF5D920236365032084F83500D4E7F3
:10A5D000A36C002BE2D1E6E7E26D3F239340B3602A
:10A5E000012384F835300020C7E790F83530DBB21E
:10A5F000022B03D08023436501207047052380F898
:10A6000035300268136823F001031360002070479F
:10A6100010B40A490C6924F440740C610C6944F4C8
:10A6200040740C610C6944F001040C610260BFF3DA
:10A630006F8F43605DF8044B704700BF003C0240E1
:10A64000074B1A6922F440721A611A6942F40072C7
:10A650001A611A6942F001021A610160704700BF75
:10A66000003C0240074B1A6922F440721A611A69D1
:10A6700042F480721A611A6942F001021A61018083
:10A68000704700BF003C0240274BDB6813F0100FFF
:10A6900007D0264AD36943F01003D361224B10221E
:10A6A000DA60214BDB6813F0200F07D01F4AD36913
:10A6B00043F00803D3611C4B2022DA601A4BDB689D
:10A6C00013F0400F07D0194AD36943F00403D36154
:10A6D000154B4022DA60144BDB6813F0800F07D073
:10A6E000124AD36943F00203D3610F4B8022DA6030
:10A6F0000D4BDB6813F4807F08D00C4AD36943F01C
:10A700000103D361084B4FF48072DA60064BDB68BB
:10A7100013F0020F07D0054AD36943F02003D36139
:10A72000014B0222DA607047003C0240401C0020CE
:10A73000074B1B69002B01DB00207047044B054AC7
:10A740005A6002F188325A601869C00F704700BF22
:10A75000003C024023016745034A136943F000436C
:10A7600013610020704700BF003C0240074B5B694B
:10A7700013F0010F07D0054B054A9A6002F14432ED
:10A780009A60002070470120704700BF003C0240E3
:10A790003B2A1908034A536943F00103536100201F
:10A7A000704700BF003C0240014BD869704700BFB2
:10A7B000401C002070B50446154B0022DA61FEF7FC
:10A7C00057F90646134DEB6813F4803F0AD0B4F1F5
:10A7D000FF3FF8D0CCB1FEF74BF9801BA042F2D975
:10A7E00003200DE00B4BDB6813F0010F02D0094B87
:10A7F0000122DA60074BDB6813F4F97F01D10020F6
:10A8000070BDFFF741FF0120FAE70320F8E700BF22
:10A81000401C0020003C0240F8B515461F4A127E3D
:10A82000012A39D004460E461F461C4B01221A76D7
:10A830004CF25030FFF7BEFF90B9ACB1012C21D0E3
:10A84000022C24D02A463B463046FFF7E1FE4CF26C
:10A850005030FFF7AFFF124A136923F00103136171
:10A860000E4B00221A76F8BDEDB20D4B1A6922F498
:10A8700040721A611A691A611A6942F001021A617A
:10A880003570E4E7A9B23046FFF7ECFEDFE7294672
:10A890003046FFF7D5FEDAE70220E4E7401C00204F
:10A8A000003C0240012920D0022921D000290CBF00
:10A8B00000214FF440710B2888BF04300E4B1A69F9
:10A8C00022F440721A611A690A431A611A6922F065
:10A8D000F8021A611A6942EAC00242F002021A61E1
:10A8E0001A6942F480321A6170474FF48071E2E7CE
:10A8F0004FF40071DFE700BF003C02402DE9F04F4C
:10A9000083B0002213464FF0010E03254FF00F08CD
:10A910007C4C4BE0876805FA02FA27EA0A0ACF68FE
:10A92000974047EA0A078760476827EA0C0C4F6898
:10A93000C7F300179F4047EA0C07476044E04FF019
:10A94000000C0CFA0BFC4CEA0A0CC7F808C0A7680C
:10A950006FEA090C4E6816F4801F0CBF0CEA07075B
:10A9600049EA0707A760E7684E6816F4001F0CBFA6
:10A970000CEA070749EA0707E76067684E6816F4BC
:10A98000003F0CBF0CEA070749EA07076760276822
:10A990004E6816F4803F0CBF0CEA070749EA070728
:10A9A000276001330232102B00F0A9800EFA03FC5D
:10A9B0000F680CEA07093CEA0707F2D14F6807F075
:10A9C0000307013F012FA5D94F6807F00307032FA5
:10A9D00023D0C76805FA02FC27EA0C0C8F68974061
:10A9E00047EA0C07C7604F6807F00307022F14D12E
:10A9F0004FEAD30C00EB8C0CDCF8207003F0070B53
:10AA00004FEA8B0B08FA0BFA27EA0A0A0F6907FAD2
:10AA10000BF747EA0A07CCF82070076805FA02FC32
:10AA200027EA0C0C4F6807F00307974047EA0C072A
:10AA300007604F6817F4403FB3D000270197324EAC
:10AA4000776C47F480477764776C07F48047019709
:10AA5000019F23F0030707F1804707F59C37D7F8DC
:10AA600008A003F0030B4FEA8B0B08FA0BFC2AEA51
:10AA70000C0AA6F56056B0423FF461AF06F5806659
:10AA8000B04224D006F58066B04223D0DFF87CC007
:10AA9000604522D00CF5806C604521D00CF5806CAF
:10AAA000604520D00CF5806C60451FD00CF5806CA3
:10AAB00060451ED00CF5806C60451DD00CF5806C97
:10AAC000604514BF4FF00A0C4FF0090C39E74FF006
:10AAD000010C36E74FF0020C33E74FF0030C30E780
:10AAE0004FF0040C2DE74FF0050C2AE74FF0060C51
:10AAF00027E74FF0070C24E74FF0080C21E703B0DD
:10AB0000BDE8F08F003C014000380240000C0240DC
:10AB10000369194214BF0120002070470AB1816106
:10AB20007047090481617047436901EA030221EA21
:10AB3000030141EA024181617047000008B5054BFD
:10AB40005B69034200D108BD024B5861FCF74BFC26
:10AB5000F9E700BF003C014003685A6912F4806FB6
:10AB600001D1002070476FF480625A6100230363B3
:10AB7000202280F83D2080F83E30026C42F0040232
:10AB8000026480F83C30012070472DE9F041054611
:10AB90000C4616461F46C1F30748B8F1010F2B6853
:10ABA0000CBF5B699B6924EA030C1FFA8CFCBCFA9E
:10ABB0008CFC4FEA5C1C664527D1B7F1FF3FECD017
:10ABC000FDF756FF069BC01AB84201D8002FE4D10A
:10ABD000B8F1010F2B680CBF5B699B6924EA030382
:10ABE0009BB2B3FA83F35B099E42D6D100232B6359
:10ABF000202285F83D2085F83E302A6C42F0200264
:10AC00002A6485F83C30012000E00020BDE8F08196
:10AC10002DE9F84305460E4617469946C1F3074805
:10AC2000B8F1010F2B680CBF5C699C6926EA04042B
:10AC3000A4B2003C18BF0124002C44D02B685A69F0
:10AC400012F4806F27D1B7F1FF3FE9D0FDF710FF75
:10AC5000A0EB0900B84201D8002FE1D1B8F1010FF3
:10AC60002B680CBF5B699B6926EA03039BB2003B20
:10AC700018BF0123002BD3D000232B63202285F89B
:10AC80003D2085F83E302A6C42F020022A6485F887
:10AC90003C30012015E01A6842F400721A602B68FB
:10ACA0006FF480625A6100232B63202285F83D20D7
:10ACB00085F83E302A6C42F004022A6485F83C3064
:10ACC0000120BDE8F8830020FBE770B504460D467F
:10ACD000164623685B6913F0800F21D12046FFF7E9
:10ACE0003BFFF8B9B5F1FF3FF3D0FDF7C1FE801B84
:10ACF000A84201D8002DECD123685B6913F0800FC6
:10AD0000E7D100232363202284F83D2084F83E30DD
:10AD1000226C42F02002226484F83C30012000E0E2
:10AD2000002070BD0120FCE770B504460D461646B4
:10AD300023685B6913F0040F21D12046FFF70CFF55
:10AD4000F8B9B5F1FF3FF3D0FDF792FE801BA842A2
:10AD500001D8002DECD123685B6913F0040FE7D113
:10AD600000232363202284F83D2084F83E30226CA7
:10AD700042F02002226484F83C30012000E00020F0
:10AD800070BD0120FCE770B504460D461646036809
:10AD90005A6912F0400F1BD000200EE06FF0100235
:10ADA0005A6100232363202284F83D2084F83E303A
:10ADB000226C226484F83C30012070BD23685B69FA
:10ADC00013F0400F10D02368586910F0400F1AD1CB
:10ADD000586910F0100FE1D1FDF74AFE801BA84220
:10ADE000ECD8002DEFD1E9E700232363202284F87B
:10ADF0003D2084F83E30226C42F02002226484F828
:10AE00003C300120D9E70020D7E70000002800F0FF
:10AE1000B08070B5044690F83D30002B73D02423E9
:10AE200084F83D302268136823F001031360226820
:10AE3000136843F4004313602268136823F400434B
:10AE4000136000F049FF62684C4B9A4260D84C4B4B
:10AE5000984240F290804B49A1FB00318B0C256851
:10AE60006A6822F03F0242EA91426A6021680A6AF7
:10AE700022F03F02414D6668AE424ED80133134383
:10AE80000B622168CA6922F44F4222F0FF02656812
:10AE90003A4B9D424BD8431E6D00B3FBF5F3013393
:10AEA00040F6FC7003425ED0C3F30B031A43CA6141
:10AEB00021680A68E369206A034322F0C002134351
:10AEC0000B6021688A682369E068034322F4034227
:10AED00022F0FF0213438B602168CA686369A0698E
:10AEE000034322F0FF021343CB602268136843F050
:10AEF0000103136000202064202384F83D30206388
:10AF000084F83E0070BD80F83C30FCF7A5F986E778
:10AF10001D4B98429FD80120F4E74FF4967505FB2E
:10AF200003F31A4DA5FB03539B090133A7E7A3685D
:10AF30005BB9431E05EB4505B3FBF5F30133C3F3E2
:10AF40000B0393B143F40043B0E7431E05EB8505C3
:10AF500005EB8505B3FBF5F30133C3F30B0333B105
:10AF600043F44043A2E70423A0E701239EE7012323
:10AF70009CE7012070470120C4E700BFA0860100C4
:10AF80007F841E0083DE1B43FF083D00D34D62100B
:10AF90002DE9F04385B004460F46914698460C9E35
:10AFA000FDF766FD054694F83D00C0B2202804D0A8
:10AFB0000227384605B0BDE8F08300951923012229
:10AFC00071492046FFF7E1FD002840F0D78094F852
:10AFD0003C30012B00F0D480012384F83C302368FE
:10AFE0001A6812F0010F03D11A6842F001021A60C8
:10AFF0002268136823F400631360212384F83D3032
:10B00000102384F83E3000232364C4F82490A4F86D
:10B010002A80638D23855D4BE362E36A082B0DD0A4
:10B02000012B0BD013F5803F08D0236B122B0AD1D4
:10B030002268136843F48073136004E02268136885
:10B0400043F4807313600095334600224FF00111E2
:10B050002046FFF79AFDD0B92369B3F5804F20D180
:10B06000236807F0FE071F612B46324648492046F9
:10B07000FFF7CEFD0746002840F0848000230393AD
:10B0800023685A6903929B690393039B2FE023680B
:10B090001B6813F4807F02D04FF4007323640127F0
:10B0A00087E72268FB1103F0060343F0F003136106
:10B0B0002B46324637492046FFF7AAFD0028EED13D
:10B0C0002368FFB21F61CFE7236C042B01D0012757
:10B0D0006FE72268136843F400731360012768E781
:10B0E0002A4631462046FFF71FFE00282CD1238D2B
:10B0F000002B35D02A4631462046FFF7E6FD0028D2
:10B10000E2D12368626A12781A61626A531C636230
:10B11000618D013989B26185218D013989B221851D
:10B120002368586910F0040FDAD00029D8D052787B
:10B130001A61636A01336362638D013B9BB263856D
:10B14000238D013B2385CBE7236C042B01D0012702
:10B150002FE72268136843F400731360012728E780
:10B160002268136843F400731360202384F83D3091
:10B17000002384F83E3084F83C301AE7022718E7B1
:10B18000022716E7012714E7020010000000FFFF66
:10B1900002000100080001002DE9F04389B00446D7
:10B1A0000F4691469846109EFDF762FC054694F8BE
:10B1B0003D00C0B2202805D04FF00209484609B032
:10B1C000BDE8F08300951923012288492046FFF746
:10B1D000DCFC002840F0C88194F83C30012B00F0E2
:10B1E000C681012384F83C3023681A6812F0010FED
:10B1F00003D11A6842F001021A602268136823F42E
:10B2000000631360222384F83D30102384F83E301D
:10B2100000232364C4F82490A4F82A80638D238536
:10B22000734BE362E26A21680B6843F480630B604E
:10B23000082A0DD0012A0BD012F5803F08D0236BCD
:10B24000112B0AD12268136843F48073136004E061
:10B250002268136843F4807313600095334600221C
:10B260004FF001112046FFF790FC40BB2369B3F576
:10B27000804F2DD1236847F00107FFB21F612B4695
:10B2800032465C492046FFF7C3FC8146002840F067
:10B290007181238D002B5AD1039323685A6903923D
:10B2A0009A690392039A1A6842F400721A60218D17
:10B2B000002900F05081DFF844810027CDE02368A9
:10B2C0001B6813F4807F12D04FF4007323640EE0E8
:10B2D0004FEAE71808F00608236848F0F0021A6100
:10B2E0002B46324644492046FFF792FC10B14FF0FE
:10B2F000010963E72368FFB21F612B4632463D49CF
:10B300002046FFF785FC0028F1D100220792236830
:10B3100059690791996907910799196841F48071F2
:10B320001960009533464FF001112046FFF72DFCC0
:10B3300020B9226848F0F1031361A0E723681B6875
:10B3400013F4807FD3D04FF400732364CFE7012B35
:10B350000FD0022B1FD02268136843F48063136060
:10B360000023069323685A6906929B690693069BFD
:10B370009DE72268136823F480631360002304931D
:10B3800023685A6904929A690492049A1A6842F4EA
:10B3900000721A608BE72268136823F480631360DD
:10B3A0002268136843F40063136000230593236845
:10B3B0005A6905929B690593059B78E72A463146B1
:10B3C0002046FFF7E0FC002840F0D78023681A6988
:10B3D000636A1A70636A01336362238D013B2385BC
:10B3E000638D013B9BB2638534E000BF0200100017
:10B3F0000000FFFF0200010008000100040001003E
:10B40000009533463A4641462046FFF7BEFB0028EA
:10B4100040F0B6802268136843F400731360236819
:10B420001A69636A1A70626A531C6362238D013B56
:10B430002385638D013B9BB2638523681B69537031
:10B44000636A01336362238D013B2385638D013B76
:10B450009BB26385218D00297DD003294AD801291B
:10B46000ACD00229CCD0009533463A46414620461E
:10B47000FFF78BFB002840F086802268136823F4D6
:10B480008063136023681A69636A1A70636A013300
:10B490006362238D013B2385638D013B9BB26385F2
:10B4A000009533463A4641462046FFF76EFB00289A
:10B4B0006CD12268136843F40073136023681A691F
:10B4C000636A1A70626A531C6362238D013B238591
:10B4D000638D013B9BB2638523681B695370636A6C
:10B4E00001336362238D013B2385638D013B9BB256
:10B4F0006385AFE72A4631462046FFF744FC002823
:10B5000047D123681A69636A1A70636A01336362F8
:10B51000238D013B9BB22385628D013A92B26285F5
:10B520002268516911F0040F94D0032B0ED02368C8
:10B530001A69636A1A70636A01336362238D013B7F
:10B540002385638D013B9BB2638583E7136823F4F6
:10B5500080631360EBE7202384F83D30002384F8F8
:10B560003E3084F83C3029E64FF0020926E64FF0E1
:10B57000020923E64FF0010920E64FF001091DE61C
:10B580004FF001091AE64FF0010917E64FF00109E3
:10B5900014E64FF0010911E690F83D30DBB2202BA4
:10B5A00001D002207047242380F83D3002681368E0
:10B5B00023F0010313600268536A23F010035362FF
:10B5C0000268536A0B4353620268136843F0010335
:10B5D0001360202380F83D300020704790F83D3004
:10B5E000DBB2202B01D00220704710B4242380F856
:10B5F0003D300268136823F0010313600268546A47
:10B600004FF6F0732340194389B251620268136800
:10B6100043F001031360202380F83D3000205DF8E3
:10B62000044B704730B583B000230193194B1A6C5B
:10B6300042F080521A641B6C03F080530193019B0B
:10B64000154B01221A64FDF713FA0446134D6B687B
:10B6500013F4803F08D1FDF70BFA001BB0F57A7F99
:10B66000F5D9032003B030BD0B4B01225A64FDF71E
:10B67000FFF90446094D6B6813F4003F07D1FDF74D
:10B68000F7F9001BB0F57A7FF5D90320EAE700202F
:10B69000E8E700BF0038024000000E4200700040A2
:10B6A000002800F0E1812DE9F04182B004460368F2
:10B6B00013F0010F3BD09F4B9B6803F00C03042B4E
:10B6C0002CD09C4B9B6803F00C03082B21D06368A3
:10B6D000B3F5803F4FD0B3F5A02F52D0954B1A68E9
:10B6E00022F480321A601A6822F480221A60636899
:10B6F000002B50D0FDF7BCF905468E4E336813F48D
:10B70000003F14D1FDF7B4F9401B6428F6D903209B
:10B71000B1E1884B5B6813F4800FD8D0854B1B6870
:10B7200013F4003F03D06368002B00F09F8123686F
:10B7300013F0020F54D07F4B9B6813F00C0F3ED0D8
:10B740007C4B9B6803F00C03082B33D0E368002B81
:10B7500068D0794B01221A60FDF78AF90546754ECB
:10B76000336813F0020F54D1FDF782F9401B022811
:10B77000F6D903207FE16F4A136843F480331360E6
:10B78000B5E76C4B1A6842F480221A601A6842F4DA
:10B7900080321A60ABE7FDF76BF90546654E3368FA
:10B7A00013F4003FC3D0FDF763F9401B6428F6D9BA
:10B7B000032060E15F4B5B6813F4800FC6D15D4BE3
:10B7C0001B6813F0020F03D0E368012B40F0508197
:10B7D000584A1368216923F0F80343EAC103136050
:10B7E000236813F0080F42D063696BB3524B0122F8
:10B7F000C3F8802EFDF73CF905464E4E736F13F0EB
:10B80000020F34D1FDF734F9401B0228F6D903208A
:10B8100031E1484A1368216923F0F80343EAC10380
:10B820001360DDE7444B00221A60FDF721F905465D
:10B83000404E336813F0020FD2D0FDF719F9401BC8
:10B840000228F6D9032016E13B4B0022C3F8802ED4
:10B85000FDF70EF90546374E736F13F0020F06D051
:10B86000FDF706F9401B0228F6D9032003E12368FF
:10B8700013F0040F76D02F4B1B6C13F0805F33D185
:10B88000002301932B4B1A6C42F080521A641B6CFC
:10B8900003F080530193019B0125284B1B6813F48F
:10B8A000807F23D0A368012B34D0052B38D0214BC7
:10B8B0001A6F22F001021A671A6F22F004021A6747
:10B8C000A368002B3CD0FDF7D3F80646194F41F290
:10B8D00088383B6F13F0020F43D1FDF7C9F8801B86
:10B8E0004045F6D90320C6E00025D6E7134A136881
:10B8F00043F480731360FDF7BBF806460F4F3B68B7
:10B9000013F4807FCED1FDF7B3F8801B0228F6D95F
:10B910000320B0E0074A136F43F001031367CFE73A
:10B92000044B1A6F42F004021A671A6F42F00102C8
:10B930001A67C5E700380240000047420070004027
:10B94000FDF796F80646524F41F288383B6F13F0E8
:10B95000020F06D0FDF78CF8801B4045F6D9032076
:10B9600089E0EDB9A369002B00F08480484A926811
:10B9700002F00C02082A51D0022B17D0454B0022AE
:10B980001A66FDF775F80446414D2B6813F0007FE9
:10B9900042D0FDF76DF8001B0228F6D903206AE0BB
:10B9A0003B4A136C23F080531364DBE7394B0022CE
:10B9B0001A66FDF75DF80546354E336813F0007FD3
:10B9C00006D0FDF755F8401B0228F6D9032052E0B7
:10B9D000E369226A1343626A43EA8213E26A43EA32
:10B9E0000263A26A5208013A43EA0243284A5360BA
:10B9F000284B01221A66FDF73BF80446244D2B68BC
:10BA000013F0007F06D1FDF733F8001B0228F6D9AA
:10BA1000032030E000202EE000202CE0012B2DD070
:10BA20001B4B5B6803F48001E269914228D103F06B
:10BA30003F02216A8A4225D1616A47F6C0721A40E4
:10BA4000B2EB811F20D103F44031A26A5208013ABF
:10BA5000B1EB024F1AD1E26A03F07063B3EB026FED
:10BA600014BF0120002006E001207047012002E001
:10BA7000012000E0002002B0BDE8F0810120FAE7DB
:10BA80000120F8E70120F6E70120F4E70120F2E7C2
:10BA9000003802400000474208B5334B9B6803F072
:10BAA0000C03042B5BD0082B5BD12F4B5A6802F0A0
:10BAB0003F025B6813F4800F2CD02B4B5868C0F307
:10BAC00088104FEA401CBCEB000C6EEB0E0E4FEAE8
:10BAD0008E1343EA9C634FEA8C11B1EB0C0163EBCC
:10BAE0000E03DB0043EA5173C90011EB000C43F174
:10BAF0000003590200234FEA4C2041EADC51F5F7DC
:10BB000095F8194B5B68C3F3014301335B00B0FB4D
:10BB1000F3F027E0144B5868C0F388104FEA401C3C
:10BB2000BCEB000C6EEB0E0E4FEA8E1343EA9C63E7
:10BB30004FEA8C11B1EB0C0163EB0E03DB0043EA1F
:10BB40005173C90011EB000C43F10003990200236B
:10BB50004FEA8C2041EA9C51F5F768F8D1E7034899
:10BB600000E0034808BD00BF0038024000127A0020
:10BB70000024F400002800F09D802DE9F0410D46DE
:10BB80000446504B1B6803F00F038B4208D2CBB224
:10BB90004C4A1370136803F00F038B4240F08C8003
:10BBA000236813F0020F17D013F0040F04D0464A95
:10BBB000936843F4E0539360236813F0080F04D0B4
:10BBC000414A936843F4604393603F4A936823F08B
:10BBD000F003A1680B439360236813F0010F32D088
:10BBE0006268012A21D0931E012B25D9364B1B6890
:10BBF00013F0020F62D034498B6823F00303134320
:10BC00008B60FCF735FF06462F4F41F28838BB6842
:10BC100003F00C036268B3EB820F14D0FCF728FF2B
:10BC2000801B4045F3D9032042E0274B1B6813F4E7
:10BC3000003FE0D101203BE0234B1B6813F0007F65
:10BC4000D9D1012034E01F4B1B6803F00F03AB4236
:10BC500007D9EAB21B4B1A701B6803F00F03AB4203
:10BC60002ED1236813F0040F06D0174A936823F4EB
:10BC7000E053E1680B439360236813F0080F07D08B
:10BC8000114A9368216923F4604343EAC103936036
:10BC9000FFF702FF0C4B9B68C3F303130B4AD35C03
:10BCA000D8400B4B18600B4B1868FBF75BFC00206F
:10BCB000BDE8F081012070470120F9E70120F7E796
:10BCC0000120F5E7003C024000380240B052010874
:10BCD0005C000020BC000020044B9B68C3F382235F
:10BCE000034AD35C034A1068D840704700380240CA
:10BCF000A85201085C000020044B9B68C3F3423348
:10BD0000034AD35C034A1068D840704700380240A9
:10BD1000A85201085C0000200F2303600B4B9A68B7
:10BD200002F0030242609A6802F0F00282609A68B0
:10BD300002F4E052C2609B68DB0803F4E053036145
:10BD4000034B1B6803F00F030B6070470038024081
:10BD5000003C024098B110B5044643795BB1022320
:10BD600063712268136843F0040313600123637155
:10BD70000020A06010BD0371FBF760FBEFE701201E
:10BD80007047F8B50379012B35D004460E460123E0
:10BD900003714579EDB29D4206D0042383600125ED
:10BDA000002323712846F8BD02234371FCF760FE8F
:10BDB000074623685A6812F0010F0BD09B68E360B6
:10BDC0003360012363710025EAE723685A6812F0A3
:10BDD000010FF3D1FCF74CFEC01B0228F5D92368F4
:10BDE0005B6813F0010FF0D1012363710223A3609C
:10BDF00000232371D6E70225D4E710B5044600F1ED
:10BE00000C01FFF7BEFF08B9E06810BD0020FCE799
:10BE10002DE9F04782B081460F4616461D46FCF7D5
:10BE200027FE0A9B2B44A3EB0008FCF721FE824669
:10BE30002C4B1B68C3F3CB3308FB03F30193D9F8F6
:10BE40000020946837EA04040CBF01230023B342A6
:10BE500044D0B5F1FF3FF4D0FCF70AFEA0EB0A0096
:10BE6000404507D2019B002B08BF9846019B013B30
:10BE70000193E4E7D9F80020536823F0E00353600E
:10BE8000D9F80430B3F5827F0CD0D9F82830B3F557
:10BE9000005F16D0012389F85130002389F8503013
:10BEA00003201CE0D9F80830B3F5004F02D0B3F5F9
:10BEB000806FEAD1D9F80020136823F040031360A3
:10BEC000E3E7D9F80020136823F400531360D9F88E
:10BED0000020136843F400531360DBE7002002B036
:10BEE000BDE8F0875C00002070B584B004460D46C4
:10BEF000164600920B4601220221FFF789FFD0B9B6
:10BF0000174B1B68174AA2FB03235B0D4FF47A7291
:10BF100002FB03F303936368B3F5827F11D0039BA5
:10BF20003BB1039B013B039323689B6813F0800F95
:10BF3000F5D104B070BD636D43F020036365032049
:10BF4000F7E700962B46002280212046FFF760FF8E
:10BF50000028EED0636D43F0200363650320E8E71B
:10BF60005C000020819F5E1610B582B004460B462F
:10BF70004168B1F5827F09D000920022012120465C
:10BF8000FFF746FF002831D102B010BD8168B1F53E
:10BF9000004F02D0B1F5806F0CD12068016821F00C
:10BFA000400101606168B1F5827FE5D1A168B1F51A
:10BFB000806F0DD00092002280212046FFF728FFDD
:10BFC0000028E1D0636D43F0200363650320DBE7C5
:10BFD0000092002201212046FFF71AFF0028D3D04B
:10BFE000636D43F0200363650320CDE7636D43F089
:10BFF000200363650320C7E700285AD010B5044624
:10C00000436A33B94368B3F5827F05D00023C36127
:10C0100002E00023036143610023A36294F85130DE
:10C02000002B40D0022384F851302268136823F09B
:10C03000400313602268636803F48273A16801F40B
:10C0400004410B43E16801F400610B43216901F0F5
:10C0500002010B43616901F001010B43A16901F485
:10C0600000710B43E16901F038010B43216A01F0D3
:10C0700080010B43A16A01F400510B431360216856
:10C08000638B03F00403626A02F0100213434B60F7
:10C090002268D36923F40063D36100206065012323
:10C0A00084F8513010BD84F850302046FBF700FA78
:10C0B000B8E7012070472DE9F04383B01D4690F8A2
:10C0C0005030012B00F0D68004468846914601236B
:10C0D00080F85030FCF7CCFC074694F85160F6B27B
:10C0E000012E40F0BF80B8F1000F00F0BC80B9F124
:10C0F000000F00F0B880032384F8513000236365FB
:10C10000C4F83080A4F83490A4F83690A363A387D1
:10C11000E38763642364A368B3F5004F39D02368D1
:10C120001A6812F0400F03D11A6842F040021A60F8
:10C13000E368B3F5006F37D0636813B1B9F1010F4D
:10C140000AD12368226B12781A73236B013323639D
:10C15000E38E013B9BB2E386E38E9BB2002B66D15C
:10C160003A4629462046FFF7BFFE08B12023636503
:10C17000A36833B901932368DA6801929B6801933D
:10C18000019B636D002B6ED1012384F85130002692
:10C1900069E02268136823F0400313602268136883
:10C1A00043F480431360BAE7636813B1B9F1010F38
:10C1B0000AD12368226B1288DA60236B023323636F
:10C1C000E38E013B9BB2E386E38E9BB263B9C7E784
:10C1D000FCF74EFCC01BA84216D3B5F1FF3F15D1AA
:10C1E000E38E9BB2002BBBD023689A6812F0020F3B
:10C1F000EED0226B1288DA60236B02332363E38E66
:10C20000013B9BB2E386EBE7002DE9D1012384F8E3
:10C210005130032627E0FCF72BFCC01BA8421AD3A1
:10C22000B5F1FF3F19D1E18E89B2002998D023687A
:10C230009A6812F0020FEED0226B12781A73236BF9
:10C2400001332363B4F836C00CF1FF3C1FFA8CFCB9
:10C25000A4F836C0E7E7002DE5D1012384F851307A
:10C26000032600E00226002384F85030304603B055
:10C27000BDE8F0830226F9E72DE9F04383B01F46BD
:10C280000A9D90F85030012B00F015810446884635
:10C290009146012380F85030FCF7EAFB064694F8FB
:10C2A0005100C0B2636801280AD0B3F5827F40F024
:10C2B000EF80A368002B40F0F280042840F0F1806A
:10C2C000B8F1000F00F0EF80B9F1000F00F0ED8041
:10C2D000002F00F0EC8094F85130DBB2042B1CBF2F
:10C2E000052384F8513000236365C4F83890E7874C
:10C2F000A787C4F83080E786A78623646364236831
:10C300001A6812F0400F03D11A6842F040021A6016
:10C31000E368B3F5006F12D063680BB1012F0AD147
:10C320002368226B12781A73236B01332363E38E25
:10C33000013B9BB2E38601274FF000086BE0636886
:10C340000BB1012F0AD12368226B1288DA60236BAC
:10C3500002332363E38E013B9BB2E38601274FF058
:10C3600000081AE02268936813F001030DD0E18FF2
:10C3700089B251B1D168A26B1180A26B0232A26363
:10C38000E28F013A92B2E2871F46FCF771FB801BF5
:10C39000A84202D3B5F1FF3F1DD1E38E9BB21BB97A
:10C3A000E38F9BB2002B5AD023689A6812F0020FD9
:10C3B000D8D0E28E92B2002AD4D0002FD2D0226BF5
:10C3C0001288DA60236B02332363E38E013B9BB256
:10C3D000E3864746C6E7012384F85130032058E03E
:10C3E0002268936813F001030DD0E18F89B251B137
:10C3F000D168A26B1170A26B0132A263E28F013A85
:10C4000092B2E2871F46FCF733FB831BAB421FD37C
:10C41000B5F1FF3F1ED1E38E9BB213B9E38F9BB200
:10C42000EBB123689A6812F0020FD9D0E28E92B273
:10C43000002AD5D0012FD3D1226B12781A73236B27
:10C4400001332363E38E013B9BB2E3864746C7E794
:10C45000002DE0D1012384F85130032019E0324649
:10C4600029462046FFF740FD70B9A36833B9019310
:10C470002368DA6801929B680193019B636DC3B9DD
:10C48000012384F8513004E020236365012000E09B
:10C490000220002384F8503003B0BDE8F08302206E
:10C4A000F7E70220F5E70120F3E70120F1E701209B
:10C4B000EFE70120EDE70220EEE72DE9F04383B03E
:10C4C000044690F85150EDB2012D40F0B7808846F7
:10C4D00091461E464368B3F5827F45D094F85030AC
:10C4E000012B00F0B380012384F85030FCF7C0FA30
:10C4F0000746B8F1000F00F0A280B9F1000F00F07C
:10C500009E80042384F8513000236365C4F838808A
:10C51000A4F83C90A4F83E902363A386E3862364AA
:10C520006364A368B3F5004F2BD023681A6812F038
:10C53000400F03D11A6842F040021A60E3685BB30F
:10C54000E38F9BB2002B5ED13A4631462046FFF77F
:10C550000BFD08B120236365636D002B6FD10123B0
:10C5600084F8513000256AE08368002BB6D104239B
:10C5700080F85130009613460A46FFF77DFE0546C7
:10C5800060E02268136823F0400313602268136898
:10C5900023F480431360C8E7E38F9BB263B9D3E70A
:10C5A000FCF766FAC01BB0421AD3B6F1FF3F19D1AF
:10C5B000E38F9BB2002BC7D023689A6812F0010F5B
:10C5C000EED0A26B1B7B1370A36B0133A363B4F893
:10C5D0003EC00CF1FF3C1FFA8CFCA4F83EC0E7E71C
:10C5E000002EE5D1012384F85130032527E0FCF724
:10C5F0003FFAC01BB0421AD3B6F1FF3F19D1E38F07
:10C600009BB2002BA0D023689A6812F0010FEED0E5
:10C61000DA68A36B1A80A36B0233A363B4F83EC03D
:10C620000CF1FF3C1FFA8CFCA4F83EC0E7E7002E9B
:10C63000E5D1012384F85130032500E002250023D1
:10C6400084F85030284603B0BDE8F0830225F9E7AE
:10C6500070B4036A026A22F00102026244688269CD
:10C6600022F073020D682A4323F002038D682B43E6
:10C67000114DA8420AD005F58065A84214D123F0D7
:10C680000803CD682B4323F0040305E023F00803DF
:10C69000CD682B4323F0040324F440748D694E6964
:10C6A00046EA050C4CEA0404446082614A6842632D
:10C6B000036270BC704700BF0000014070B4036AA1
:10C6C000026A22F4807202624468C26922F0730234
:10C6D0000D682A4323F400738D6843EA0523124D45
:10C6E000A8420BD005F58065A84216D123F400635B
:10C6F000CD6843EA052323F4806306E023F4006356
:10C70000CD6843EA052323F4806324F440548D6903
:10C710004E6946EA050C44EA0C144460C2614A685A
:10C72000C263036270BC70470000014030B4036A0A
:10C73000026A22F4805202624468C26922F4E6422C
:10C740000D6842EA052223F400538D6843EA05335D
:10C75000094DA84203D005F58065A84204D124F410
:10C7600080444D6944EA85144460C2614A680264A9
:10C77000036230BC704700BF0000014090F83D30BC
:10C78000DBB2012B37D1022380F83D300268D36839
:10C7900043F00103D3600368194A934220D0B3F1F8
:10C7A000804F1DD0A2F57C42934219D002F58062E1
:10C7B000934215D002F58062934211D002F578427F
:10C7C00093420DD002F57052934209D0A2F59432F3
:10C7D000934205D01A6842F001021A6000207047A7
:10C7E0009A6802F00702062A07D01A6842F001028E
:10C7F0001A6000207047012070470020704700BF7A
:10C80000000001400268D36823F00103D36003688D
:10C81000196A41F21112114208D1196A40F24442D8
:10C82000114203D11A6822F001021A60012380F834
:10C830003D30002070477047704770477047704721
:10C8400070B504460368DE681D6915F0020F10D04C
:10C8500016F0020F0DD06FF002021A610123037768
:10C8600003689B6913F0030F5ED0FFF7E6FF002318
:10C87000237715F0040F12D016F0040F0FD02368A1
:10C880006FF004021A610223237723689B6913F473
:10C89000407F4FD02046FFF7D0FF0023237715F0CD
:10C8A000080F12D016F0080F0FD023686FF008029F
:10C8B0001A61042323772368DB6913F0030F40D048
:10C8C0002046FFF7BAFF0023237715F0100F12D090
:10C8D00016F0100F0FD023686FF010021A610823B2
:10C8E00023772368DB6913F4407F31D02046FFF7BC
:10C8F000A4FF0023237715F0010F02D016F0010FDB
:10C900002DD115F0800F02D016F0800F2FD115F029
:10C91000400F02D016F0400F31D115F0200F02D099
:10C9200016F0200F33D170BDFFF786FF2046FFF7CA
:10C9300085FF9CE72046FFF77FFF2046FFF77EFF3D
:10C94000ABE72046FFF778FF2046FFF777FFBAE70F
:10C950002046FFF771FF2046FFF770FFC9E7236805
:10C960006FF001021A612046FAF742FDC9E7236819
:10C970006FF080021A61204600F031FBC7E72368A0
:10C980006FF040021A612046FFF759FFC5E72368A0
:10C990006FF020021A61204600F020FBC3E7000080
:10C9A0000368454A904267D0B0F1804F31D0A2F57C
:10C9B0007C42904256D002F5806290423BD002F514
:10C9C0008062904253D002F57842904238D002F50E
:10C9D0007052904221D002F5806290421DD002F543
:10C9E0008062904219D0A2F59832904215D002F59B
:10C9F0008062904211D002F5806290420DD023F007
:10CA000080034A69134303608B68C3620B688362C7
:10CA100045E023F070034A68134323F44073CA6867
:10CA2000134323F080034A69134303608B68C36296
:10CA30000B68836233E023F070034A681343ECE72A
:10CA400023F070034A68134323F44073CA68134306
:10CA500023F080034A69134303608B68C3620B6849
:10CA600083621AE023F070034A681343D5E723F08A
:10CA700070034A681343D0E723F070034A681343F6
:10CA800023F44073CA68134323F080034A691343B5
:10CA900003608B68C3620B6883620B6903630123C5
:10CAA0004361036913F0010F04D0036923F001030C
:10CAB00003617047704700BF0000014040B310B5EC
:10CAC000044690F83D30F3B1022384F83D3021460E
:10CAD00051F8040BFFF764FF012384F8463084F813
:10CAE0003E3084F83F3084F8403084F8413084F898
:10CAF000423084F8433084F8443084F8453084F878
:10CB00003D30002010BD80F83C30FAF72BFFDBE70A
:10CB10000120704740B310B5044690F83D30F3B1A2
:10CB2000022384F83D30214651F8040BFFF738FF0B
:10CB3000012384F8463084F83E3084F83F3084F88E
:10CB4000403084F8413084F8423084F8433084F82F
:10CB5000443084F8453084F83D30002010BD80F822
:10CB60003C30FFF768FEDBE70120704770B4036AD2
:10CB7000026A22F0100202624468826922F4E642EC
:10CB80000D6842EA052223F020038D6843EA05136D
:10CB9000124DA8420BD005F58065A84216D123F0AE
:10CBA0008003CD6843EA051323F0400306E023F039
:10CBB0008003CD6843EA051323F0400324F4406466
:10CBC0008D694E6946EA050C44EA8C044460826132
:10CBD0004A688263036270BC704700BF0000014076
:10CBE00038B590F83C30012B66D004460D46012341
:10CBF00080F83C300C2A5AD8DFE802F0075959591E
:10CC00001B5959593059595944000068FFF720FD04
:10CC10002268936943F0080393612268936923F0C3
:10CC2000040393612268936929690B43936100208F
:10CC30003EE00068FFF79AFF2268936943F40063BF
:10CC400093612268936923F48063936122689369F6
:10CC5000296943EA01239361002029E00068FFF776
:10CC60002DFD2268D36943F00803D3612268D3699C
:10CC700023F00403D3612268D36929690B43D3618C
:10CC8000002015E00068FFF751FD2268D36943F4E6
:10CC90000063D3612268D36923F48063D36122687F
:10CCA000D369296943EA0123D361002000E0012010
:10CCB000002384F83C3038BD0220FCE710B48468BF
:10CCC00024F47F4C0A4342EA032242EA0C028260C7
:10CCD0005DF8044B704738B590F83C30012B00F0FC
:10CCE000AD800446012380F83C30022380F83D30BB
:10CCF0000268936823F47F4323F0770393600B6803
:10CD0000602B60D03DD8402B79D01CD9502B36D128
:10CD100003684868CD68196A1A6A22F001021A622B
:10CD20009A6922F0F00242EA051221F00A01014359
:10CD30009A6119622268936823F0700343F05703E5
:10CD40009360002012E0202B02D00BD9302B14D19D
:10CD500021688A6822F07002134343F007038B6056
:10CD6000002003E033F01002F2D00120012384F808
:10CD70003D30002384F83C3038BD0120F6E7012027
:10CD8000F4E7B3F5805F55D0B3F5005F0CD1CB6805
:10CD90004A6889680068FFF791FF2268936843F446
:10CDA000804393600020E1E7702B45D1CB684A684F
:10CDB00089680068FFF782FF2268936843F0770371
:10CDC00093600020D2E703684868CD681A6A196A40
:10CDD00021F010011962996921F4704141EA05318D
:10CDE00022F0A00242EA001299611A622268936856
:10CDF00023F0700343F0670393600020B6E70368F5
:10CE00004868CD68196A1A6A22F001021A629A69A2
:10CE100022F0F00242EA051221F00A0101439A6170
:10CE200019622268936823F0700343F0470393600C
:10CE300000209BE7002099E7012097E702209BE76D
:10CE400001F01F01036A4FF0010C0CFA01FC23EA08
:10CE50000C030362036A8A401A43026270470000AF
:10CE600010B504460846A1BB94F83E30DBB2012B56
:10CE700067D1022384F83E30012201462068FFF783
:10CE8000DFFF2368314A934248D002F58062934223
:10CE900044D0B3F1804F49D02D4A934246D002F599
:10CEA0008062934242D002F5806293423ED002F506
:10CEB000784293423AD002F57052934236D0A2F5AE
:10CEC0009432934232D01A6842F001021A60002074
:10CED00036E004290CD008290CBF94F8403094F8AF
:10CEE0004130DBB2013B18BF012343B1012027E0F1
:10CEF00094F83F30DBB2013B18BF0123F5E704286B
:10CF000008D008284FF002030CBF84F8403084F8A2
:10CF10004130B1E7022384F83F30ADE75A6C42F468
:10CF200000425A642368094A9342B2D19A6802F0D7
:10CF30000702062A07D01A6842F001021A60002090
:10CF400010BD0120FCE70020FAE700BF000001400F
:10CF50000004004090F83C20012A3BD030B4034646
:10CF6000012280F83C20022280F83D20046862689B
:10CF7000A06822F070020D682A4362601A68164C9D
:10CF8000A2421AD0B2F1804F17D0A4F57C44A2423D
:10CF900013D004F58064A2420FD004F58064A2424D
:10CFA0000BD004F57844A24207D004F57054A24295
:10CFB00003D0A4F59434A24204D120F08000496843
:10CFC00008439060012283F83D20002083F83C0054
:10CFD00030BC704702207047000001407047704726
:10CFE000026802F10C0353E8003F23F490730C3203
:10CFF00042E800310029F3D1026802F1140353E83A
:10D00000003F23F00103143242E800310029F3D13C
:10D01000036B012B05D0202380F8423000230363EB
:10D020007047026802F10C0353E8003F23F010033D
:10D030000C3242E800310029F3D1ECE710B5044688
:10D040000268136923F44053C1680B4313610168FC
:10D05000CA6883680069034360690343E069034366
:10D0600022F4164222F00C021343CB60226853696B
:10D0700023F44073A1690B43536123682E4A934202
:10D0800006D002F58062934202D0FEF725FE01E051
:10D09000FEF732FEE369B3F5004F24D000210318F8
:10D0A00049411B1841F10001C90041EA5371DB00FD
:10D0B000181863684FEA83024FEA937341F1000145
:10D0C000F3F7B4FD21681D4AA2FB00435B09642409
:10D0D00004FB130000013230A2FB00201B0103EB14
:10D0E00050138B6010BD0023021843EB030112188C
:10D0F00041F10001C90041EA5271D200101841F11A
:10D100000001626892185B41F3F790FD0B4AA2FBA5
:10D1100000314909642303FB1103DB003233A2FB16
:10D1200003232068C3F3421202EB01121B0903F42C
:10D13000F87313448360D5E7001001401F85EB515D
:10D140002DE9F04383B080460D46164699460A9F66
:10D15000D8F800301C6835EA04040CBF0124002410
:10D16000B44228D1B7F1FF3FF4D0FBF781FCA0EB2C
:10D170000900B84223D827B3D8F80030DA6812F093
:10D18000040FE5D0802DE3D0402DE1D01A6812F0D5
:10D19000080FDDD0002401941A6801925B680193A6
:10D1A000019B4046FFF71CFF0823C8F8443088F86D
:10D1B0004040012000E0002003B0BDE8F0830320E0
:10D1C000FAE70320F8E760B310B5044690F8413061
:10D1D00013B3242384F841302268D36823F4005326
:10D1E000D3602046FFF72AFF2268136923F4904397
:10D1F00013612268536923F02A0353612268D368BC
:10D2000043F40053D36000206064202384F841304D
:10D2100084F84230606310BD80F84030FAF720FD9A
:10D22000D7E7012070472DE9F04782B01E4690F8FD
:10D230004130DBB2202B5CD104460D4690460029DC
:10D240005BD00AB9012055E000234364212380F814
:10D250004130FBF70DFC0746A4F82480A4F8268093
:10D26000A368B3F5805F09D04FF0000AE38C9BB24E
:10D2700073B34FF000094FF0800819E0236913B130
:10D280004FF0000AF2E7AA460025EFE7202384F8D2
:10D29000413003202EE022683AF8023BC3F3080332
:10D2A0005360E28C013A92B2E284E38C9BB27BB190
:10D2B00000963B464A4641462046FFF741FF00287C
:10D2C000E4D1002DE7D0236815F8012B5A60E8E778
:10D2D00000963B46002240212046FFF731FF18B957
:10D2E000202384F8413005E0202384F841300320D6
:10D2F00000E0022002B0BDE8F0870120FAE77047A5
:10D3000008B5806B0023C385C384FFF7F8FF08BD11
:10D31000704790F84230DBB2222B1DD18368B3F501
:10D32000805F06D0826A7BB103685B6803F07F038D
:10D330001AE00369A3B9826A03685B68C3F3080350
:10D340001380836A023312E00369002BECD108E0FA
:10D3500001F032FD002048E00220704700207047B5
:10D36000826A03685B68DBB21370836A013383628D
:10D37000C38D013B9BB2C385002BEFD100B583B0B9
:10D380000268D36823F02003D3600268D36823F4D3
:10D390008073D3600268536923F001035361202333
:10D3A00080F8423000234363036B012BD0D100236C
:10D3B0000363026802F10C0353E8003F23F01003FB
:10D3C0000C3242E800310029F3D103681A6812F0E8
:10D3D000100F06D0002201921A6801925B68019337
:10D3E000019B818DFFF794FF002003B05DF804FBE3
:10D3F00010B582B0044602681368D068516913F012
:10D400000F0F09D113F0200F0DD010F0200F0AD00C
:10D410002046FFF77EFF18E001F0010100F4907C48
:10D420005CEA010C13D1216B012900F0818013F01B
:10D43000800F03D010F0800F40F01B8113F0400FDD
:10D4400003D010F0400F40F0418102B010BD13F046
:10D45000010F06D010F4807F03D0626C42F001020D
:10D46000626413F0040F0BD091B1626C42F00202BF
:10D47000626413F0020F07D113F0080F0FD112E00E
:10D4800013F0020F04D019B1626C42F0040262641E
:10D4900013F0080F07D000F020020A4303D0626C9B
:10D4A00042F008026264626C002ACED013F0200FB2
:10D4B00002D010F0200F0ED123685B69626C03F07C
:10D4C000400302F00802134309D12046FFF717FF7B
:10D4D00000236364B9E72046FFF71BFFECE7204613
:10D4E000FFF77EFD23685B6913F0400F1CD02268B4
:10D4F00002F1140353E8003F23F04003143242E8E2
:10D5000000310029F3D1E36B53B1764A1A65E06B21
:10D51000FDF76BF8002898D0E06B036D984794E70F
:10D520002046FFF7ECFE90E72046FFF7E8FE8CE789
:10D5300013F0100F3FF47BAF10F0100F3FF477AFF4
:10D54000002301931368019353680193019B53696E
:10D5500013F0400F51D0E26B13685B689BB2002B55
:10D560003FF473AFA18D99427FF66FAFE385D36926
:10D57000B3F5807F37D0226802F10C0353E8003FF7
:10D5800023F480730C3242E800310029F3D1226881
:10D5900002F1140353E8003F23F00103143242E880
:10D5A00000310029F3D1226802F1140353E8003F4F
:10D5B00023F04003143242E800310029F3D1202344
:10D5C00084F8423000232363226802F10C0353E8FD
:10D5D000003F23F010030C3242E800310029F3D160
:10D5E000E06BFCF7BDFF02236363E38DA18DC91AD5
:10D5F00089B22046FFF78CFE27E7E38D9AB2E38DD0
:10D600009BB2002B3FF421AFA18D891A89B200296A
:10D610003FF41BAF226802F10C0353E8003F23F4F0
:10D6200090730C3242E800300028F3D1226802F1F6
:10D63000140353E8003F23F00103143242E80030A2
:10D640000028F3D1202384F842300023236322688A
:10D6500002F10C0353E8003F23F010030C3242E8C0
:10D6600000300028F3D1022363632046FFF750FE09
:10D67000EBE694F84130DBB2212B7FF4E6AEA368F1
:10D68000B3F5805F16D0236A591C21621B78536062
:10D69000E38C013B9BB2E384002B7FF4D6AE22687F
:10D6A000D36823F08003D3602268D36843F040033B
:10D6B000D360CAE62369002BE5D1236A1B88C3F334
:10D6C00008035360236A02332362E1E7D36823F03F
:10D6D0004003D360202384F84130204601F07CFBD6
:10D6E000B3E600BF01D3000890F8413090F8420043
:10D6F0001843704781628285C285002343642223D8
:10D7000080F84230036923B10268D36843F4807320
:10D71000D3600268536943F0010353610268D36820
:10D7200043F02003D3600020704708B590F84230E2
:10D73000DBB2202B08D149B10AB9012008BD002372
:10D740000363FFF7D7FFF9E70220F7E70120F5E7CA
:10D7500010B5254B1B68984227D1244C2046FBF777
:10D7600075FA4FF4FA712046FBF734FB2046FBF7BD
:10D770008DFB80B24FF47A7303FB00F307EE903A0F
:10D78000F8EEE77A9FED1A7A67EE877A194B1B88D5
:10D79000ABB9A3687BB1B3F1807F22D0B3F1007F36
:10D7A00014BF40224FF4807207E00F4908600F4811
:10D7B000FBF770FBD1E74FF480520E4B1A800D4BF4
:10D7C0001B8806EE903AF8EEE66A87EEA67AFCEE43
:10D7D000C77A17EE903A9CB20448FBF7DBFA204672
:10D7E00010BD4FF48062E8E7C0000020141500204F
:10D7F00033335340601C002008B501F0E7F90520E1
:10D8000002F06EFA0020FFF7A3FF08BD00EB8000D6
:10D81000024B03EB8003187A704700BFD80000204A
:10D8200010B5174B9B89B3B1013B9BB2144A93814E
:10D8300023B1134B9B7BDBB1012410E0144611880C
:10D840005068FDF765F9637A834214BF0023012312
:10D8500023720123A3730A4B9B7B53B10024084B13
:10D8600000229A731B6913B1054A107A984704B1D4
:10D8700010BD044C2068FEF7C5FF00232371F7E7B5
:10D88000D8000020D0000020114B1B88834200D01C
:10D89000704710B50F4A10680D494B8903EB83039D
:10D8A0009B00C468B3FBF4F39BB2012B38BF012388
:10D8B0008B81137903B110BD144601231371FEF758
:10D8C000A1FF2068036800225A62FEF757FFF2E7C3
:10D8D000D8000020D0000020F0B583B004460D46EB
:10D8E00017461E460023ADF80430282002F0F8F950
:10D8F0003B881A0A8DF804208DF80530F3B201AA8E
:10D90000E9B2204600F0D0FA003818BF012003B079
:10D91000F0BDF0B583B005460E4614461F46002301
:10D92000ADF80430282002F0DBF9FBB201AAF1B215
:10D93000284600F08DFA38B99DF8053023709DF81F
:10D940000430637003B0F0BD0120FBE72DE9F04126
:10D9500088B005464FF00003012262F305138DF8ED
:10D960001D3003231C010A2161F303048DF81C40C0
:10D9700002262F248DF819401B010B2464F30303A6
:10D980008DF8183004238DF815304FF0000362F342
:10D9900087138DF814300423DC0063F302048DF840
:10D9A00011408F248DF8104038248DF80D400F243D
:10D9B0008DF80C403C248DF809409B4043F0030354
:10D9C0008DF808308DF805204FF0600361F30403F3
:10D9D0008DF804304FF40043ADF8003033466A460A
:10D9E0006021FFF779FF04460023ADF8003033468D
:10D9F0006A4631212846FFF76FFF0443E4B24CF238
:10DA0000DE03ADF8003033466A4631212846FFF781
:10DA100063FF0443E4B207264FF00208322743466F
:10DA20006A4639462846FFF774FF0443E4B2013ED4
:10DA3000B6B2002E00F0C880002C40F0C580BDF8C2
:10DA40000030002BEBD0022307AA90212846FFF7D5
:10DA500043FF002840F0B980022307AA90212846FE
:10DA6000FFF757FF002840F0B080022306AA91215B
:10DA70002846FFF731FF002840F0A780022306AABE
:10DA800091212846FFF745FF002840F09E800223A1
:10DA900005AA92212846FFF71FFF002840F0958035
:10DAA000022305AA92212846FFF733FF002840F001
:10DAB0008C80022304AA93212846FFF70DFF00283B
:10DAC00040F08380022304AA93212846FFF721FF18
:10DAD00000287AD1022303AA94212846FFF7FCFEEE
:10DAE000002872D1022303AA94212846FFF711FFD0
:10DAF00000286AD1022302AA95212846FFF7ECFEEE
:10DB0000002862D1022302AA95212846FFF701FFCF
:10DB100000285AD1022301AA96212846FFF7DCFEED
:10DB2000002852D1022301AA96212846FFF7F1FED0
:10DB300000284AD10623ADF8003002236A46352179
:10DB40002846FFF7C9FE044607264FF00208322791
:10DB500043466A4639462846FFF7DBFE0443E4B2F3
:10DB6000013EB6B276B36CBBBDF80030002BEFD0EF
:10DB70000223ADF800306A4635212846FFF7ACFE97
:10DB8000044607264FF00208322743466A463946C4
:10DB90002846FFF7BEFE0443E4B2013EB6B27EB1B2
:10DBA00074B9BDF80030002BEFD00023ADF802307F
:10DBB00002230DEB030260212846FFF78DFE04E0EF
:10DBC000012002E0012000E0012008B0BDE8F08162
:10DBD00010B582B004464FF6FF73ADF80630BDF8BD
:10DBE00004306FF30803ADF80430C3F3072303F0E8
:10DBF000810343F080038DF8053002230DF1060206
:10DC00000021FFF769FE08B102B010BD2046FFF702
:10DC10009DFE0028F8D1022301AA30212046FFF7FB
:10DC20005BFE0028F0D1024B01221A70ECE700BF26
:10DC3000621C00200F4B1B78D3B110B582B00C468C
:10DC40000023ADF80430022301AA0421FFF761FE8E
:10DC5000BDF80430C3F3090340F2FF3293420FBF13
:10DC6000002340F6B83253435B0A238002B010BD54
:10DC700005207047621C00200E4B1B78C3B110B505
:10DC800082B00C460023ADF80430022301AA3021F3
:10DC9000FFF73FFEBDF80430C3F30803642202FB24
:10DCA00003F3054AA2FB0323DB09238002B010BD66
:10DCB00005207047621C00201F85EB51007A7047D9
:10DCC00038B505460C4619B101290BD0012038BDE5
:10DCD00000224FF480510848FCF720FF00232B72EC
:10DCE0002046F4E701224FF480510348FCF716FF69
:10DCF00001232B720020EAE700040240194B1B7835
:10DD00005BB330B583B005460C468AB202F16403BA
:10DD10009BB2C82B23D80029BDBF524214B20121A7
:10DD20000021FFF7CDFF00238DF80530A40004F497
:10DD3000FE74BDF8043064F30803ADF80430C3F397
:10DD4000072343F080038DF80530022301AA302118
:10DD50002846FFF7C1FD03B030BD05207047012004
:10DD6000F9E700BF621C0020642804D8034B1B683D
:10DD70005863002070470120704700BF1C1B002023
:10DD800008B500210348FFF76BF83720FFF7ECFFD9
:10DD9000002008BD1C1B0020024B1B68586BC0B242
:10DDA000704700BF1C1B002010B504460A20FFF777
:10DDB000CFFC074A82FB0032C317C3EBE2039BB2DE
:10DDC000642B28BF6423C3F164032370002010BDBB
:10DDD000E1830F3E10B5044618B101280AD0012096
:10DDE00010BD0022084B1A7008210848FCF796FE67
:10DDF0002046F5E70122044B1A7008210348FCF77E
:10DE00008DFE0020ECE700BFEC000020000C02407B
:10DE1000014B1878704700BFEC00002008B50B20BC
:10DE2000FFF796FC07EE900AF8EE677A9FED067A08
:10DE300067EE877ADFED056A87EEA67AFDEEC77A90
:10DE400017EE903A18B208BDCDCC4C3D8FC2753C50
:10DE500070B584B0044616461D468DF80C10642338
:10DE60000093012303AA01784068FDF791F8022886
:10DE70000ED0B8B9642300932B46324621786068EF
:10DE8000FDF78AF9003818BF0120800004B070BD8A
:10DE9000606890F83C300BB10420F7E7FCF7B6FF60
:10DEA0000420F3E70420F1E7F0B583B002AF0446A5
:10DEB000084611461A465E1C083303F4FC73ADEBAA
:10DEC000030D02AD8DF808000DF1090004F083FA8E
:10DED0006423009333462A4621786068FDF758F89A
:10DEE000022818BF002002D00437BD46F0BD60688C
:10DEF000FCF78CFF0120F7E710B5054C2046FEF734
:10DF000081FC236800225A622046FEF737FC10BDD0
:10DF1000FC19002010B5074C2046FEF773FC0022C8
:10DF20004FF400710448FCF7F9FD2046FEF76AFC47
:10DF3000002010BDFC190020000C024038B5A0F5EF
:10DF4000AF639BB241F2EC32934223D80446A0F572
:10DF5000AF6307EE103AB8EEC77ADFED147A27EE1A
:10DF6000277ADFED136AC7EE267A9FED127A77EEF5
:10DF7000877A1148B6EE007A67EE877AFCEEE77A88
:10DF800017EE903A9BB2C360FEF798FD054638B194
:10DF9000012503E00848FEF735FC0125284638BD79
:10DFA000064B1C80FFF7A8FFF8E700BF00EC9CC6FB
:10DFB00000609F450052C846FC190020641C0020E8
:10DFC000014B1888704700BF641C002008B506206C
:10DFD000FFF712FC07EE900AF8EE677A9FED067ADB
:10DFE00067EE877ADFED056A87EEA67AFDEEC77ADF
:10DFF00017EE903A18B208BDCDCC4C3D8FC2753C9F
:10E0000008B54FF400410248FCF78EFD08BD00BF83
:10E010000004024008B50248FEF7F4FB08BD00BF4B
:10E02000641B002070B50546074C23686FF001069D
:10E030001E612046FEF7E6FB23685D621E612046F6
:10E04000FEF79CFB70BD00BF641B002010B51A4C8E
:10E0500001224FF400412046FCF760FD4FF4FA70B6
:10E06000FAF70CFD00224FF400412046FCF756FD64
:10E07000A4F5406401224FF480612046FCF74EFD78
:10E080004FF4FA70FAF7FAFC00224FF48061204650
:10E09000FCF744FD01224FF400612046FCF73EFDF1
:10E0A0004FF4FA70FAF7EAFC00224FF400612046C0
:10E0B000FCF734FD002010BD00100240014B1B682E
:10E0C00018787047681C002008B5084B1B684BB1D6
:10E0D00099889868FCF728FD044B1B68D889FFF7DE
:10E0E000A1FF08BDFFF796FFFBE700BF681C0020FB
:10E0F00008B500224FF400410148FCF70FFD08BDB0
:10E100000010024008B500224FF400610148FCF7FE
:10E1100005FD08BD0004024008B500224FF48061EF
:10E120000148FCF7FBFC08BD0004024008B5FFF7FE
:10E13000DFFFFFF7E7FFFFF7EFFF08BD05283CD83B
:10E1400010B51F4B03EB00131E4A13601B7B03F03B
:10E15000FE02012B10D9C82A1AD0FFF7E7FF194C8D
:10E160002368012299889868FCF7D8FC23681B7BF8
:10E17000C72B1AD9012010BD114B03EB001300224D
:10E1800099889868FCF7CAFCFFF744FF0020F2E783
:10E19000FFF7CCFF0B4B1B68012299889868FCF7AE
:10E1A000BDFCFFF737FF0020E5E7FFF733FF2368EB
:10E1B000D889FFF737FF0020DDE70120704700BF57
:10E1C00004530108681C002008B50020FFF7B6FFC3
:10E1D00008BD000030B583B08DF807000B4D01225B
:10E1E0004FF400512846FCF799FC01220DF107017C
:10E1F000002000F0DFFB044600224FF400512846C7
:10E20000FCF78CFC204603B030BD00BF001002407C
:10E2100010B582B08DF80710400000F01E0040F0ED
:10E220008100FFF7D7FF044601220DF1070100200E
:10E2300000F0C0FB2043C0B202B010BD38B50D469F
:10E24000400000F01E0040F00100FFF7C3FF04464D
:10E2500001222946002000F099FB2043C0B238BDBE
:10E2600010B582B08DF804100B0A8DF805300B0C38
:10E270008DF80630090E8DF80710400000F01E00E2
:10E2800040F08000FFF7A6FF044604220DEB0201D8
:10E29000002000F08FFB2043C0B202B010BD70B56B
:10E2A00082B00D4600260196400000F01E00FFF7E8
:10E2B00091FF044604220DEB0201304600F066FB9C
:10E2C0009DF804209DF805301B0443EA02639DF885
:10E2D000072013439DF8062043EA02232B602043C6
:10E2E000C0B202B070BD000008B501224FF4006159
:10E2F0000148FCF713FC08BD0010024008B50022DD
:10E300004FF400610148FCF709FC08BD0010024011
:10E3100000B583B0FFF7F2FF642001F0E1FCFFF7E6
:10E32000E3FF642001F0DCFC21490020FFF798FFA7
:10E3300010B103B05DF804FB1E490120FFF790FF08
:10E340000028F6D14FF0FC410220FFF789FF00289A
:10E35000EFD14FF0FC410320FFF782FF0028E8D106
:10E360004FF0FC410420FFF77BFF0028E1D14FF084
:10E37000FC410520FFF774FF0028DAD14FF0FC4183
:10E380000620FFF76DFF0028D3D14FF0FC41072096
:10E39000FFF766FF0028CCD14FF0FC410820FFF7C3
:10E3A0005FFF0028C5D101A90020FFF778FFC0E773
:10E3B000010004004000007E072820D8F0B583B09B
:10E3C00007460C4601291CD800268DF807600DF180
:10E3D00007013046FFF732FF05460123BB409DF899
:10E3E000071021EA0301BC402143C9B28DF8071090
:10E3F0003046FFF70DFF2843C0B203B0F0BDFF2049
:10E400007047FF20F9E710B582B004460DF107010F
:10E410000020FFF713FF9DF8073043FA04F000F0E7
:10E42000010002B010BD00002DE9704382B0064625
:10E430000C460023ADF80430022201A9007800F058
:10E44000A5FA002840F08C8005469DF80420D300F2
:10E4500003F47E739DF8051043EA511312F0800F08
:10E460001CBFA3F580639BB218B207EE900AF8EECA
:10E47000E77A17EE900AF2F777F83CA3D3E9002386
:10E48000F2F7CAF83BA3D3E90023F1F70FFFF2F745
:10E490007DFBF2F769F802460B4600203249F2F79D
:10E4A000E5F90022304BF1F7FFFE8046894670689F
:10E4B000F2F75AF802460B4640464946F2F7ACF8E6
:10E4C000F2F764FB07EE900AFCEEE77A17EE90CACB
:10E4D000B66873689C4513D93188012909D901238D
:10E4E000301D50F83320944514D901339AB291422B
:10E4F000F7D806EBC103D3ED007AF8EEE77A03E034
:10E50000D6ED027AF8EEE77AC4ED007A284602B03A
:10E51000BDE87083DBB206EBC302D2ED027AF8EEFF
:10E52000E77A92ED017AB8EE477A92ED006AB8EE9A
:10E53000C66A37EEC66A52ED016AF8EE666A77EE91
:10E54000666AC6EE265A27EE257A37EEC77A07EEB8
:10E5500090CAF8EE677A67EEA57A77EE277AD3E766
:10E560000325D3E7AFF300800000F03F94F6065F89
:10E57000984C553F3411363CBD52C63F10B582B061
:10E580000C46022301AA0021FFF762FCC8B99DF8DE
:10E5900004309DF8052007EE902AFBEECE7A07EEB8
:10E5A000103AB8EE477AF3EE006A27EE267A77EE55
:10E5B000877A13F0800F06D09FED057A77EEC77A41
:10E5C00001E0DFED047AC4ED007A02B010BD00BFB7
:10E5D00000008045FFFF7F7F38B50446012300F12E
:10E5E00008020621FFF760FC08B1012038BD04F1E4
:10E5F000090501232A4608212046FFF755FC08B1EA
:10E600000120F3E701232A4609212046FFF74CFCAD
:10E6100008B10120EAE701232A460A212046FFF734
:10E6200043FC08B10120E1E701232A460B212046E3
:10E63000FFF73AFC003818BF0120D7E730B583B0A8
:10E64000044643899B009AB21BB2002B11DBC3F333
:10E6500087139200D2B28DF804308DF80520022382
:10E6600001AA10212046FFF71FFC58B1012003B07A
:10E6700030BD5B42C3F3871343F0800352429200E4
:10E68000D2B2E8E7022301AA11212046FFF70CFCD1
:10E6900008B10120EBE7022301AA12212046FFF76F
:10E6A00003FC08B10120E2E7022301AA132120465E
:10E6B000FFF7FAFB08B10120D9E704F10C050123AB
:10E6C0002A460C212046FFF7EFFB08B10120CEE7D8
:10E6D00001232A460D212046FFF7E6FB08B1012061
:10E6E000C5E701232A460E212046FFF7DDFB08B1CE
:10E6F0000120BCE701232A460F212046FFF7D4FB67
:10E70000003818BF0120B2E710B50446037A03F0C1
:10E7100080036FF3C7130372437A03F0E50343F0FA
:10E72000850343724123438105230373FFF786FF6B
:10E7300008B1012010BD2046FFF74EFF003818BF7A
:10E740000120F7E708B50246802300210148FFF7C2
:10E750007FFB08BDEC53010800B5A1B06846FFF788
:10E76000F1FF21B05DF804FB08B50B46014311F041
:10E77000800F04D101460348FFF76AFB08BD012062
:10E78000FCE700BFEC53010810F0800F07D108B57B
:10E790000A46012301460348FFF75AFB08BD012042
:10E7A000704700BFEC53010800B583B08DF8071027
:10E7B00010F0800F09D101230DF107020146044832
:10E7C000FFF772FB03B05DF804FB0120FAE700BF1E
:10E7D000EC53010808B50B46014311F0800F04D13A
:10E7E00001460348FFF760FB08BD0120FCE700BFBE
:10E7F000EC53010810B504460D20FEF7A9FF63286D
:10E8000017D907EE900AF8EE677A9FED0B7A67EE5C
:10E81000877A9FED0A7A77EEC77A9FED097A67EEDD
:10E82000877AFDEEE77A17EE903A1BB2002023803C
:10E8300010BD00230120FAE7AF94193D68C6474197
:10E840000000C84208B501224FF400510448FCF70B
:10E8500065F9642001F044FA0248FFF7B9F908BDF0
:10E8600000040240F000002008B501460148FFF70F
:10E8700045FA08BDF000002000B583B00DF1060197
:10E880000C48FFF7F9F920B14FF0FF3003B05DF805
:10E8900004FB0848FFF712FA10B9BDF90600F5E7C6
:10E8A0000448FFF70BFA0128F0D1BDF806004042FA
:10E8B00000B2EBE7F000002000B583B00DF10601D7
:10E8C0000548FFF7B7F920B9BDF9060003B05DF8B8
:10E8D00004FBFF20FAE700BFF000002010B504465B
:10E8E0000A4B53F82000FEF733FF07EE900AF8EECC
:10E8F000677A074B03EB840393ED007A67EE877A20
:10E90000FDEEE77A17EE903A18B210BDF453010805
:10E910001454010810B504460A4B53F82000FEF7C2
:10E9200017FF07EE900AF8EE677A074B03EB8403B4
:10E9300093ED007A67EE877AFDEEE77A17EE903A6C
:10E9400018B210BD045401082454010808B500226F
:10E95000044B33F81010044B53F82000FCF7DEF89A
:10E9600008BD00BF585401084454010808B50122ED
:10E97000044B33F81010044B53F82000FCF7CEF88A
:10E9800008BD00BF585401084454010870B505463D
:10E990000C461646FFF7DAFF642332462146044848
:10E9A000FDF78BFD04462846FFF7E0FF204670BDCB
:10E9B000C818002070B505460C461646FFF7C6FF7E
:10E9C0006423324621460448FDF775FB0446284679
:10E9D000FFF7CCFF204670BDC818002008B50428FA
:10E9E00018D8DFE800F003070B0F13000A48FFF701
:10E9F000C5FD08BD0948FFF717FDFAE70848FFF70E
:10EA000013FDF6E70748FFF70FFDF2E7064800F0B1
:10EA1000BFF8EEE70020ECE7380100202C010020D1
:10EA20002001002014010020FC00002008B504484B
:10EA3000FFF76AFE034800F079F8002008BD00BF28
:10EA400038010020FC00002010B582B00C460023E5
:10EA5000019301A9FFF7C2FF9DED017AF2EE027A60
:10EA600027EE277AF1EE046AC7EE267A9FED077A41
:10EA700077EE877A9FED067A67EE877AFDEEE77A82
:10EA800017EE903A238002B010BD00BF0000004294
:10EA90000000C84208B5FFF7D7FF08BD08B50B4B0B
:10EAA0001B680B48984760B90A4B1B680848984791
:10EAB00048B9094B1B6806489847003818BF012021
:10EAC00008BD0120FCE70120FAE700BFA8000020F4
:10EAD0006C1C0020840000206000002008B5014666
:10EAE0000348F9F783FC003818BF012008BD00BFB8
:10EAF0006C1C002008B501460348F9F7B1FD003849
:10EB000018BF012008BD00BF6C1C002008B5DBB297
:10EB10000148FFF79DF908BD6454010808B5DBB250
:10EB20000148FFF7C1F908BD6454010810B5044657
:10EB3000037A03F0F8036FF3C4030372427A02F01E
:10EB4000EF02022363F3871242724FF4C8624281DC
:10EB50004FF4B462828100F108020121FFF7A4F9A9
:10EB600008B1012010BD022304F10A021946204613
:10EB7000FFF79AF908B10120F4E7022304F10C022F
:10EB800003212046FFF790F9003818BF0120E9E77C
:10EB900010B582B00C46022301AA0021FFF758F9F4
:10EBA00070B99DF804209DF805301B0903EB021392
:10EBB00007EE903AFAEECE7AC4ED007A02B010BDBC
:10EBC000DFED017AF8E700BFFFFF7F7F082801D95A
:10EBD0000120704738B504460B4D00F001024FF498
:10EBE00080712846FBF79AFFC4F340024FF400718E
:10EBF0002846FBF793FFC4F380024FF48061284658
:10EC0000FBF78CFF002038BD0010024038B5084CDF
:10EC100023686FF001051D612046FDF7F3FD2368B1
:10EC200000225A621D612046FDF7A8FD38BD00BFD5
:10EC30008C1A002010B5074B00EB400203EBC20218
:10EC4000918994681346012221445868FEF76DFDAE
:10EC500010BD00BF4801002008B500EB4000044B88
:10EC600003EBC0004FF0FF334068FEF7DCFA08BD4D
:10EC70004801002070B50C48FDF7C4FD0B4E356A05
:10EC8000B38C0024EC544FF400722146284603F064
:10EC9000AAFAB4842346224629460548006800F0B3
:10ECA0006DFB044B1C7070BD8C1A002048010020C5
:10ECB00074050020AC1C002038B5334B9C8CE2B2AC
:10ECC000324B1B78012B1ED0022B38D01BB10120F8
:10ECD000FFF7B0FF38BD2C4B1B6A9B5CAA2B03D0FF
:10ECE000294B00229A84F2E7FFF790FF274B01227D
:10ECF0001A700023264A1360264A1360E4B20134D6
:10ED0000214B9C84E3E722491F4B1B6A9B5C214DEE
:10ED10002A68D20093400A6813430B60FFF776FF1E
:10ED20002B6801332B60032B04D9184B02221A7075
:10ED300000222A60E4B20134134B9C84C7E7FFF73A
:10ED400065FF144A136801331360114A1268934235
:10ED500004D0E4B201340C4B9C84B8E700240B4B84
:10ED60001C700D48FDF74EFD074D23462246296ACB
:10ED70000A48006800F002FB4FF400722146286A3E
:10ED800003F031FAAC84A2E748010020AC1C00205B
:10ED9000A81C0020A41C00208C1A00207405002050
:10EDA00008B500EB4000034B03EBC0035868FEF7C7
:10EDB0009BFC08BD4801002008B5064B5B688342F8
:10EDC00003D0044BDB69834200D008BD0120FFF76C
:10EDD00073FFFAE748010020704708B5FFF798FA7B
:10EDE00008BD08B501280CBF0346FF23022808BF51
:10EDF0000346032808BF0346002814BF1846042012
:10EE0000FFF7DAFA08BD08B501280CBF0346FF2357
:10EE1000022808BF0346032808BF0346002814BF82
:10EE200018460420FFF7EFFA08BD000008B50328D4
:10EE300026D8DFE800F00213191F0520FEF7DCFCDE
:10EE400007EE900AF8EE677A9FED0F7A67EE877A01
:10EE5000FDEEE77A17EE903A18B208BD0220FEF7F1
:10EE6000CBFC07EE900AEDE70120FEF7C5FC07EEAC
:10EE7000900AE7E70020FEF7BFFC07EE900AE1E703
:10EE8000DFED027ADEE700BFD93DF93D000000006A
:10EE900000F1080343604FF0FF328260C3600361FA
:10EEA00000230360704700230361704743684B6091
:10EEB0009A688A6051609960086103680133036051
:10EEC000704730B40D68B5F1FF3F11D000F1080371
:10EED0001C465B681A68AA42FAD963684B6099605D
:10EEE0008C606160086103680133036030BC704767
:10EEF0000469F2E70369416882688A604168516089
:10EF00005A68824204BF82685A60002202611A680D
:10EF1000013A1A601868704710B5044601F0DAF833
:10EF2000A46B01F0F9F8B4FA84F0400910BD70B593
:10EF300004461546866B026C5AB903681BB1002063
:10EF40000136A66370BD806801F000F80023A3605D
:10EF5000F6E76DB9406803F03EFA6368226C13442B
:10EF60006360A268934219D3236863602846E7E789
:10EF7000C06803F030FA226C5142E3689B1AE360E8
:10EF80002268934202D2A3680B44E360022D01D0B1
:10EF90000020D5E726B1013E0020D1E72846CFE783
:10EFA0000020CDE770B582B00190846C64B1A26B93
:10EFB000E36B9A4211D34FF0500383F31188BFF3F0
:10EFC0006F8FBFF34F8FFEE74FF0500383F311882D
:10EFD000BFF36F8FBFF34F8FFEE7A26B934203D84F
:10EFE0000025284602B070BD94F8456076B2002234
:10EFF00001A92046FFF79BFF0546B6F1FF3F04D06D
:10F00000731C5BB284F84530EBE7636A002BE8D0F1
:10F0100004F1240000F0F2FE002818BF0125E0E70B
:10F020000346026C6AB110B50846D9681144D9602C
:10F030009C68A14224BF1968D960D96803F0CBF954
:10F0400010BD704770B5054601F044F895F845408D
:10F0500064B2002C19DD05F1240608E06B6AA3B147
:10F06000304600F0CBFE68B9013C64B26CB1AB6CC9
:10F07000002BF3D02846FFF795FF0028F4D000F0CE
:10F080004FFFF1E700F04CFFEEE7FF2385F8453036
:10F0900001F042F801F01EF895F8444064B2002CEB
:10F0A0000FDD05F1100602E0013C64B24CB12B69A2
:10F0B0003BB1304600F0A2FE0028F5D000F030FF52
:10F0C000F2E7FF2385F8443001F026F870BD38B52B
:10F0D000E0B10D46044600F0FDFF2268216CE36BB1
:10F0E00001FB03F3D018A0600020A06362605B1AEC
:10F0F0001A44E260FF2384F8443084F84530FDB9B7
:10F10000236963B901F008F8012038BD4FF05003BE
:10F1100083F31188BFF36F8FBFF34F8FFEE704F1C6
:10F12000100000F06BFE0028ECD04FF0E0234FF011
:10F130008052C3F8042DBFF34F8FBFF36F8FE1E709
:10F1400004F11000FFF7A4FE04F12400FFF7A0FE75
:10F15000D8E740B94FF0500383F31188BFF36F8FA6
:10F16000BFF34F8FFEE770B50C46064601FB00F07B
:10F170004C3001F035F9054670B1002380F8463077
:10F1800064B100F14C032B60EE632C64012128462E
:10F19000FFF79DFF0023AB64284670BD0346F2E7EE
:10F1A0002DE9F04385B0019288B10E461D46044614
:10F1B000B1B1022D20D1E36B012B1DD04FF05003D4
:10F1C00083F31188BFF36F8FBFF34F8FFEE74FF0CC
:10F1D000500383F31188BFF36F8FBFF34F8FFEE7A8
:10F1E000036C002BE5D04FF0500383F31188BFF37D
:10F1F0006F8FBFF34F8FFEE700F098FE804650B947
:10F20000019B53B14FF0500383F31188BFF36F8F0D
:10F21000BFF34F8FFEE74FF0000800274DE0A76BCC
:10F220002A4631462046FFF782FEA36CB3B1022D79
:10F2300000F0A0802046FFF7B5FE48B14FF0E02374
:10F240004FF08052C3F8042DBFF34F8FBFF36F8F81
:10F2500000F062FF012005B0BDE8F083636A63B986
:10F260000028F5D04FF0E0234FF08052C3F8042D72
:10F27000BFF34F8FBFF36F8FEAE704F1240000F074
:10F28000BDFD0028E4D04FF0E0234FF08052C3F8DA
:10F29000042DBFF34F8FBFF36F8FD9E700F03CFF12
:10F2A0000020D8E702A800F0EDFD14E02046FFF7AB
:10F2B000C9FE00F095FC4FF0010800F00BFFA26BB7
:10F2C000E36B9A42ABD3022D4AD0019B002BE5D0D1
:10F2D000B8F1000FE6D000F01FFF00F0DDFB00F0FA
:10F2E000F9FE94F8442052B2B2F1FF3F08BF84F80F
:10F2F000447094F8452052B2B2F1FF3F08BF84F841
:10F30000457000F009FF01A902A800F0C7FD00BB8D
:10F3100000F0E0FED4F83890D4F83C8000F0FCFE19
:10F32000C145C3D1019904F1100000F04FFD204602
:10F33000FFF788FE00F054FC0028BCD14FF0E0231A
:10F340004FF08052C3F8042DBFF34F8FBFF36F8F80
:10F35000B1E72046FFF776FE00F042FC00207AE796
:10F36000A76B2A4631462046FFF7E1FDA36C002B30
:10F370003FF474AF002F7FF46BAF5BE7A0B12DE9D2
:10F38000F0470F4616461C460546B1B1022C20D167
:10F39000EB6B012B1DD04FF0500383F31188BFF3AB
:10F3A0006F8FBFF34F8FFEE74FF0500383F3118849
:10F3B000BFF36F8FBFF34F8FFEE7036C002BE5D0D9
:10F3C0004FF0500383F31188BFF36F8FBFF34F8F5C
:10F3D000FEE700F0A7FFEFF311884FF0500383F32F
:10F3E0001188BFF36F8FBFF34F8FAA6BEB6B9A42FD
:10F3F00006D3022C04D0002088F31188BDE8F087E2
:10F4000095F845904FFA89F9D5F838A02246394643
:10F410002846FFF78CFDB9F1FF3F06D009F1010343
:10F420005BB285F845300120E6E7AB6C63B1022C96
:10F4300002D1BAF1000F14D12846FFF7B3FD90B105
:10F440009EB101203060D7E76B6A0BB90120D3E78A
:10F4500005F1240000F0D2FC48B156B10120306023
:10F46000CAE70120C8E70120C6E70120C4E7012060
:10F47000C2E70120C0E72DE9F04184B0019288B1D4
:10F480000E460446B9B100F051FD8046F8B9019B23
:10F49000FBB14FF0500383F31188BFF36F8FBFF3BD
:10F4A0004F8FFEE74FF0500383F31188BFF36F8F48
:10F4B000BFF34F8FFEE7036C002BE4D04FF05003F7
:10F4C00083F31188BFF36F8FBFF34F8FFEE74FF0C9
:10F4D0000008002738E031462046FFF7A1FD013D36
:10F4E000A56323692BB900F017FE012004B0BDE825
:10F4F000F08104F1100000F081FC0028F3D04FF0FF
:10F50000E0234FF08052C3F8042DBFF34F8FBFF3B9
:10F510006F8FE8E700F000FE0020E7E702A800F0A8
:10F52000B1FC1CE02046FFF78DFD00F059FB09E01F
:10F530002046FFF787FD00F053FB2046FFF7ECFC69
:10F54000002846D14FF0010800F0C4FDA56B002D46
:10F55000C1D1019B002BDDD0B8F1000FDED000F04F
:10F56000DBFD00F099FA00F0B5FD94F844305BB291
:10F57000B3F1FF3F08BF84F8447094F845305BB2A4
:10F58000B3F1FF3F08BF84F8457000F0C5FD01A945
:10F5900002A800F083FC0028CAD12046FFF7BCFC7B
:10F5A0000028BFD0019904F1240000F00FFC204690
:10F5B000FFF748FD00F014FB0028C3D14FF0E02313
:10F5C0004FF08052C3F8042DBFF34F8FBFF36F8FFE
:10F5D000B8E700208AE708B500220421FFF7B9FD4B
:10F5E00008BD38B504460D4600F074FDA36C23B188
:10F5F000002400F091FD204638BDA36B13B9A5642B
:10F600000124F6E70024F4E700B583B00A4600239E
:10F61000019301A9FFF72FFF019803B05DF804FBE8
:10F62000084B1B681B6823B9074B4FF0FF321A6069
:10F630007047044B1B68DB68DB685A68024B1A6032
:10F64000704700BF1C240020B42300202DE9F047A0
:10F6500006461F46DDF824800A9C02F18042013AEA
:10F66000256B05EB820525F00705002943D00B46E5
:10F6700001F1FF3C04F1330E0F331CF8012F0EF89B
:10F68000012F0AB19C45F8D1002384F84330089B30
:10F69000062B28BF06239946E36263644FF0000AF5
:10F6A000C4F848A0201DFFF7FEFB04F11800FFF787
:10F6B000FAFB2461C9F10703A3616462C4F898A04E
:10F6C00084F89CA04C225146A01802F08CFD0C4BF3
:10F6D000236503F168026265D033A3653A4631467B
:10F6E000284600F0C9FC2060B8F1000F01D0C8F82E
:10F6F0000040BDE8F087002384F83430C7E700BF3E
:10F700000061002070B5044600F0E4FC2F4A136845
:10F71000013313602E4B1B68002B33D02D4B1B681D
:10F720003BB92B4B1B68DA6AE36A9A429CBF284BB1
:10F730001C60294A136801331360E06A274A116884
:10F74000012383400B43136000EB8000211D244BF9
:10F7500003EB8000FFF7AAFB00F0DEFC1D4B1B68EB
:10F760007BB11B4B1B68DA6AE36A9A4209D24FF0FD
:10F77000E0234FF08052C3F8042DBFF34F8FBFF347
:10F780006F8F70BD124B1C601368012BD1D1144DCB
:10F7900005F18C062846FFF77BFB1435B542F9D1FD
:10F7A000104E3046FFF774FB0F4D2846FFF770FBF5
:10F7B0000E48FFF76DFB0E48FFF76AFB0D48FFF799
:10F7C00067FB0D4B1E600D4B1D60B2E7D42300207C
:10F7D000D4240020C8230020B8230020CC230020FC
:10F7E0004824002034240020202400200424002069
:10F7F000F0230020D82300201C24002018240020FF
:10F8000010B504464C3002F02DFD94F89D3063B1E4
:10F81000012B11D0022B0ED04FF0500383F311882F
:10F82000BFF36F8FBFF34F8FFEE7206B00F074FEC6
:10F83000204600F071FE10BD204600F06DFEFAE794
:10F8400080B5154C154F164EDFF858802368A3B1CC
:10F8500000F040FCFB68DD68281DFFF74BFB3368B8
:10F86000013B33602368013B236000F055FC2846D0
:10F87000FFF7C6FF2368002BEAD1D8F80030012B30
:10F88000E4D94FF0E0234FF08052C3F8042DBFF3CA
:10F890004F8FBFF36F8FD9E7EC230020F0230020B8
:10F8A000D42300204824002070B504460D461D4B8B
:10F8B0001E681D4B18680430FFF71CFB48B91A4B33
:10F8C0001A681A490B68D06A0122824023EA0203AF
:10F8D0000B60B4F1FF3F0DD03444134B1B685C60E8
:10F8E000A64210D9124B18680F4B19680431FFF764
:10F8F000E8FA70BD002DEFD00B4B196804310D48AC
:10F90000FFF7D4FAF5E70C4B1868074B1968043178
:10F91000FFF7D7FA094B1B68A34284BF074B1C6053
:10F92000E7E700BFD0230020D4240020CC23002010
:10F9300018240020D82300201C240020B4230020F9
:10F9400030B587B00B9C7CB10C9DB5B1A02504955A
:10F95000049DA02D1AD04FF0500383F31188BFF3FC
:10F960006F8FBFF34F8FFEE74FF0500383F3118883
:10F97000BFF36F8FBFF34F8FFEE74FF0500383F35A
:10F980001188BFF36F8FBFF34F8FFEE7049D0C9D6F
:10F990002C63022485F89D4000240394029505AC55
:10F9A00001940A9C0094FFF751FE0C98FFF7AAFE01
:10F9B000059807B030BD2DE9F04385B0074688466D
:10F9C00014461E46900000F00BFD08B38146A020AF
:10F9D00000F006FD0546A8B1C0F83090002380F87D
:10F9E0009D30039302900D9B01930C9B0093334633
:10F9F000224641463846FFF729FE2846FFF782FE99
:10FA0000012007E0484600F087FD4FF0FF3001E09D
:10FA10004FF0FF3005B0BDE8F083000010B588B0AE
:10FA200000240594069407AA06A905A8F7F704FB85
:10FA3000059B0293069B019300942346079A0F4966
:10FA40000F48FFF77DFFB8B14FF0500383F31188E3
:10FA5000BFF36F8FBFF34F8F0A4B1B684C330A4ABB
:10FA600013600A4B4FF0FF321A60094B01221A60F3
:10FA7000084B1C6000F0C8FB08B010BD6C540108B6
:10FA800041F80008D424002024030020B4230020DF
:10FA9000C8230020D0230020024A136801331360DA
:10FAA000704700BFB02300202DE9F047414B1B6891
:10FAB000002B76D1404B1E6801361E60C6B93F4B05
:10FAC0001B681B6843B14FF0500383F31188BFF3E9
:10FAD0006F8FBFF34F8FFEE7384A1168384B1868B5
:10FAE00010601960374A136801331360FFF798FDFF
:10FAF000354B1B68B34242D8304B1B681B683BB187
:10FB00000025DFF8B880DFF8D490DFF8C4A023E048
:10FB100000252D4B4FF0FF321A6031E02A4A136066
:10FB20002EE0E06AD9F80020012383401343C9F88E
:10FB3000003000EB800039460AEB8000FFF7B6F991
:10FB4000224B1B68E26ADB6A9A4228BF0125D8F87B
:10FB500000301B68002BDCD0D8F80030DB68DC6894
:10FB600063689E42DAD3271D3846FFF7C3F9A36ABC
:10FB7000002BD6D004F11800FFF7BCF9D1E700251F
:10FB8000124B1B68DB6A03EB83039B00104AD358BC
:10FB9000022B28BF01250F4B1B68002B18BF012526
:10FBA00004E00D4A13680133136000252846BDE8C0
:10FBB000F08700BFB0230020D02300201C240020A9
:10FBC00018240020BC230020B4230020D4240020CB
:10FBD00048240020C0230020C4230020CC23002080
:10FBE000374B1B6843B94FF0500383F31188BFF3C1
:10FBF0006F8FBFF34F8FFEE72DE9F04100F06AFAF7
:10FC00002F4B1A68013A1A601B68002B50D12D4BFC
:10FC10001B68002B52D02C4B1B684BB32A4F2B4E2A
:10FC2000DFF8B88001E03B6803B3FB68DC6804F1EF
:10FC30001800FFF75FF9251D2846FFF75BF9E06A1A
:10FC40003268012383401343336000EB8000294670
:10FC500008EB8000FFF72AF91D4B1B68E26ADB6A9C
:10FC60009A42E0D31B4B01221A60DCE7FFF7D8FC75
:10FC7000194B1C686CB1174E012501E0013C05D001
:10FC8000FFF712FF0028F9D03560F7E7124B00228A
:10FC90001A60104B1C6864B14FF0E0234FF08052A3
:10FCA000C3F8042DBFF34F8FBFF36F8F012400E023
:10FCB000002400F031FA2046BDE8F0810024F8E786
:10FCC000B0230020D423002004240020CC230020D3
:10FCD000D4240020C0230020C42300204824002076
:10FCE00010B5A8B10446104B1B6843B14FF0500348
:10FCF00083F31188BFF36F8FBFF34F8FFEE7FFF7DA
:10FD0000CBFE00212046FFF7CFFDFFF769FF48B982
:10FD10004FF0E0234FF08052C3F8042DBFF34F8F14
:10FD2000BFF36F8F10BD00BFB0230020214B1B68B5
:10FD30001BB1214B01221A6070471F4B00221A6031
:10FD40001E4B1B68B3FA83F3DBB2C3F11F0303EB53
:10FD5000830292001A498A5842B94FF0500383F344
:10FD60001188BFF36F8FBFF34F8FFEE7144A03EB89
:10FD7000830102EB810148684068486003EB83011E
:10FD800002EB8102083290420DD003EB83030C4A50
:10FD900002EB83035B68DA680A4B1A601B684C331A
:10FDA000094A136070474068054A02EB81025060BF
:10FDB000EBE700BFB0230020C0230020CC230020AD
:10FDC00048240020D42400202403002058B110B57A
:10FDD0000C46094A11681831FFF773F801212046D3
:10FDE000FFF762FD10BD4FF0500383F31188BFF39E
:10FDF0006F8FBFF34F8FFEE7D424002038B5C36860
:10FE0000DC682CB304F118052846FFF773F8174B8C
:10FE10001B6833BB251D2846FFF76CF8E06A144ABF
:10FE20001168012383400B43136000EB80002946D7
:10FE3000104B03EB8000FFF739F80F4B1B68E26AA9
:10FE4000DB6A9A4283BF01200C4B1860002038BD4A
:10FE50004FF0500383F31188BFF36F8FBFF34F8FC1
:10FE6000FEE729460648FFF721F8E6E7B023002021
:10FE7000CC23002048240020D4240020C0230020CC
:10FE800004240020034B1B680360034B1B68436082
:10FE9000704700BFBC230020D0230020D0B170B534
:10FEA0000C460546F9B100F015F91B4B1A6823689A
:10FEB000B3F1FF3F28D06968184800682E68864271
:10FEC00001D0914225D9501A834215D800232360CE
:10FED00001241AE04FF0500383F31188BFF36F8FB2
:10FEE000BFF34F8FFEE74FF0500383F31188BFF34A
:10FEF0006F8FBFF34F8FFEE79B1A0B44236028469A
:10FF0000FFF7C0FF002400E0002400F005F92046C0
:10FF100070BD0124F9E700BFD0230020BC230020DE
:10FF2000014B01221A607047C0230020054B1B685B
:10FF300033B1054B1868B0FA80F0400940007047B3
:10FF400001207047C8230020B023002000284BD098
:10FF500038B50446264B1B68834208D04FF0500347
:10FF600083F31188BFF36F8FBFF34F8FFEE7836C6E
:10FF700043B94FF0500383F31188BFF36F8FBFF382
:10FF80004F8FFEE7013B8364C16A426C91422DD0E2
:10FF90000BB1002038BD051D2846FEF7ABFF68B940
:10FFA000E16A01EB81039B00124AD35833B912482E
:10FFB000036801228A4023EA02030360606CE06266
:10FFC000C0F10703A3610C4A1168012404FA00F38D
:10FFD0000B43136000EB80002946064B03EB8000C7
:10FFE000FEF764FF2046D5E7002070470020D1E7E8
:10FFF000D424002048240020CC23002082B00023F9
:020000040801F1
:1000000001930D4B1B68B3F1FF3F08D04FF0500335
:1000100083F31188BFF36F8FBFF34F8FFEE74FF06D
:10002000500383F31188BFF36F8FBFF34F8F019B92
:10003000002BFCD002B07047A801002008480068DF
:10004000006880F308884FF0000080F3148862B6DF
:1000500061B6BFF34F8FBFF36F8F00DF00BF0000AB
:1000600008ED00E0DFF80C00016841F47001016068
:100070007047000088ED00E04FF0807340F8043CCA
:1000800021F0010140F8081C054B40F80C3C40F8F9
:10009000202C6FF0020340F8243C4438704700BF26
:1000A000FDFF00080000000000000000000000004C
:1000B000074B19680868B0E8F04F80F30988BFF370
:1000C0006F8F4FF0000080F311887047AFF300800E
:1000D000D42400204FF0500383F31188BFF36F8FB7
:1000E000BFF34F8F0B4A136801331360012B00D00D
:1000F00070474FF0E023D3F8043D13F0FF0FF7D023
:100100004FF0500383F31188BFF36F8FBFF34F8F0E
:10011000FEE700BFA8010020094B1B6843B94FF060
:10012000500383F31188BFF36F8FBFF34F8FFEE748
:10013000013B034A13600BB983F31188704700BF7A
:10014000A8010020000000000000000000000000E6
:10015000EFF30980BFF36F8F154B1A681EF0100F75
:1001600008BF20ED108A20E9F04F10602DE909004A
:100170004FF0500080F31188BFF34F8FBFF36F8FA4
:10018000FFF7D4FD4FF0000080F3118809BC196817
:100190000868B0E8F04F1EF0100F08BFB0EC108AEE
:1001A00080F30988BFF36F8F704700BFAFF3008003
:1001B000D424002008B54FF0500383F31188BFF317
:1001C0006F8FBFF34F8FFFF76FFC28B14FF0E02325
:1001D0004FF08052C3F8042D002383F3118808BD2B
:1001E0004FF0E022002313619361054B1B68054922
:1001F000A1FB03139B09013B536107231361704764
:100200005C000020D34D62104FF0E023D3F8002DA6
:100210003E4B9A423BD04FF0E023D3F8002D3C4BAD
:100220009A423DD030B583B03A4B1A78D2B201929F
:10023000FF221A701B78DBB28DF803309DF8033073
:1002400003F05003344A1370344B07221A609DF8B0
:10025000033013F0800F11D006229DF803305B00AD
:10026000DBB28DF803309DF803301146013A13F0EC
:10027000800FF2D103291CD0284B19604FF0500396
:1002800083F31188BFF36F8FBFF34F8FFEE74FF0FB
:10029000500383F31188BFF36F8FBFF34F8FFEE7D7
:1002A0004FF0500383F31188BFF36F8FBFF34F8F6D
:1002B000FEE71A4B4FF440721A60019BDBB2154AFD
:1002C00013704FF0E024D4F8203D43F47003C4F8D9
:1002D000203DD4F8203D43F07043C4F8203DFFF7A3
:1002E0007FFF00250E4B1D60FFF7BCFED4F8343FA6
:1002F00043F04043C4F8343FFFF7A0FEFFF716FD7C
:10030000FFF77CFE284603B030BD00BF71C20F412D
:1003100070C20F4100E400E0DC240020D82400205B
:10032000A8010020EFF305830F2B0FD9114A9B5C26
:10033000DBB2114A12789A4208D94FF0500383F386
:100340001188BFF36F8FBFF34F8FFEE74FF0E023AD
:10035000D3F80C3D03F4E063084A1268934208D9CD
:100360004FF0500383F31188BFF36F8FBFF34F8FAC
:10037000FEE77047F0E300E0DC240020D8240020F2
:1003800010B4154B1A461B688342FBD354681119ED
:1003900088420AD0446801198B4210D0036082421F
:1003A00000D010605DF8044B7047416821445160F3
:1003B0000C4611448B4201D01360F3E71046074905
:1003C00009688B4205D05B682344436013681B684F
:1003D000E4E70B46E2E700BFF8240020F424002005
:1003E000F8B50446FFF758FB444B1B68B3B1444BC8
:1003F0001D6825427DD1002C7BD004F1080214F049
:10040000070F1CBF22F007020832002A71D03D4BB3
:100410001E6896426DD33C490C6827E03B4A12F0B7
:10042000070F07D0D11D21F0070102F57052531AB2
:100430000A4601E04FF470533348026000214160E6
:100440001344083B23F007032C48036059601960EC
:10045000991A516013602E4B19602A4B1960284B72
:100460004FF000421A60C2E721461C46636893427F
:1004700002D22368002BF7D1204B1B68A34238D04F
:100480000F68083723680B6063689B1A102B10D91C
:10049000A01810F0070F08D04FF0500383F3118815
:1004A000BFF36F8FBFF34F8FFEE743606260FFF7CC
:1004B00067FF6368F61A134A1660154A1268964277
:1004C0003CBF134A16602B43636000232360114A2C
:1004D000136801331360FFF783FB17F0070F0BD08E
:1004E0004FF0500383F31188BFF36F8FBFF34F8F2B
:1004F000FEE7FFF775FB00273846F8BDF42400201F
:10050000E0240020F0240020F82400200025002012
:10051000EC240020E8240020002833D010B5044645
:1005200050F8043C184A1268134208D14FF05003A7
:1005300083F31188BFF36F8FBFF34F8FFEE750F83F
:10054000081C41B14FF0500383F31188BFF36F8F44
:10055000BFF34F8FFEE723EA020340F8043CFFF7A6
:100560009BFA0A4A54F8043C11680B441360A4F146
:100570000800FFF705FF064A136801331360FFF711
:100580002FFB10BD704700BFE0240020F0240020A6
:10059000E4240020A0F16103DBB2052B02D8573818
:1005A000C0B27047A0F14103DBB2052B02D8373847
:1005B000C0B270473038C0B20A2828BF1020704738
:1005C000222824D0A0F15B03DBB2202B21D85B389A
:1005D000202814D8DFE800F011131313131313139A
:1005E00013131317131313131313131913131313D1
:1005F00013151313131313131F0007207047022042
:100600007047032070470420704705207047012081
:100610007047022070470620704700002DE9F8431C
:1006200080B10C461D466CB162B193B1266816F1DB
:10063000070F39D8B71DBA4239D9825D5C2A0FD06D
:10064000002032E01E4B1F4A40F24F111E4800F0BE
:10065000E1FD1E4B1B4A4FF4A8711B4800F0DAFD68
:10066000721C00EB0209825C752A01D000201CE09C
:100670000236B7421DD94FF0000819F8010FFFF7F5
:1006800089FF102806D040EA08181FFA88F80136BA
:10069000B742F2D8BE420ED1B8F1000F0DD0A5F886
:1006A00000802760012000E00020BDE8F8830020E2
:1006B000FBE70020F9E70020F7E70020F5E700BF9F
:1006C000745401089C560108AC540108E454010814
:1006D0002DE9F04383B068B10E461446054649B192
:1006E00042B10B68934280F0D980C25C222A08D0C4
:1006F0000020D4E0714B724A4FF40171714800F050
:1007000089FD0133A34280F0CD80671E51E00133A3
:1007100033600120C3E09F421AD9EA185278752A43
:1007200008D85B2A0AD80AB90020B8E0222A3DD0AE
:100730002F2A3BD01F2A0BD8023338E0A2F15C00ED
:10074000C0B201218140604801422FD1752A01D0F9
:100750000020A4E001930DF10203224601A92846DE
:10076000FFF75CFF0028F3D0BDF8023003F52052FC
:1007700092B2B2F5806F07D303F510539BB2B3F575
:10078000806FE5D3019B12E00DF10203224601A91F
:100790002846FFF743FF0028DAD0BDF8023003F502
:1007A00010539BB2B3F5806FECD3D1E702339C4278
:1007B00072D9EA18E85C2228A9D05C28ABD01F289F
:1007C00072D910F0800F01D10133F0E700F13E0142
:1007D000C9B2322901D9002061E080464FF0000CF7
:1007E000E6460CF1010C4FEA48015FFA81F811F07E
:1007F000800FF5D1CCF107084FF0FF3101FA08F175
:1008000020EA0100BEF1000F3CD001339C424DD9DB
:10081000F04612F8011F01F0C009B9F1800F0BD1A9
:1008200001F03F0141EA8010B8F1010809D001331D
:100830009C42EED8002032E0B8F1000F01D0002039
:100840002DE00EF1FF3EBEF1020F1BD8BCF1020FEE
:100850001ED04FF6FF721D49BCF1030F18BF0A46A8
:10086000BCF1030F0CBF4FF400614FF480318142A3
:100870001ED882421ED3A0F55840B0F5006F1BD39E
:10088000013394E7124B134A88210E4800F0C2FC52
:1008900040F2FF728021EAE7002000E0002003B070
:1008A000BDE8F0830020FAE70020F8E70020F6E733
:1008B0000020F4E70020F2E70020F0E7745401087C
:1008C000B0560108AC54010841044401FFFF100078
:1008D000F85401088C56010810B5B0B18446A1B196
:1008E00010466AB10CF1FF3C013900201CF8014FA1
:1008F00011F801EF744503D101308242F6D1104660
:10090000824214BF0020012010BD034B034A4FF464
:100910001171034800F07EFC20550108785601084B
:10092000AC54010838B560B10C4651B14AB17BB145
:100930000D6895421DD2521B04998A420FD20020A5
:1009400018E00D4B0D4A40F265210D4800F062FCA5
:100950000C4B0A4A40F26621094800F05BFC0A464B
:1009600019462844FFF7B8FF20B1049B1D442560B9
:1009700000E0002038BD00BF745401088056010813
:10098000AC540108405501082DE9F84F88B188465C
:1009900016461F46054661B15AB1D1F800904A4546
:1009A00032D909F1FF331D444C460022DFF874A010
:1009B0000BE0194B194A40F2A921194800F02AFC12
:1009C0004FF0FF320134A64215D015F8010FA0F107
:1009D0003003DBB2092B0FD8002FF3D0002AF1DB54
:1009E0005245EDDA02EB82024FEA420BFFF7D2FDED
:1009F0004BFA80F2E6E73446A14507D2C8F800403A
:100A00003FB13A60012002E0002000E00020BDE894
:100A1000F88F0120FBE700BF7454010860560108FD
:100A2000AC540108CCCCCC0C70B584B006460D4655
:100A30001446FFF74DFE08B104B070BD04230093C7
:100A40003A4B224629463046FFF76CFF08B1012099
:100A5000F2E705230093364B224629463046FFF73E
:100A600061FF0028F3D104230093324B224629462C
:100A70003046FFF757FF0028DED1FEB1F5B1ECB1EB
:100A80002B6802939C42D7D9F25C2D2A1DD0F25CD0
:100A9000302A1FD101330293029B9C4202D9F25C9F
:100AA0002E2A20D0029B9C4204D9F25C02F0DF0285
:100AB000452A25D0029B2B600120BDE71E4B1F4A13
:100AC00040F21F311E4800F0A5FB013302939C4207
:100AD000DDD8B1E70023224602A93046FFF754FFD4
:100AE0000028A9D0D8E7013303930023224603A9A5
:100AF0003046FFF749FF0028D4D0039B0293D1E78B
:100B00005A1C0392944206D9B25C2D2A01D02B2A9A
:100B100001D1023303930023224603A93046FFF795
:100B200033FF0028C6D0039B0293C3E7505501084A
:100B30005855010860550108745401086C560108A5
:100B4000AC54010810B548B1844639B132B10868D7
:100B5000824219D9431E9C440C4C08E00C4B0D4AB0
:100B60004E210D4800F056FB013082420BD01CF89C
:100B7000013F093BDBB2172B06D824FA03F313F02D
:100B8000010FF1D100E01046086010BD1300800095
:100B900074540108FC550108AC54010870B582B0CA
:100BA00070B10D461446064651B14AB1FFF7CAFF6F
:100BB0002B68A3421DD2F25C2C2A08D0002019E039
:100BC0000F4B104A40F275310F4800F023FB013300
:100BD0000193224601A93046FFF7B4FF019BA342CF
:100BE0000AD2F25C02F0DF025D2A07D02B600120FE
:100BF00000E0002002B070BD0020FBE70020F9E714
:100C0000745401083C560108AC54010870B582B018
:100C100005460E4614467B2B67D05B2B1AD1FFF797
:100C200091FFF5B1EEB1E4B133680193019B9C42B1
:100C30000CD9224601A92846FFF7F6FE30B122461C
:100C400001A92846FFF7AAFF0028EFD1019B3360D6
:100C500002B070BD2A4B2B4A40F2F9312A4800F00D
:100C6000D9FA2A4B2A4A4FF46671274800F0D2FA83
:100C7000264B284A40F2C231234800F0CBFA2246E4
:100C800001A92846FFF7D0FE0028E1D0224601A99D
:100C90002846FFF783FF019B33600028D8D0019BD3
:100CA0009C42D5D9224601A92846FFF711FD00280C
:100CB000CED0224601A92846FFF744FF019B9C4263
:100CC00002D9EA5C3A2AC3D101330193224601A931
:100CD0002846FFF737FF019B9C42D0D9EA5C02F01F
:100CE000DF025B2ACBD13360B2E7FFF72BFF002D89
:100CF000BED0002EBCD0002CBAD033680193CEE712
:100D00006855010830560108AC54010874540108B4
:100D10001C56010808560108F0B58BB048B10F46C3
:100D20001546064629B122B10B6801934FF0FF34F6
:100D30001DE0364B364A40F22241364800F06AFA4E
:100D4000022002E07D2B1FD002200BB0F0BD013449
:100D500024B2202C01D10320F7E704F128026A44D1
:100D600002F8203C2A4601A93046FFF74FFF0198C0
:100D7000A84243D2335C013001907B2BE7D0E1D80D
:100D80005B2BE4D05D2BDBD1002C26DD04F12802A7
:100D90006A4412F8202C7B2A03D05B2A05D002205B
:100DA000D3E77D2B05D00220CFE75D2B01D00220B9
:100DB000CBE7013C24B22A4601A93046FFF7EEFEFC
:100DC0000028D4D004F128036B4413F8203C2A46B1
:100DD00001A93046FFF71AFFC9E7ACB99DF8082012
:100DE0007B2A03D05B2A05D00220AEE77D2B07D0FB
:100DF0000220AAE75D2B03D00220A6E70020A4E78B
:100E0000019B3B600120A0E702209EE7745401088B
:100E100050560108AC5401082DE9F04782B0DDF8C6
:100E20002880E0B10C4615461F468146B9B1B2B1E3
:100E3000E3B1B8F1000F19D00E68019601A9FFF7D0
:100E4000F3FD8246C8B13E60019B9E1BC8F800605E
:100E500023604FF0010A504602B0BDE8F0870B4B0B
:100E60000B4A40F2B1410B4800F0D4F90A4B084A52
:100E700040F2B241074800F0CDF92A4601A94846A0
:100E8000FFF74AFF0128E6D1DDE700BF74540108EF
:100E9000F0550108AC540108805501082DE9F046D1
:100EA00085B00C9DA0B10E4614469946824679B194
:100EB00072B1A3B19DB10D9BC3B10E9BB3B10F68CD
:100EC000039703A9FFF704FCB8B905B0BDE8F086A5
:100ED0001F4B204A40F2E6411F4800F09BF91F4B90
:100EE0001C4A40F2E7411C4800F094F91C4B194A97
:100EF0004FF49D61184800F08DF97B1CC9F8003053
:100F0000039B023BDB1B2B60224603A95046FFF7E5
:100F100019FE039BA34219D21AF803203A2A01D0E2
:100F20000020D2E701330393224603A95046FFF77E
:100F300009FE0E9B00930D9B224603A95046FFF726
:100F40006BFF0028C1D0039B3360BEE70020BCE7E5
:100F500074540108DC550108AC540108B05501086F
:100F60008055010830B583B00023019338B30C4697
:100F7000054611B9062003B030BD0A4601A9FFF7A6
:100F8000E1FD224601A92846FFF74EFD20B1019B55
:100F9000A34209D30120EEE7224601A92846FFF724
:100FA000BBFE0128E7D1F2E7224601A92846FFF758
:100FB000C9FD0198A04214BF02200120DBE70520F3
:100FC000D9E72DE9F04F8DB00490002800F0ED80B6
:100FD0000F4690461E46002A00F0EB80169B002B21
:100FE00000F0E980179B002B00F0E780002900F05B
:100FF000E6800EB90620D9E000250595AA469CE0BA
:101000004FF0FF3308930135069508AB324606A929
:101010004046FFF7B9FC089D002D1CDB069B9E4255
:1010200019D918F803205D2A15D101330693049BC2
:1010300003EB0A04002309930A930B933A4609A988
:101040002046FFF77FFD099B9F422ED9E25C5B2A79
:1010500003D0002360E00620A8E0013309933A465C
:1010600009A92046FFF76EFD099B9F421FD94FF04B
:1010700000090DF12C0BCDF800B00AAB3A4609A9D6
:101080002046FFF7C9FE034668B1A94500F0B080CD
:101090003A4609A92046FFF781FD20B109F101096F
:1010A000099B9F42E7D8002336E0002334E0002369
:1010B00032E0651B013307933A4607A95846FFF70C
:1010C00041FD0BAC07E03A4607A95846FFF766FD1D
:1010D000002800F09180079B9F4240F28D8002948F
:1010E0000AAB019309AB009308AB3A4607A95846EF
:1010F000FFF7D4FE00287FD0099A9542E3D10899E2
:1011000059444846FFF7E8FB03460028DBD00A9A1B
:1011100005920B9F00E00023002B54D0059B9A44BE
:10112000069B9E4251D918F803202E2A01D0069D15
:1011300003E001331D469E4247D908EB050918F824
:1011400005305B2B3FF45CAFAE4226D96A1E4244A9
:101150002C4612F8013F2E2B04D05B2B02D0013419
:10116000A642F6D8A54218D20694731EA34214D004
:10117000049B03EB0A0B002307930A930B933A4655
:1011800007A95846FFF7DEFC079B9F42C3D91BF80F
:1011900003207B2A8DD00023BEE7062006E00AF15B
:1011A000010A023F179B1F6018E005200DB0BDE843
:1011B000F08F0520FAE70520F8E70520F6E706207E
:1011C000F4E70120F2E70420F0E7179B1F60049B7F
:1011D00013F80A00FFF7F4F90128E0D0049B534408
:1011E000169A1360189B002BEBD018700120DDE7D6
:1011F0000A9A05920B9F8FE700238DE710B584B004
:10120000089C0294079C0194069C0094FFF7D9FE69
:1012100004B010BD1FB514461A46094B1B6805469D
:10122000D86854B9074B1C46CDE9013400912B46D0
:10123000054900F045FF01F0E7F8044BF4E700BF73
:1012400024030020F6560108C8560108BB560108C1
:1012500070B504460D4645EC104B164602F094F866
:1012600051EC100B7EB1C5F30A53C3F16B03002B95
:1012700009DD1B0503F17F55002405F540152246C5
:101280002B46EFF7C9F941EC100B70BD00000000D0
:101290002DE9F04F9FB00C46179200221A9205904C
:1012A0004FF0000A4FF0000B0A46199211782B29D3
:1012B0004AD038D80D2932D8082932D800293BD055
:1012C00000220B92199D2A78302A40F0B3806A7868
:1012D00002F0DF02582A6ED102930B9B01931AABE6
:1012E00000938E4A05981BAB19A901F047F910F03D
:1012F0000F06044605D0062E28D101350023199586
:101300000B93179B002B40F08E850B9BCBB1524665
:101310000BF1004343EC102B1FB0BDE8F08F2029E8
:10132000CED10132C1E72D29CAD101210B91511C27
:1013300019915278002AC5D1179B1994002B40F0BF
:10134000708552465B46E5E70021EFE71A9A3AB10D
:1013500035211CA802F012F91A99059801F0E0FC59
:10136000013E1B9A042E06D8DFE806F014031D2068
:101370001400DDE91CABE10548BF4BF0004B2BF03E
:1013800000431B0D1B05002BBBD100F0F7FF2223F0
:101390000360B6E7DDE91CA302F2334223F48013B5
:1013A00043EA025BE7E7DFF87CB1E4E76FF0004B6C
:1013B0004FF0FF3ADFE7199B5A1C19925B78302BEC
:1013C000F9D0002B9DD001230993199B0C93002386
:1013D00008930A931F460A2219980578A5F130034D
:1013E000D9B2092928D94E49012200F018FF002856
:1013F00032D000202A4681463D460346652A01D068
:10140000452A14D11DB9099A024395D00025199C8B
:10141000621C199262782B2A77D02D2A7BD04FF04C
:10142000000CA2F13001092940F2828019944FF09A
:101430000008A2E00023C7E7082FD5BF0A99089942
:1014400002FB013302FB013300F10100D4BF0A9318
:10145000089301371990BFE7199B5A1C19925A78C3
:101460007FB381463D46A2F13003092B12D90123F7
:10147000C4E7199B5A1C19925A780130302AF8D0C7
:10148000A2F13103082B00F2D384199B0C938146FF
:1014900000200546303A00F101032AD0994400EBC0
:1014A000050C2B460A2163450DD1691C01442844D3
:1014B000082816DC0A980A2303FB00230A9300235A
:1014C00018E03846DAE7082B03F1010303DC0A9E33
:1014D0004E430A96E7E7102BDEBF089E4E43089660
:1014E000E1E70F28EBDC08980A2303FB00230893AD
:1014F000E5E72946199A501C1990527818460D466E
:10150000B1E74FF0000901237DE74FF0000CA21C6A
:101510001992A27885E74FF0010CF8E71C570108F3
:10152000F75601080000F07F199A511C1991527862
:10153000302AF9D0A2F1310108293FF678AF303ACC
:101540000E92199A0F924FF00A08199A561C199682
:101550005278A2F1300EBEF1090F39D90F99761ADF
:10156000082E44F61F6803DC0E998845A8BF8846FC
:10157000BCF1000F01D0C8F10008002D4ED109992F
:1015800008437FF4BEAE002B7FF4D6AE692A28D084
:1015900025DC492A25D04E2A7FF4CEAE9B4919A8D6
:1015A00001F00EFA00283FF4C7AE199B1B78282BD8
:1015B0002ED197491CAA19A801F016FA052827D19F
:1015C0001D9BDDF870A043F0FF4B4BF4E00B98E659
:1015D0000E9908FB0121A1F130020E92B5E76E2AA7
:1015E000DAE78C4919A801F0EBF900283FF4A4AE22
:1015F000199B8949013B19A8199301F0E1F910B928
:10160000199B01331993DFF820B24FF0000A78E6F6
:10161000824800F0F1FE5BEC10AB72E6A8EB090328
:101620000A980993002F08BF2F46102D2C46A8BFFB
:101630001024EEF777FF092D82468B4613DC099BB9
:10164000002B3FF45EAE099B78DD162B5FDC7449FE
:1016500001EBC301D1E9000152465B46EEF7DCFF26
:1016600082468B464DE66E4B03EBC40353E91223CF
:10167000EEF7D2FF824608988B46EEF753FF0246FC
:101680000B4650465946EEF711FE0F2D82468B460B
:10169000D5DD099B2C1B1C44002C40F3968014F0D4
:1016A0000F030AD05E4901EBC30152465B46D1E904
:1016B0000001EEF7B1FF82468B4634F00F0473D081
:1016C000B4F59A7F48DD0024A0460A94A146059A05
:1016D000DFF854B1222313604FF0000A0A9B002B5D
:1016E0003FF40FAE1A99059801F01AFB0598494688
:1016F00001F016FB0598414601F012FB0A99059886
:1017000001F00EFB0598214601F00AFBF9E5099A64
:10171000C5F125039342BCDB414CC5F10F0504EB39
:10172000C50152465B46D1E90001EEF775FF099B02
:101730005D1B04EBC504D4E900238FE71633A8DB57
:10174000374BA9EB080803EBC808D8E9002350463B
:101750005946EFF78BF883E7324B089300232411A7
:10176000504659461E46012C21DC0BB182468B4661
:101770002C49ABF1547B01EBC60152465B46D1E9E3
:101780000001EEF749FF284B0A460B4027498B42E0
:10179000824698D8A1F580118B4286BFDFF890B0C1
:1017A0004FF0FF3A02F1547B002308937AE0E207FE
:1017B00005D5089BD3E90023EEF72EFF0123089AF5
:1017C0000832013664100892CDE7EDD0644214F07F
:1017D0000F020AD0124B03EBC20350465946D3E91D
:1017E0000023EFF743F882468B462411DCD01F2CF0
:1017F00020DD0024A0460A94A146059A22234FF03A
:10180000000A4FF0000B136068E700BF02570108A1
:1018100008570108F9560108FC560108F656010858
:1018200078590108505901080000F07F0000A07CA1
:10183000FFFFEF7F14F0100318BF6A23A94E08932F
:10184000504659460023E20704D5D6E90023EEF7B7
:10185000E3FE0123641006F10806F4D10BB18246C1
:101860008B46089BB3B1CBF30A52C2F16B03002B3A
:1018700059460FDD1F2B55DD342BDEBF4FF0FF33F4
:10188000C2F14B0293404FF0000ACCBF4FF05C7B9B
:1018900003EA010B0022002350465946EFF724F9D2
:1018A0000028A6D10A9B00930C9905982B463A462E
:1018B00001F09EFA0A9000283FF405AF099A002A29
:1018C000A9EB0803A8BF00231293002422EAE273C5
:1018D0001693A0460A9B0598596801F0E1F98146E4
:1018E00000283FF4F4AE0A9B1A69023203F10C019E
:1018F00092000C3000F06FFD4BEC10AB05981CAA69
:101900001BA9CDE90CAB01F0AFFD1A9000283FF404
:10191000DEAE0598012101F001FB804648B94FF089
:101920000008D4E64FF0FF3202FA03F303EA0A0A92
:10193000B0E71B9D1C9A002DABBF129B169B169EF9
:10194000129FACBFEF185E1B089BED1A1544664B47
:10195000013D9D42C2F1360250DA5B1B1F2BA2EB08
:1019600003024FF001013DDC01FA03F3139300235E
:101970001093BD18089BAF4216441E443B46A8BFB7
:101980002B46B342A8BF3346002BC2BFED1AF61A4E
:10199000FF1A129B002B16DD414605981A4601F0EE
:1019A0007DFB80460028BAD001461A9A059801F0BE
:1019B000CBFA0E9000283FF48AAE1A99059801F0F0
:1019C000AFF90E9B1A93002D1DDC099B002B23DD24
:1019D0004946169A059801F061FB8146E0B94FF03F
:1019E000000974E6C5F17F4505F57F0505F57B45E2
:1019F000E23501FA05F310931391BAE7002310932F
:101A000001231393B5E71A9905982A4601F0A0FB24
:101A10001A900028D9D15AE6002E07DD49460598CC
:101A2000324601F095FB81460028D8D0002F08DD12
:101A3000414605983A4601F08BFB804600283FF46A
:101A400046AE1A9905984A4601F00AFC0446002859
:101A50003FF43DAEC3680F930023C360414601F0DD
:101A6000E3FB002846DA0F9B53EA0A036CD1CBF361
:101A70001303002B68D12BF000431B0D1B05B3F1A2
:101A8000D66F61D9636913B92369012B5CDD2146E7
:101A90000122059801F05CFB4146044601F0C4FBBD
:101AA000002851DD2BF00043089A1B0D1B05002A6E
:101AB0006BD0B3F1D66F68D8B3F15C7F7FF69DAE83
:101AC0000A4B504659460022EEF7A6FD084B0B4044
:101AD00082468B46002B7FF405AE059A22231360C5
:101AE00000E600BF3057010802FCFFFF000050393C
:101AF0000000F07FCDF838B065D10F9ACBF3130317
:101B00005AB39F4A93422BD1089B514603B39D4B36
:101B10005A461340B3F1D46F4FF0FF321BD81B0D60
:101B2000C3F16B0302FA03F3994219D1964B0E9A53
:101B30009A4202D101313FF4CAAD924B0E9A1A403B
:101B400002F5801B4FF0000A089B002BB8D1C9E5B5
:101B50004FF0FF33E8E71346E6E753EA0A03A1D064
:101B6000109BDBB10E9A1342EED00F9B089A5046A1
:101B70005946BBB1FFF76CFBDDE90C0153EC102BB0
:101B8000EEF794FB82468B46DEE7A3F580136FEAFF
:101B9000135B6FEA0B5B4FF0FF3AD5E7139B13EA39
:101BA0000A0FE1E7FFF754FBDDE90C0153EC102BC2
:101BB000EEF77AFB0022002382468B46EEF794FF75
:101BC0000028C1D019E64146204601F0A5FC57EC9B
:101BD000106B00224FF0804330463946EEF798FFF5
:101BE00000286FD00F9B002B7AD1BAF1000F58D18B
:101BF0000E9BC3F31303002B5AD1644B00223046D3
:101C00003946EEF77BFF002859D130463946604B04
:101C10000022EEF701FD06460F4607F10043069647
:101C20000793DDE90623574DCDE910230E9B1D4098
:101C3000584B9D4240F0B2800E9BA3F1547B4BEC7D
:101C400010AB01F0A1FBDDE9062351EC100BEEF720
:101C5000E3FC52465B46EEF729FB0B4649494E4AE8
:101C600019409142824642D90D9A474B9A4203D17C
:101C70000C9B01333FF42BADDFF80CB14FF0FF3A72
:101C80001A99059801F04CF80598494601F048F872
:101C90000598414601F044F80598214601F040F8C6
:101CA00018E6BAF1010F03D10E9B002B3FF4A5AD4E
:101CB0009FED2B7B354F8DED067B0026B1E7344F32
:101CC0000026AAE7324B304639460022EEF7A4FC44
:101CD0000F9B06460F46002B9FD0CDE90667A0E775
:101CE0009FED217B8DED067B57EC176B99E703F198
:101CF000547B089BCDF838B0002BC1D12BF00043AA
:101D00001B0D1B059D42BBD130463946EEF7A6FFA1
:101D1000EEF754FC02460B4630463946EEF7C4FA5D
:101D20000B460246CDE90C23CBF313060F9B46EA84
:101D30000A061E436FD00EA3D3E90023EEF7DEFEA2
:101D400000287FF4CFAC0CA3D3E90023DDE90C011C
:101D5000EEF7F2FE002893D0C4E400BFAFF300809A
:101D6000000000000000F0BF000000000000F03F95
:101D70009535A094FFFFDF3F35E5AF350000E03F2C
:101D8000FFFF0F000000F07FFFFFEF7F0000F03F3C
:101D90000000E03F0000E07FFFFF9F7C089B23B333
:101DA000B5F1D46F21D828A3D3E9002330463946B2
:101DB000EEF7AEFEA0B139463046EEF7C7FE012879
:101DC00038BF0120EEF7AEFB0F9B06460F46FBB96E
:101DD00001F1004314901593DDE91423CDE910239C
:101DE000119B03F1D6635B1B11939DED0C0BDDE999
:101DF00010AB01F0C9FA504653EC102B5946EEF7E0
:101E00000BFCDDE90C23EEF751FA82468B4670E7B6
:101E1000CDE91467E0E70EA3D3E90023EEF76EFEE9
:101E200098E700230B93179A199B1360FFF76DBA7D
:101E3000652A3FF466AB452A3FF463AB0123FFF705
:101E40009EBB00BFAFF300800000C0FFFFFFDF417B
:101E50009535A094FFFFCF3F0A4601460248034B49
:101E60000068FFF715BA00BF24030020B801002066
:101E7000242B2DE9F0478646904601D8012B06D148
:101E800000F07CFA162303600020BDE8F087344898
:101E90000D462A4615F8014B065D16F00806F8D1E6
:101EA0002D2C2DD12C780126951C33F0100209D150
:101EB000302C2AD12A7802F0DF02582A25D16C78FA
:101EC0001023023506F1004C0CF1FF3C0022BCFB54
:101ED000F3F9104603FB19CAA4F13007092F1BD8E8
:101EE0003C46A34227DD571C07D0814520D301D1B2
:101EF000A2451DDB00FB0340012215F8014BEBE777
:101F00002B2C04BF2C78951CCFE7002BDAD1302C7A
:101F10000CBF08230A23D5E7A4F14107192F01D8E4
:101F2000373CDEE7A4F16107192F04D8573CD8E706
:101F30004FF0FF32E1E7531C08D12223CEF80030E6
:101F40006046B8F1000FA0D0691E06E006B140421D
:101F5000B8F1000F99D0002AF6D1C8F8001094E724
:101F60005957010813460A46014602480068FFF720
:101F70007FBF00BF24030020002310B50446C0E942
:101F80000033C0E90433836081814366C281836189
:101F9000194608225C3000F026F90D4B63620D4BA8
:101FA000A3620D4BE3620D4B23630D4B24629C42F5
:101FB00006D003F16802944202D0D0339C4205D18E
:101FC00004F15800BDE8104000F002BA10BD00BF97
:101FD0006121010883210108BB210108DF210108DB
:101FE00000610020024A0349034800F07BB800BFAB
:101FF000AC010020753F01082803002041680C4B0C
:10200000994210B5044601D001F0B4FFA168094B14
:10201000994202D0204601F0ADFFE168064B99429B
:1020200004D02046BDE8104001F0A4BF10BD00BFA1
:102030000061002068610020D061002010B50B4BCA
:102040000B4C0C4A1A60204600220421FFF794FF33
:1020500004F1680001220921FFF78EFF04F1D0008E
:102060000222BDE810401221FFF786BF386200202F
:1020700000610020E51F0108014800F0AAB900BF77
:1020800041620020014800F0A5B900BF4162002074
:1020900010B50446FFF7F0FF236A1BB1BDE81040FE
:1020A000FFF7F0BF044B2362044B1B68002BF5D1F4
:1020B000FFF7C4FFF2E700BFFD1F010838620020F0
:1020C0000EB403B5014603AB054853F8042B006872
:1020D000019301F025FC02B05DF804EB03B07047FA
:1020E000240300202DE9F8430746884614460026BD
:1020F000D4E90195B9F1010905D52468002CF7D17F
:102100003046BDE8F883AB89012B07D9B5F90E300D
:10211000013303D029463846C04706436835E9E70E
:102120000EB400B59CB01DAB029006906FF000415C
:10213000094807910491094953F8042B0591006857
:10214000019302A901F0C6FA029B00221A701CB08A
:102150005DF804EB03B07047240300200802FFFF82
:1021600010B50C46B1F90E1000F0E4F80028ABBF32
:10217000636DA3891B1823F48053ACBF6365A381EF
:1021800010BD2DE9F0411F468B89DB0505460C4645
:10219000164605D5B1F90E100223002200F0B8F85A
:1021A000A389B4F90E1023F48053A38132463B4631
:1021B0002846BDE8F04100F0CFB810B50C46B1F9A3
:1021C0000E1000F0A5F8431CA38915BF606523F429
:1021D000805343F48053A38118BFA38110BDB1F98C
:1021E0000E1000F02FB802440346934200D170470E
:1021F00003F8011BF9E710B50B4662B913F8012B80
:10220000002AFBD104E013F8014B00F8014B14B98C
:10221000581A013810BD013AF5D10270EEE710B539
:102220006AB10139841810F8012B11F8013F9A4264
:1022300003D1A04201D0002AF5D1D01A10BD10461A
:10224000FCE7000038B5064D0023044608462B6025
:10225000F5F760FA431C02D12B6803B1236038BD47
:102260003C620020294B1B68834270B504464BD06A
:10227000C369ABB1DB686BB10025E369DB68595911
:1022800000293BD10435802DF7D1E3692046D96878
:1022900000F0C2F8E369196811B1204600F0BCF8FB
:1022A000616911B1204600F0B7F8E16911B120462B
:1022B00000F0B2F8216B11B1204600F0ADF8616B6F
:1022C00011B1204600F0A8F8A16B11B1204600F032
:1022D000A3F8A16C11B1204600F09EF8616C11B119
:1022E000204600F099F8E16A11B1204600F094F818
:1022F000236A4BB12046BDE8704018470E6820465F
:1023000000F08AF83146BBE770BD00BF240300200F
:1023100038B5074D04460846114600222A601A4681
:10232000F5F702FA431C02D12B6803B1236038BDD4
:102330003C62002038B5074D04460846114600228D
:102340002A601A46F5F7CCF9431C02D12B6803B179
:10235000236038BD3C62002038B5074D044608466E
:10236000114600222A601A46F5F7C7F9431C02D12C
:102370002B6803B1236038BD3C620020014B186814
:10238000704700BF2403002070B50D4D0D4C641B39
:10239000A4100026A64209D10B4D0C4C01F0EAFF17
:1023A000641BA4100026A64205D170BD55F8043B5D
:1023B00098470136EEE755F8043B98470136F2E7B7
:1023C0007C5A01087C5A01087C5A0108805A01088D
:1023D0007047704770470A44914200F1FF3300D1C3
:1023E000704710B511F8014B03F8014F9142F9D134
:1023F00010BD0000000000009FED010B704700BF02
:10240000000000000000F87F08B5062001F0B0FED3
:102410000120F5F75FF9000038B50546002941D0E5
:1024200051F8043C0C1F002BB8BFE41800F02CFC42
:102430001D4A136833B9636014602846BDE838400C
:1024400000F028BCA34208D9206821188B4201BFA4
:1024500019685B6809182160EDE71A465B680BB1E3
:10246000A342FAD911685018A0420BD12068014448
:10247000501883421160E0D118685B6853600844CB
:102480001060DAE702D90C232B60D6E72068211808
:102490008B4204BF19685B68636004BF0918216040
:1024A0005460CAE738BD00BF486200200369B3EB3F
:1024B000611F2DE9F0434FEA611200F1140445DD7C
:1024C00011F01F0104EB830604EB82050CD100F12F
:1024D00010072946B14234D39B1A9B00EA1E96424C
:1024E00038BF0023234415E054F82270C1F12008BE
:1024F000CF4005F1040EA1467645F44615D89A1A48
:102500009200043A0135AE4238BF0022A318A7500A
:1025100007B104331A1BA3424FEAA20208BF0023EB
:10252000026108BF4361BDE8F083DCF800C00CFA2B
:1025300008FC4CEA070749F8047B5EF8047BCF40AF
:10254000DAE751F804CB47F804CFC3E72346E1E7C5
:10255000A0F13003092B02D82038C0B27047A0F197
:102560006103052B01D84738F7E7A0F14103052B9C
:1025700001D82738F1E70020704700002DE9F04F1F
:1025800085B08A4602930B68019090469C1CA14638
:1025900014F8010B3028FAD0A9EB0303A3F1020BC6
:1025A000FFF7D6FF0546002868D1A049012248461A
:1025B000FFF735FE0746002867D199F80100264647
:1025C000FFF7C6FF002862D02346187830289946C6
:1025D00003F10103F9D0FFF7BBFFB0FA80F56D09F5
:1025E0004FF0010B4A46164601323078FFF7B0FF34
:1025F0000028F8D18D4901223046FFF710FE00284F
:102600003FD144B9741C2246164601323078FFF798
:102610009FFF0028F8D1A41BA700337803F0DF0345
:10262000502B3ED173782B2B33D02D2B34D0711CF3
:1026300000240878FFF78CFF431EDBB2182B30D83C
:10264000A0F1100211F8010FFFF782FF00F1FF3C2B
:102650005FFA8CFCBCF1180F4FF00A031ED904B1CD
:1026600052421744CAF80010EDB1BBF1000F0CBF85
:1026700006250025284605B0BDE8F08F00252C462C
:10268000B0E7002CC7D12746C7E74E462F460125A5
:10269000C3E70024B11CCCE70124FBE703FB0200E5
:1026A000CEE73146DEE7A6EB0903013B2946072BBF
:1026B0000ADC019800F0F4FA044640B95C4B02468B
:1026C000E4215C48FEF7A6FD01315B10EFE700F165
:1026D000140A002355469B46B14537D345F804BB41
:1026E000A5EB0A05AD102561584600F0CBFB6D0146
:1026F000D8F800602D1AB54254DDAD1B294620469E
:1027000000F05FFF814678B16B1E591103F01F0284
:102710005AF821104FF0010909FA02F20A4203D0D7
:102720004B4536DC4FF0020929462046FFF7BEFE36
:102730002F44D8F80830BB4242DA0198214600F015
:10274000EFFA0E9A00231360A32593E716F8012DE4
:102750002E2A12D0202B04D145F804BB4FF0000BD9
:102760005B4630780393FFF7F3FE039B00F00F0006
:1027700098404BEA000B0433AEE7B145EAD82B4949
:10278000039301223046FFF74AFD039B0028E1D165
:10279000A2E7A91E204600F014FF0028C2D04FF087
:1027A0000309C1E709DA751B214601982A4600F0A2
:1027B000CFFC7F1B044600F1140A4FF00009B8E774
:1027C000D8F80450BD426FDDED1BAE4234DCD8F8C2
:1027D0000C30022B22D0032B24D0012B15D1AE427A
:1027E00013D1012E0BD1029AD8F8043013600123C3
:1027F0002361CAF800300E9B62251C603AE7711E07
:10280000204600F0DEFE0028EDD10198214600F0C0
:1028100087FA0E9A0023136050252BE70F9B002B9D
:10282000F3D1E0E70F9B002BDDD1EEE7F75601086F
:1028300061580108725801086F1EB9F1000F30D1BC
:1028400027B13946204600F0BCFE81467A110123AB
:102850005AF8222007F01F07BB40134229462046A2
:1028600018BF49F00209FFF721FED8F80470761B63
:102870000225B9F1000F47D0D8F80C30022B15D043
:10288000032B17D0012B09D119F0020F06D0DAF86B
:10289000003049EA030919F0010F0ED145F0100587
:1028A00032E04FF00109D1E70125E2E70F9BC3F1C8
:1028B00001030F930F9B002BF0D0D4F810B004F15C
:1028C00014034FEA8B0A03EB8B014FF0000C184600
:1028D00053F8042BB2F1FF3F1BD001320260022DEE
:1028E00004F114033CD1D8F80020013AB24209D1D6
:1028F0007111012253F8213006F01F0602FA06F684
:102900001E423AD145F020050E9B1C60029B1F60C1
:10291000B0E6994243F804CCD9D8A3689B4517DBAD
:1029200061680198013100F0BBF9814618B91A4B72
:1029300002468421C5E62269023204F10C019200AC
:102940000C30FFF748FD2146019800F0E9F94C46AC
:1029500023695A1C04EB8303226101225A61BEE7FA
:1029600022695A450BDD01212046FFF79FFDD8F86B
:1029700008300137BB42FFF6E0AE0125C2E716F092
:102980001F06FAD05344C6F1200653F8040C00F099
:1029900079FAB042E7DBF0E761580108C2F10802BA
:1029A000920070B5C2F120064368046803FA06F588
:1029B0002C43D340046040F8043F8842F4D370BDF8
:1029C00030B50368013311F8014B14B903600120DD
:1029D00030BD13F8012BA2F14105192D98BF20320B
:1029E000A242F0D00020F3E72DE9F04F0B68016818
:1029F0005E1102EB860613F01F0387B018BF043682
:102A00000025371F82469046019346F8045CB9467C
:102A10003C460295AB464A784B1C039342B31046A2
:102A200005910492FFF794FD002851D1049A05996D
:102A3000202A18D8029B9B4513DD4C4506D2072D52
:102A400004DC2A4649462046FFF7A8FF444552D9F0
:102A50000023A4F1040944F8043CCDF808B04C4626
:102A60001D460399D7E7292A57D10231CAF8001029
:102A7000BBF1000F51D04C4506D2072D04DC2A468D
:102A800049462046FFF78AFF444536D9A8F104029B
:102A9000234653F8041B42F8041F9F42F9D23B1B04
:102AA00023F0030304330134033EB44288BF0423FC
:102AB0004344002243F8042B9F42FBD23B681BB9DE
:102AC000474528D101233B60052007B0BDE8F08FC2
:102AD0000135082D0BF1010B06DD4445C1D900235A
:102AE00044F8043C0125043C226800F00F0040EA51
:102AF00002102060B5E70825B3E7019B002BDDD06D
:102B0000C3F120034FF0FF32DA4056F8043C134083
:102B100046F8043CD2E7043FD0E70420D5E70000A4
:102B200070B50F4E0C463168054611B901F03CFBFB
:102B300030602146284601F037FB431C03D14FF09B
:102B4000FF34204670BDC41C24F00304A042F8D01A
:102B5000211A284601F028FB0130F2D1EFE700BF2F
:102B6000446200202DE9F843CD1C25F0030508350B
:102B70000C2D38BF0C25002D064601DBA94204D9D7
:102B80000C2333600020BDE8F883DFF8D48000F028
:102B90007BF8D8F800301C4644BB29463046FFF786
:102BA000BFFF431C044658D1D8F800402746002FE9
:102BB00043D1002C4BD023683946304604EB03093F
:102BC00001F0F2FA814542D121686D1A294630465A
:102BD000FFF7A6FF01303AD023682B442360D8F8D2
:102BE00000305A6862BBC8F800700FE02268521BC0
:102BF00020D40B2A17D96119A342256018BF596048
:102C0000636808BFC8F8001062514B60304600F09E
:102C100041F804F10B00231D20F00700C21A1CBF6D
:102C20001B1AA350AFE76268A3420CBFC8F800208C
:102C30005A60EBE723466468AEE73C467F68B6E738
:102C40001A465B68A342FBD100235360DEE70C23E6
:102C50003360304600F01EF894E70560D6E700BF09
:102C60004862002082B001B901A942B14BB113788A
:102C70000B601278101E18BF012002B0704710467A
:102C8000FBE76FF00100F8E70148FFF7A2BB00BFC8
:102C9000406200200148FFF79DBB00BF406200205A
:102CA00070B5C66904460D4676B9102001F0A0FA49
:102CB0000246E06120B9184B18486B21FEF7AAFACA
:102CC000C0E901660660C660E669F36883B1E3693E
:102CD000DB6853F82500B8B9012101FA05F6721D29
:102CE0009200204601F070FA60B1C0E901560EE092
:102CF00021220421204601F067FAE369F060DB68D5
:102D0000002BE4D1002070BD026843F82520002389
:102D1000C0E90333F7E700BFD2580108E9580108BA
:102D200070B5C66905460C4676B9102001F060FA08
:102D30000246E86120B9094B09488F21FEF76AFA7B
:102D4000C0E901660660C6603CB1EB696268DB6899
:102D500053F82210216043F8224070BDD258010878
:102D6000E95801082DE9F0410D6907460C461E4659
:102D700001F1140C0020DCF8003099B202FB016173
:102D80001E0C0B0C02FB063389B2013001EB034130
:102D900085424CF8041B4FEA1346ECDC0EB3A368E3
:102DA000AB4219DC616838460131FFF779FF804694
:102DB00028B902460C4B0D48BA21FEF72BFA2269BE
:102DC000023204F10C0192000C30FFF704FB2146A3
:102DD0003846FFF7A5FF444604EB850301355E61E5
:102DE00025612046BDE8F08161580108E9580108D5
:102DF0002DE9F8430C4615461F46092208330646BE
:102E000093FBF2F3002101229A4209DB3046FFF7DF
:102E100047FF40B90246194B1948D321FEF7FAF98A
:102E200052000131F0E7089B4361092D4FF0010387
:102E3000036116DD04F10909C8462C4418F8013B6A
:102E40000146303B0A223046FFF78CFFA045F5D102
:102E5000A5F108044C442D1B6319BB4204DBBDE8FB
:102E6000F8830A340925F6E714F8013B0146303BA4
:102E70000A223046FFF776FFEEE700BF61580108EF
:102E8000E9580108B0F5803F034636BF030400202F
:102E90001020B3F1807F3CBF1B020830B3F1805F8C
:102EA0003CBF1B010430B3F1804F3CBF9B0002309C
:102EB000002B05DB13F0804F00F1010008BF20203C
:102EC00070470368024613F007000BD0D90721D4DE
:102ED000980749BF5B089B08012013605CBF136023
:102EE0000220704799B209B91B0C1020D9B209B958
:102EF00008301B0A190704BF1B090430990704BFD7
:102F00009B080230D90703D45B0800F1010003D00D
:102F100013607047002070472020704710B50C46A2
:102F20000121FFF7BDFE024628B9054B054840F2D6
:102F30004511FEF76FF901234461036110BD00BF25
:102F400061580108E95801082DE9F04F14460A6953
:102F500023699A42A8BF23460F46A4BF0C461F46CA
:102F6000D4F810A0D7F81090A36861680AEB09069E
:102F7000B34285B0B8BF0131FFF792FE30B90246C7
:102F8000444B45484FF4B171FEF744F900F1140584
:102F900005EB86082B460022434521D307F1140197
:102FA00004F1140202EB8A0201EB89030293131B62
:102FB000153B23F00303043304F11507BA4238BF6D
:102FC00004230193029B03918B420CD8002E03DD56
:102FD00058F8043D002B5BD0066105B0BDE8F08FCA
:102FE00043F8042BD8E7B1F800A0BAF1000F24D0C1
:102FF00004F1140EA9464FF0000C5EF8047BD9F8DA
:1030000000301FFA87FB9BB20AFB0B334FEA174BCA
:10301000D9F8007063444FEA174C0AFB0BC707EB63
:1030200013479BB243EA0743724549F8043B4FEA12
:10303000174CE2D8019B45F803C0039BB3F80290FC
:103040000431B9F1000F21D02B6804F1140CAE4605
:103050004FF0000ABCF800B0BEF8027009FB0B7715
:1030600057449BB243EA07434EF8043B5CF8043BE9
:103070004FEA134ABEF8003009FB0A3303EB17434B
:1030800062454FEA134AE5D8019FEB51043599E7B1
:10309000013E9BE761580108E95801082DE9F84312
:1030A000154612F0030207460E4607D0254C013A9A
:1030B000002354F82220FFF755FE0646AD103DD000
:1030C000FC697CB9102001F093F80246F86128B938
:1030D0001D4B1E4840F2B311FEF79CF8C0E90144B5
:1030E0000460C460D7F81C80D8F808404CB940F29E
:1030F00071213846FFF712FF0023C8F80800044684
:1031000003604FF00009EB070AD5314622463846E6
:10311000FFF71AFF314680463846FFF701FE464664
:103120006D100BD0206838B9224621463846FFF78B
:103130000BFF2060C0F800900446E4E73046BDE88D
:10314000F88300BF44590108D2580108E958010822
:103150002DE9F0470C464968236903EB6218A36820
:10316000074691464FEA621A08F10106B3420BDBAB
:103170003846FFF795FD054648B90246284B2948D1
:103180004FF4EF71FEF746F801315B00EEE70023E4
:1031900000F1140100F110021846534533DB206999
:1031A0002AEAEA7A04F1140319F01F0901EB8A01F3
:1031B00003EB800C2BD0C9F1200E8A460022186840
:1031C00000FA09F010434AF8040B53F8042B9C450D
:1031D00022FA0EF2F3D8ACEB0403153B23F0030301
:1031E000043304F11500844538BF0423CA500AB1E2
:1031F00008F10206013E38462E612146FFF790FD98
:103200002846BDE8F08742F8040F0133C5E70439CA
:1032100053F8042B41F8042F9C45F9D8EAE700BF86
:1032200061580108E95801080A6903460069801AD3
:1032300030B50ED11433143103EB820401EB82015B
:1032400054F8045D51F8042D954203D005D24FF097
:10325000FF3030BDA342F3D3FBE70120F9E70000C4
:103260002DE9F74F89460646114648461446FFF7B2
:10327000DBFF051E12D129463046FFF711FD02463D
:1032800028B93F4B40F237213E48FDF7C3FF0123E9
:10329000C0E90435104603B0BDE8F08FBCBF4B4613
:1032A000A1463046D9F80410BABF1C4601250025B6
:1032B000FFF7F6FC024618B9314B40F24521E3E72F
:1032C000D9F810702669C56009F1100309F11405D9
:1032D00004F1140E00F1140B05EB87080EEB8606C3
:1032E0000193D9464FF0000C019B5EF8040B53F894
:1032F00004AF01931FFA8AF3194683B2CB1A000C6C
:103300006344C0EB1A4000EB23409BB243EA004306
:10331000764549F8043B4FEA204CE5D8331B153B72
:1033200023F0030315340433A64238BF04231D449D
:103330005B441E462C4644450ED308F10301491B4D
:1033400021F00301033DA84538BF00210B4453F889
:10335000041D91B117619DE754F8041BE646080C63
:103360001CFA81FC714400EB2C4089B241EA004117
:1033700046F8041B4FEA204CDDE7013FE7E700BFBA
:1033800061580108E958010882B08DED000B019ADF
:103390000F4B1340A3F15073002B08DC5B42B3F1D9
:1033A000A07F4FEA235204DA4FF400231341002296
:1033B00008E0A2F114031E2BDABF4FF00042DA40FE
:1033C000012200231946104641EC100B02B0704751
:1033D0000000F07F2DE9F041066900F1140808EBC8
:1033E0008606371F56F8042C1046FFF74BFDC0F138
:1033F00020030A280B601B4915DCC0F10B0C22FAD4
:103400000CF3B84543EA010534BF56F8083C0023E5
:10341000153002FA00F023FA0CF303431C4645EC86
:10342000104BBDE8F081B8453ABF56F8083CA6F10C
:10343000080700230B3812D0C0F1200123FA01F451
:1034400082402243474542F07F558CBF57F8042CF9
:1034500000228340CA4045F440151343DEE742EAA8
:103460000105DBE70000F03F2DE9F7430F4601219E
:1034700059EC108B1646FFF713FC044630B9024690
:10348000234B244840F20F31FDF7C4FEC9F30A551F
:10349000C9F313030DB143F480130193B8F1000392
:1034A00023D068460093FFF70CFDDDE90012D0B190
:1034B000C0F1200302FA03F30B43C240636101929F
:1034C000019BA361002B0CBF012202222261A5B146
:1034D000A5F2334505443D60C0F13500306020461B
:1034E00003B0BDE8F0836161EAE701A8FFF7E9FCFA
:1034F000019B636120300122E8E704EB8203A0F224
:10350000324038601869FFF7BDFCC0EB4210E5E7B8
:1035100061580108E95801082DE9F04F85B0CDE95F
:10352000001002A9FFF756FF009803A955EC104BB5
:10353000FFF750FF019B1969009B1B69C91ADDE960
:1035400002329B1A5BEC10AB03EB4113002BCEBF96
:103550002A46C3EB03335A462F46D946CCBF02EB6B
:10356000035702EB03594B46524620463946EDF7C6
:103570007DF941EC100B05B0BDE8F08F013970B555
:1035800049111469013102F1140300EB810103EBCD
:103590008404051FA3420CD3A31A113B23F0030399
:1035A0001132A24288BF002318440023884205D369
:1035B00070BD53F8046B45F8046FEBE740F8043B2B
:1035C000F4E700F1140200694B11984210B511DBC9
:1035D0000ADD11F01F0107D052F8234024FA01F050
:1035E00000FA01F18C420BD102EB8303934203D822
:1035F000002010BD0346F7E753F8041D0029F5D05D
:103600000120F6E70346084641B1FF2A04D98A2281
:103610001A604FF0FF3070470A70012070472DE9A3
:10362000F0478E681F46BE420B6882460C469046A5
:103630002DD8B1F90C2012F4906F26D06569096974
:1036400005EB4505A3EB010905EBD5757B1C4B4448
:103650006D109D4238BF1D46530527D52946FFF7FB
:1036600081FA064660B321694A46FEF7B4FEA38993
:1036700023F4906343F08003A381266165614E4487
:10368000A5EB09052660A5603E46BE4200D93E4630
:1036900020683246414600F029FDA3689B1BA360C9
:1036A0002368334423600020BDE8F0872A4600F0F9
:1036B000A7FD06460028E0D121695046FEF7ACFE82
:1036C0000C23CAF80030A38943F04003A3814FF0D4
:1036D000FF30E9E72DE9F04F98468B891B069DB036
:1036E00007460D46144610D50B6973B94021FFF704
:1036F00039FA2860286130B90C233B604FF0FF3065
:103700001DB0BDE8F08F40236B6100230993202397
:103710008DF82930CDF80C803023DFF89C818DF8AE
:103720002A304FF0010923469A4613F8012B0AB1BB
:10373000252AF9D1BAEB040B0BD05B462246294669
:103740003846FFF76CFF013000F0A780099A5A4411
:1037500009929AF80030002B00F09F8000234FF070
:10376000FF32CDE905230AF1010A049307938DF88E
:1037700053301A935446052214F8011B4E48ECF7B7
:103780003FFD049AD8B9D00644BF20238DF85330AA
:10379000110744BF2B238DF853309AF800302A2BA1
:1037A00015D0079A544600204FF00A0C214611F814
:1037B000013B303B092B4BD9B0B1079214E0A0EB91
:1037C000080309FA03F313430493A246D2E7039BC9
:1037D000191D1B680391002BBBBF5B4242F0020224
:1037E00007930793B8BF049223782E2B0AD16378EE
:1037F0002A2B32D1039B1A1D1B68039243EAE37301
:1038000002340593DFF8C0A0217803225046ECF77C
:10381000F7FC38B1049BA0EB0A004022824013431E
:103820000134049314F8011B24488DF82810062253
:10383000ECF7E6FC002836D0214B1BBB039B07337B
:1038400023F0070308330393099B334409936AE782
:103850000CFB02320C460120A8E70023013405933B
:1038600019464FF00A0C204610F8012B303A092A6D
:1038700003D9002BC6D00591C4E70CFB01210446F7
:103880000123F0E703AB00932A460E4B04A9384608
:10389000AFF30080421C0646D6D1AB895B063FF5EC
:1038A0002DAF09982CE703AB00932A46054B04A9DA
:1038B000384600F0BBF9EDE7405A01084A5A0108C2
:1038C000000000001F360108465A01089368013BBA
:1038D000002B10B4936008DA9469A34201DB0A2933
:1038E00003D15DF8044B00F06DBB1368581C1060E9
:1038F000197008465DF8044B7047F8B506460F4648
:103900001446D518AC4201D1002007E014F8011B81
:103910003A463046FFF7DAFF431CF3D1F8BD00000A
:103920002DE9F04F0D469DB014469846064618B155
:10393000036A0BB9FEF7ACFB6B6ED90705D4AB89F4
:103940009A0502D4A86DFEF744FDAB891B0701D58B
:103950002B699BB92946304600F072FB70B16B6E43
:10396000DC0704D54FF0FF301DB0BDE8F08FAB8908
:103970009805F7D4A86DFEF72DFDF3E70023099312
:1039800020238DF82930CDF80C803023DFF8AC816E
:103990008DF82A304FF0010923469A4613F8012B7F
:1039A0000AB1252AF9D1BAEB040B0BD05B462246AB
:1039B00029463046FFF7A1FF013000F0A780099AA1
:1039C0005A4409929AF80030002B00F09F8000239F
:1039D0004FF0FF32CDE905230AF1010A0493079362
:1039E0008DF853301A935446052214F8011B53489E
:1039F000ECF706FC049AD8B9D10644BF20238DF811
:103A00005330130744BF2B238DF853309AF80030FE
:103A10002A2B15D0079A544600204FF00A0C214655
:103A200011F8013B303B092B4BD9B0B1079214E0A0
:103A3000A0EB080309FA03F313430493A246D2E769
:103A4000039B191D1B680391002BBBBF5B4242F017
:103A5000020207930793B8BF049223782E2B0AD152
:103A600063782A2B32D1039B1A1D1B68039243EA09
:103A7000E37302340593DFF8D4A021780322504683
:103A8000ECF7BEFB38B1049BA0EB0A004022824059
:103A900013430134049314F8011B29488DF82810AE
:103AA0000622ECF7ADFB00283FD0264B1BBB039B47
:103AB000073323F0070308330393099B3B4409931F
:103AC0006AE70CFB02320C460120A8E70023013410
:103AD000059319464FF00A0C204610F8012B303A96
:103AE000092A03D9002BC6D00591C4E70CFB01219C
:103AF00004460123F0E703AB00932A46124B04A9C6
:103B00003046AFF300800746781CD6D16B6ED907DC
:103B100005D4AB899A0502D4A86DFEF75BFCAB898E
:103B20005B063FF51FAF09981EE703AB00932A46DB
:103B3000054B04A9304600F079F8E4E7405A010843
:103B40004A5A010800000000FB380108465A0108E3
:103B50002DE9F047164698468A680B69DDF82090F3
:103B60009342B8BF1346336091F8432007460C4692
:103B70000AB1013333602368990642BF33680233C8
:103B80003360256815F0060506D104F1190AE368CB
:103B900032689B1AAB4226DC94F843302268003B23
:103BA00018BF012392062BD404F143024146384644
:103BB000C84701301ED02368226903F00603042B96
:103BC00002BFE5683368ED1AA3680CBF25EAE57506
:103BD00000259342C4BF9B1AED1800261A34B54243
:103BE0001AD1002008E00123524641463846C84712
:103BF000013003D14FF0FF30BDE8F0870135C6E753
:103C0000E1185A1C302081F84300224494F84510F2
:103C100082F843100233C7E7012322464146384663
:103C2000C8470130E6D00136D9E700002DE9FF474B
:103C30000F7E0C9E782F914680460C469A4601F1E5
:103C4000430207D8622F0AD8002F00F0D280582FE5
:103C500000F0B98004F1420684F842703AE0A7F11E
:103C60006303152BF6D801A151F823F0C53C0108D8
:103C7000D93C0108553C0108553C0108553C010858
:103C8000553C0108D93C0108553C0108553C010848
:103C9000553C0108553C0108D93D0108033D010888
:103CA000933D0108553C0108553C0108FB3D0108C6
:103CB000553C0108033D0108553C0108553C0108ED
:103CC0009B3D010833681A1D1B68326004F14206EF
:103CD00084F8423001239DE033682068191D31606B
:103CE000060601D51D6803E04506FBD5B3F9005073
:103CF000002D03DA2D236D4284F8433059480A23FE
:103D000011E021683368080653F8045B02D44906C1
:103D100048BFADB26F2F5348336014BF0A23082346
:103D2000002184F843106668A660002EA2BF2168B7
:103D300021F0040121600DB9002E4BD01646B5FBD1
:103D4000F3F103FB1157C75D06F8017D2F46BB4217
:103D50000D46F4D9082B0BD12368DF0708D523695A
:103D600061689942DEBF302306F8013C06F1FF3658
:103D7000921B2261CDF800A04B4603AA2146404683
:103D8000FFF7E6FE01304AD14FF0FF3004B0BDE846
:103D9000F087236843F0200323603348782784F8B2
:103DA0004570236831681F0651F8045B02D45F0632
:103DB00048BFADB23160D90744BF43F02003236050
:103DC0001DB11023ACE72748E9E7236823F020035F
:103DD0002360F6E71646BDE7336825686169181D5C
:103DE00030602E061B6801D5196002E06806FBD51D
:103DF0001980002323611646BCE733681A1D326020
:103E00001E68626800213046ECF7FAF908B1801BA1
:103E1000606063682361002384F84330AAE7236964
:103E2000324649464046D0470130ADD023689B0713
:103E300013D4E068039B9842B8BF1846A6E7012355
:103E4000324649464046D04701309DD00135E368AF
:103E500003995B1AAB42F2DCEBE7002504F119068B
:103E6000F5E700BF515A0108625A0108B1F90C2068
:103E70002DE9F041160705460C4654D44B68002B3B
:103E800002DC0B6C002B48DDE66A002E45D00023D7
:103E900012F480522F68216A2B6030D0626DA389A2
:103EA000590705D56368D21A636B0BB1236CD21A1C
:103EB0000023E66A216A2846B047431CA38906D13D
:103EC00029681D292BD82A4A0A41D60727D400225F
:103ED0006260D9042269226004D5421C01D12B689A
:103EE00003B96065616B2F60B9B104F14403994275
:103EF00002D02846FEF790FA002363630DE0012309
:103F00002846B0470246501CC9D12B68002BC6D0AA
:103F10001D2B01D0162B1ED12F60002022E043F074
:103F200040031BB21BE00F69002FF6D093070E6809
:103F300008BF4B690F6018BF0023A6EB07088B6012
:103F4000B8F1000FE9DD216AA66A43463A462846E1
:103F5000B047002808DCB4F90C3043F04003A381DB
:103F60004FF0FF30BDE8F0810744A8EB0008E7E719
:103F7000FEFFBFDF38B50B6905460C4613B90025B7
:103F8000284638BD18B1036A0BB9FEF781F8B4F9B9
:103F90000C30002BF3D0626ED00704D4990502D404
:103FA000A06DFEF716FA28462146FFF75FFF636E05
:103FB000DA070546E4D4A3899B05E1D4A06DFEF79A
:103FC00009FADDE7F8B50E461446054618B1036A4E
:103FD0000BB9FEF75DF8A369A360A3891A0701D5A1
:103FE000236943B92146284600F02AF818B14FF05A
:103FF000FF373846F8BD23682269981A6369F6B21C
:104000008342374605DC21462846FFF7B3FF0028E8
:10401000EDD1A368013BA36023685A1C22601E7087
:104020006269431C9A4204D0A389DB07E1D50A2EBA
:10403000DFD121462846FFF79DFF0028D9D0D6E7DB
:1040400038B5294B054618680C4618B1036A0BB9F8
:10405000FEF71EF8B4F90C30190722D4DA0607D49B
:1040600009222A6043F04003A3814FF0FF3033E080
:10407000580712D5616B41B104F14403994202D053
:104080002846FEF7C9F900236363A38923F02403BC
:10409000A3810023636023692360A38943F008039D
:1040A000A38123694BB9A38903F42073B3F5007F7F
:1040B00003D02146284600F0F7F8B4F90C3013F08D
:1040C00001020AD00022A26062695242A261226902
:1040D00042B913F08000C5D138BD990758BF626955
:1040E000A260F4E70020F7E724030020884210B51F
:1040F00001EB020402D98442234607D8431EA142A1
:1041000008D011F8012B03F8012FF8E7024401460B
:104110008A4200D110BD13F8014D02F8014DF7E7B6
:104120001F2938B505460C4604D9162303604FF005
:10413000FF3038BDC26B12B152F821304BB928465E
:1041400000F030F8224601462846BDE8384000F02D
:1041500017B8012B0AD0591C03D116230360012084
:10416000E7E7002142F82410204698470020E0E7C6
:10417000024B01461868FFF7D3BF00BF240300209D
:1041800038B5074D00230446084611462B60F3F767
:1041900099FA431C02D12B6803B1236038BD00BFDC
:1041A0003C620020F3F78CBA38B5064D0023044674
:1041B00008462B60F3F7BAFA431C02D12B6803B10F
:1041C000236038BD3C62002070B5A1FB02543CB9AD
:1041D0002946FEF7C7FC064628B90026304670BDC2
:1041E0000C220260F9E72A462146FDF7FCFFF5E7BD
:1041F000024B01461868FEF7B5BC00BF240300203F
:104200002DE9F041804615460C4621B9BDE8F04144
:104210001146FEF7A7BC2AB9FEF7FEF80024204697
:10422000BDE8F08100F09EF88542064602D8B5EB65
:10423000500FF4D829464046FEF794FC0746002864
:10424000ECD0B5422A46214628BF3246FEF7C3F8D5
:1042500021464046FEF7E0F83C46E0E770B50C46E4
:10426000B1F90E10002996B015461E460DDAA38945
:1042700013F0800F4FF0000114BF40234FF4806310
:10428000002031602B6016B070BD6A4600F048F81F
:104290000028ECDB019901F47041A1F5005359426B
:1042A00059414FF48063EBE78B89F7B59D070646CC
:1042B0000C4607D504F147032360236101236361A2
:1042C00003B0F0BD01AB6A46FFF7C8FF009F05468B
:1042D00039463046FEF746FC48B9B4F90C309A0529
:1042E000EED423F0030343F00203A381E2E7A389A2
:1042F000206043F08003A381019BC4E904075BB104
:10430000B4F90E10304600F01DF828B1A38923F04F
:10431000030343F00103A381A3891D43A581CFE7D4
:1043200038B5074D00230446084611462B60F3F7C5
:10433000F4F9431C02D12B6803B1236038BD00BFE0
:104340003C62002038B5064D0023044608462B6029
:10435000F3F7E8F9431C02D12B6803B1236038BDA1
:104360003C62002051F8043C181F002BBCBF0B58C6
:10437000C0187047F8B500BFF8BC08BC9E4670472F
:0C438000F8B500BFF8BC08BC9E467047B2
:1043900000000000000000FF0000FFFF00FFFFFF23
:1043A0000000000000FF0000FFFF0000FFFF00FF13
:1043B00000000000FF000000FFFF0000FFFFFF0003
:1043C000706172616D65746572732E76616C75656E
:1043D00000000000706172616D65746572732E6912
:1043E0006E7465726E616C5F69640000444953507D
:1043F0004154434845520000454E560048454154FB
:10440000455200004C434D0050554D5000000000F7
:1044100050575220535550504C5900005359535443
:10442000454D0000555345525F494E544552464153
:104430004345000056414C56450000002530385891
:10444000000000004845415254424541545F5354D6
:104450004154455F4F46460048454152544245410C
:10446000545F53544154455F4F4E0000000000001C
:104470004444010801000000584401085049445FC9
:1044800053544154455F4F46460000005049445F35
:1044900053544154455F4F4E000000005049445F63
:1044A0004D4F44455F5354414E4442590000000073
:1044B0005049445F4D4F44455F4C434D0000000060
:1044C0005049445F4D4F44455F4845415445520073
:1044D00053544154455F494E4143544956450000A9
:1044E00053544154455F4143544956450000000030
:1044F000414C4552545F4E4F545F52454144590020
:10450000414C4552545F4E4F4E450000414C455280
:10451000545F4C4F57000000414C4552545F4D458D
:104520004449554D00000000414C4552545F4849F4
:1045300047480000414C4552545F5741524E494E46
:104540004700000056414C56455F4D41494E000022
:1045500056414C56455F4155585F410056414C56B7
:10456000455F4155585F420056414C56455F4155A5
:10457000585F43004F4B000053797374656D206999
:104580007320627573790000524E47206572726F16
:10459000720000004B657920464C415348206572FB
:1045A000726F72004A534F4E20636F6D6D616E647F
:1045B0002073747275637475726520696E76616CB0
:1045C00069640000436F6D6D616E64206E6F7420CE
:1045D0007265636F676E697A65640000496E766123
:1045E0006C69642073657175656E6365206E756DA9
:1045F00062657200546865207265636569766564FA
:1046000020696420697320696E76616C69640000BA
:10461000506172616D65746572206D697373696E46
:10462000672066726F6D20636F6D6D616E64000050
:10463000506172616D657465722076616C7565207C
:10464000696E76616C6964005468652072656365A3
:104650006976656420737461746520697320696E7E
:1046600076616C696400000054686520726563655A
:1046700069766564207370656564206973206F7561
:1046800074206F662072616E67650000536F6D6500
:104690007468696E672077726F6E672077697468D7
:1046A0002055415254000000536F6D657468696E67
:1046B000672077726F6E672077697468205350495E
:1046C00000000000536F6D657468696E6720777233
:1046D0006F6E6720776974682049324300000000DC
:1046E00044657669636520696E20536166652D6D4A
:1046F0006F6465005468697320616374696F6E202C
:1047000069732064697361626C65640073656E73BC
:104710006F725F6572726F720000000044657669A7
:104720006365206E6F7420696E697469616C697A63
:10473000656400007365715F6E756D62657200007F
:10474000706172616D6574657273000073656E737C
:104750006F725F6461746100535550504C595F3201
:1047600034560000535550504C595F3132560000BA
:10477000535550504C595F3556000000535550501A
:104780004C595F335633000073797374656D5F73F2
:1047900074617465000000007265736572766F69FC
:1047A00072000000616D6269656E740073757070EF
:1047B0006C79000072657475726E000076616C76BB
:1047C000655F69640000000072736572766F6972DC
:1047D0005F696400706F7765725F737570706C7974
:1047E0005F6964006C65645F696400007374617480
:1047F000757300006572726F725F636F64650000AD
:104800004D4F44455F444542554700004D4F444598
:104810005F534146450000004D4F44455F534841BA
:104820004D000000766F6C746167655F6D56000027
:1048300063757272656E745F6D410000706F745FB6
:1048400076616C756500000073746174650000002A
:1048500074656D705F46000074656D705F430000A5
:104860006C6576656C000000707265735F5053492B
:104870000000000073706565645F52504D000000D9
:10488000616363656C5F7800616363656C5F790089
:10489000616363656C5F7A006779726F5F780000AF
:1048A0006779726F5F7900006779726F5F7A0000D5
:1048B0006D66675F646174610000000066775F7613
:1048C000657273696F6E0000696E7465726E616CFB
:1048D0005F69640070756D705F63757272656E7488
:1048E0005F6765740000000070756D705F696E69C8
:1048F0007400000076616C76655F73746174655F47
:104900007365740076616C76655F73746174655F5E
:104910006765740076616C76655F63757272656E4B
:10492000745F67657400000076616C76655F696E20
:10493000697400006865617465725F7374617465A1
:104940005F736574000000006865617465725F7371
:10495000746174655F676574000000006865617468
:1049600065725F63757272656E745F67657400006F
:104970006865617465725F74656D705F676574000A
:104980007265736572766F69725F6C6576656C5F70
:1049900067657400706F7765725F737570706C799E
:1049A0005F766F6C746167655F6765740000000017
:1049B000706F7765725F737570706C795F63757215
:1049C00072656E745F67657400000000706F7765D4
:1049D000725F737570706C795F73746174655F7307
:1049E00065740000706F7765725F737570706C79B5
:1049F0005F73746174655F67657400006C636D5FFD
:104A000073706565645F7365740000006C636D5F4F
:104A100073706565645F6765740000006C636D5F4B
:104A200063757272656E745F676574006C636D5F49
:104A300074656D705F676574000000006C636D5F86
:104A400066616E5F73746174655F73657400000006
:104A50006C636D5F66616E5F73746174655F6765DB
:104A6000740000006C636D5F66616E5F73706565F6
:104A7000645F7365740000006C636D5F66616E5FF8
:104A800073706565645F67657400000073757070AE
:104A90006C795F707265735F6765740073757070B1
:104AA0006C795F74656D705F6765740072657475AD
:104AB000726E5F74656D705F67657400616D6269C9
:104AC000656E745F74696C745F67657400000000E4
:104AD000616D6269656E745F74656D705F67657442
:104AE0000000000073797374656D5F6D6F64655FBE
:104AF0007365740073797374656D5F737461747535
:104B0000735F67657400000073797374656D5F6D22
:104B100066675F646174615F736574007379737451
:104B2000656D5F6D66675F646174615F6765740082
:104B300073797374656D5F66775F76657273696F9D
:104B40006E5F67657400000073797374656D5F68EC
:104B5000775F76657273696F6E5F676574000000DA
:104B600073797374656D5F7265736574000000001E
:104B700063727970746F5F6E65775F6B65795F7272
:104B80006571756573740000696E76616C69645F48
:104B9000636F6D6D616E6400696E76616C69645FF0
:104BA0006A736F6E000000007069645F73746174F3
:104BB000655F7365740000007069645F737461748D
:104BC000655F6765740000007069645F6D6F6465A0
:104BD0005F736574000000007069645F6D6F6465E9
:104BE0005F676574000000007069645F73657470CE
:104BF0006F696E745F736574000000007069645FB4
:104C0000736574706F696E745F676574000000008F
:104C10007069645F70726F706F7274696F6E616CCF
:104C20005F736574000000007069645F70726F707C
:104C30006F7274696F6E616C5F676574000000006D
:104C40007069645F696E74656772616C5F736574C7
:104C5000000000007069645F696E74656772616C62
:104C60005F676574000000007069645F6465726965
:104C70007661746976655F73657400007069645F5E
:104C8000646572697661746976655F676574000052
:104C90007069645F687973746572657369735F7353
:104CA000657400007069645F687973746572657318
:104CB00069735F67657400007069645F73656E7324
:104CC0006F725F726174696F5F73657400000000DA
:104CD0007069645F73656E736F725F726174696F20
:104CE0005F676574000000007069645F70657269D9
:104CF0006F645F73657400007069645F70657269EA
:104D00006F645F67657400007069645F73616D70E4
:104D10006C65735F736574007069645F73616D7057
:104D20006C65735F6765740075695F627574746F35
:104D30006E5F7374617475735F6765740000000063
:104D400075695F616C6572745F6C6576656C5F73C5
:104D50006574000075695F616C6572745F6C65767F
:104D6000656C5F67657400007069645F70756D7075
:104D70005F73706565645F73657400007069645F7C
:104D800070756D705F73706565645F676574000052
:104D90007069645F64656275675F676574000000D1
:104DA00068656172746265617400000068656172B3
:104DB00074626561745F7374617475735F73657435
:104DC000000000006865617274626561745F7374ED
:104DD000617475735F676574000000000000000077
:104DE000D044010801000000E04401080000000078
:104DF0009044010801000000804401080000000008
:104E0000F044010801000000004501080200000014
:104E10000C450108030000001845010804000000CB
:104E20002845010805000000344501080000000085
:104E3000444501080100000050450108020000003F
:104E40005C450108030000006845010800000000FF
:104E500074450108010000007845010802000000C7
:104E60008845010803000000944501080400000083
:104E7000A445010805000000C44501080600000023
:104E8000DC45010807000000F445010808000000A7
:104E90001046010809000000304601080A00000021
:104EA000484601080B000000684601080C0000009D
:104EB0008C4601080D000000A84601080E00000005
:104EC000C44601080F000000E04601081000000081
:104ED000F4460108110000000C4701081200000010
:104EE0001C47010800000000904B01080100000071
:104EF0003447010802000000404701080300000099
:104F00004C47010804000000584701080500000054
:104F10006447010806000000704701080700000010
:104F20007C470108080000008847010809000000CC
:104F3000984701080C000000A44701080D0000007C
:104F4000AC4701080E000000B44701080A00000049
:104F5000BC4701080B000000C84701080F00000013
:104F6000D447010810000000E447010811000000C8
:104F7000EC47010812000000F4470108000000009F
:104F800000480108010000000C4801080200000070
:104F9000A0440108030000001848010800000000B8
:104FA0002448010801000000304801080200000008
:104FB0003C480108030000004848010804000000C4
:104FC000504801080500000058480108060000008C
:104FD0006048010807000000684801080800000058
:104FE0007448010809000000804801080A00000018
:104FF000884801080B000000904801080C000000E0
:10500000984801080D000000A04801080E000000AB
:10501000A84801080F000000B04801081000000077
:10502000BC48010811000000C84801081200000037
:1050300040480108000000006C4D0108010000001C
:10504000804D010802000000D44801080300000060
:10505000E848010804000000F448010805000000C9
:105060000449010806000000144901080700000077
:10507000284901080800000034490108090000001F
:10508000484901080A0000005C4901080B000000C3
:10509000704901080C000000804901080D00000063
:1050A000944901080E000000B04901080F000000FB
:1050B000CC49010810000000E4490108110000007B
:1050C000FC490108120000000C4A0108130000000E
:1050D0001C4A0108140000002C4A010815000000B9
:1050E0003C4A010816000000504A01081700000061
:1050F000644A010818000000784A010819000000FD
:105100008C4A01081A0000009C4A01081B0000009C
:10511000AC4A01081C000000BC4A01081D00000048
:10512000D04A01081E000000E44A01081F000000E8
:10513000F44A010820000000084B0108210000008B
:105140001C4B010822000000304B01082300000026
:10515000484B010824000000604B010825000000B6
:10516000704B010826000000884B01082700000052
:10517000984B010828000000A84B010829000000F6
:10518000B84B01082A000000C84B01082B000000A2
:10519000D84B01082C000000E84B01082D0000004E
:1051A000FC4B01082E000000104C01082F000000ED
:1051B000284C010830000000404C0108310000007C
:1051C000544C010832000000684C01083300000014
:1051D0007C4C010834000000904C010835000000B0
:1051E000A44C010836000000B84C0108370000004C
:1051F000D04C010838000000E84C010839000000DC
:10520000F84C01083A000000084D01083B0000007E
:10521000184D01083C000000284D01083D00000029
:10522000404D01083E000000544D01083F000000C1
:10523000684D0108400000007C4D0108410000005D
:10524000904D010842000000A04D010843000000FD
:10525000AC4D010844000000C44D01082564000065
:10526000252E2A6600000000302E392E3100000065
:10527000253032780000000000000000000000002F
:10528000000000000000000000000000000000001E
:10529000000000000000000000000000000000000E
:1052A00000000000000000000000000001020304F4
:1052B00000000000000000000102030406070809C6
:1052C000627574746F6E5F72656C6561736564009E
:1052D000627574746F6E5F707265737365640000DD
:1052E00000000000C052010801000000D052010877
:1052F0000000000090440108010000008044010803
:1053000064197805000000000080000000100240D1
:105310006400E8030100000000800000001002406B
:10532000C800E8030200000000040000000402407E
:10533000C800E8030300000000040000000402406D
:105340006400D007040000000008000000040240D0
:105350006400F401050000000008000000040240A1
:10536000C800E80308000000230800004100000016
:105370001B0C000036000000351300002A0000005E
:10538000791F00001E0000007135000012000000AF
:105390006A5E00000600000052AE0000FAFFFFFF48
:1053A000E5510100EEFFFFFF0800000016080000B5
:1053B00041000000F20B0000360000000513000061
:1053C0002A000000661F00001E0000009235000049
:1053D00012000000D35E0000060000005FAF000076
:1053E000FAFFFFFF4E540100EEFFFFFFA000000098
:1053F000641800200F0000000700000001000000FA
:1054000006000000080000000E000000020000007E
:105410000500000023DBF93D0000A03F0000803FB5
:105420005C8FDA40CDCC8C3F8FC2D53FAE478140F8
:10543000000000410000000090440108010000004D
:105440008044010800100240000C0240001002409D
:105450000010024000080240001000010800100087
:1054600000080000D50000006418002049444C45A5
:1054700000000000282062756620213D204E554C1A
:105480004C20292026262028207374617274202144
:105490003D204E554C4C20292026262028206D6189
:1054A00078203E2030552029000000002E2E2F4D60
:1054B0006964646C6577617265732F54686972649E
:1054C0005F50617274792F636F72654A534F4E2F2C
:1054D000536F757263652F636F72655F6A736F6E6A
:1054E0002E6300006F757456616C756520213D2038
:1054F0004E554C4C0000000028206C656E677468A7
:10550000203E3D20325520292026262028206C656B
:105510006E677468203C3D2034552029000000004F
:1055200028206120213D204E554C4C202920262644
:105530002028206220213D204E554C4C202900007F
:105540006C69746572616C20213D204E554C4C0095
:10555000747275650000000066616C736500000080
:105560006E756C6C0000000069734F70656E42725E
:1055700061636B65745F28206D6F6465202900008E
:10558000282076616C756520213D204E554C4C20BD
:105590002920262620282076616C75654C656E676B
:1055A000746820213D204E554C4C202900000000FD
:1055B00028206B657920213D204E554C4C20292018
:1055C00026262028206B65794C656E67746820213B
:1055D0003D204E554C4C2029000000006E6578742B
:1055E0004B657956616C7565506169720000000009
:1055F0006E65787456616C7565000000736B697038
:105600005370616365000000736B69704F626A6577
:1056100063745363616C617273000000736B697033
:1056200041727261795363616C61727300000000B2
:10563000736B69705363616C61727300736B697033
:105640005370616365416E64436F6D6D610000006E
:10565000736B6970436F6C6C656374696F6E000087
:10566000736B69704469676974730000736B697068
:105670004E756D62657200007374726E4571000044
:10568000736B69704C69746572616C0073686F72DA
:10569000746573745554463800000000736B69706C
:1056A0004F6E654865784573636170650000000062
:1056B000736B6970537472696E67002C2066756E27
:1056C0006374696F6E3A2000617373657274696FF9
:1056D0006E2022257322206661696C65643A20661B
:1056E000696C6520222573222C206C696E6520254B
:1056F00064257325730A002E006E6600696E697456
:105700007900616E0000000034000000CEFBFFFF56
:10571000CB03000001000000000000003500000085
:10572000CEFBFFFFCB0300000100000000000000E3
:10573000BC89D897B2D29C3C33A7A8D523F6493967
:105740003DA7F444FD0FA5329D978CCF08BA5B2589
:10575000436FAC6428066811002020202020202000
:105760002020282828282820202020202020202011
:105770002020202020202020208810101010101021
:10578000101010101010101010040404040404046D
:105790000404041010101010101041414141414107
:1057A00001010101010101010101010101010101E9
:1057B00001010101101010101010424242424242F9
:1057C00002020202020202020202020202020202B9
:1057D0000202020210101010200000000000000061
:1057E00000000000000000000000000000000000B9
:1057F00000000000000000000000000000000000A9
:105800000000000000000000000000000000000098
:105810000000000000000000000000000000000088
:105820000000000000000000000000000000000078
:105830000000000000000000000000000000000068
:105840000000000000000000000000000000000058
:105850000000000000000000004300504F53495872
:105860000042616C6C6F632073756363656564658A
:1058700064002F6275696C642F676E752D746F6F8D
:105880006C732D666F722D73746D33325F31322EEF
:10589000332E72656C312E32303234303330362D47
:1058A000313733302F7372632F6E65776C69622FD7
:1058B0006E65776C69622F6C6962632F7374646CB8
:1058C00069622F6764746F612D6765746865782EEF
:1058D00063005245454E54206D616C6C6F632073BC
:1058E0007563636565646564002F6275696C642F18
:1058F000676E752D746F6F6C732D666F722D737478
:105900006D33325F31322E332E72656C312E323070
:105910003234303330362D313733302F7372632FBA
:105920006E65776C69622F6E65776C69622F6C6942
:1059300062632F7374646C69622F6D707265632E7D
:105940006300000005000000190000007D00000059
:105950000080E03779C34143176E05B5B5B893466B
:10596000F5F93FE9034F384D321D30F94877825A37
:105970003CBF737FDD4F1575000000000000F03F55
:10598000000000000000244000000000000059401A
:105990000000000000408F40000000000088C3406D
:1059A00000000000006AF8400000000080842E41E2
:1059B00000000000D01263410000000084D797412E
:1059C0000000000065CDCD41000000205FA0024234
:1059D000000000E876483742000000A2941A6D42A9
:1059E000000040E59C30A2420000901EC4BCD6429C
:1059F00000003426F56B0C430080E03779C3414347
:105A000000A0D8855734764300C84E676DC1AB43BC
:105A1000003D9160E458E143408CB5781DAF1544DA
:105A200050EFE2D6E41A4B4492D54D06CFF08044B5
:105A3000F64AE1C7022DB544B49DD9794378EA44CA
:105A4000232D302B2000686C4C0065666745464767
:105A500000303132333435363738394142434445EA
:105A60004600303132333435363738396162636459
:045A70006566000067
:085A74007CA7FE7F0100000089
:045A7C00D501000848
:045A8000B101000868
:105A84007C4401088C4401089C440108B04401088A
:105A9400C04401080000AC420000DEC3CDCC0CC001
:105AA4000000C0C00000803F640000000A00000045
:105AB4006666663F280000000000E0410000000028
:105AC4009A99193F0000803F640000000A0000001A
:105AD4006666663F280000000000003F0024F400D2
:105AE4009F7F00086984000875850008D184000838
:105AF400C97F0008DD850008ED8100086186000883
:105B040035860008C17D000835820008218300081D
:105B140071820008ED7D000879830008757F000814
:105B2400ED830008C183000851810008A3840008A4
:105B340023820008997D0008010000001000000085
:105B44000000000001000000000000000000000050
:105B5400B41900200000000008000000000002400A
:105B640000006400000000000000000001000000CC
:105B7400A400000064180020000000009000000051
:105B8400641800200000000000000000000402402F
:105B9400000200000300000000E00846A8530108CA
:105BA4000200000000E00846A853010801000000BC
:105BB4000060EA4564530108C00000006418002036
:105BC400000000000000000000000000AC1B0020EA
:105BD4003023002000000000B0220020000000005C
:105BE40001000000F41B0020B02000200000000091
:105BF400B01C0020000000000000000000000000B5
:105C04000000000000000000000000000000000090
:105C14000000000000000000000000000000000080
:105C24000000000000000000AAAAAAAA00000000C8
:105C34000300000000610020430000000000000099
:105C44000000000000000000000000000000000050
:105C540000000000000000004300000000000000FD
:105C64000000000000000000000000000000000030
:105C740000000000000000004300000000000000DD
:105C84000000000000000000000000000000000010
:105C940000000000000000004300000000000000BD
:105CA40000000000000000000000000000000000F0
:105CB400000000000000000043000000000000009D
:105CC40000000000000000000000000000000000D0
:105CD400000000000000000043000000000000007D
:105CE40000000000000000000000000000000000B0
:105CF400000000000000000043000000000000005D
:105D0400000000000000000000000000000000008F
:105D1400000000000000000005360108652C0108A1
:105D24000000000058570108F7560108F65601080C
:105D3400F6560108F6560108F6560108F65601080B
:105D4400F6560108F6560108F6560108F6560108FB
:105D5400FFFFFFFFFFFFFFFFFFFFFFFFFFFF00004D
:105D640001004153434949000000000000000000C5
:105D7400000000000000000000000000000000001F
:105D840000004153434949000000000000000000A6
:105D940000000000000000000000000000000000FF
:105DA4000000000028030020000000000061002023
:105DB40068610020D06100200000000000000000A5
:105DC40000000000000000000000000000000000CF
:105DD40000000000000000000000000000000000BF
:105DE40000000000000000000000000000000000AF
:045DF40000000000AB
:0400000508007D452D
:00000001FF
