:020000040800F2
:1000000000000320F9AE0008C1A40008C9A400083C
:10001000D1A40008D9A40008E1A400080000000051
:10002000000000000000000000000000516A01080C
:10003000E9A4000800000000A16C0108096D010896
:1000400049AF000849AF000849AF000849AF0008B0
:1000500049AF000849AF000849AF000849AF0008A0
:1000600049AF0008F7A4000849AF000849AF0008ED
:1000700049AF000849AF000849AF000849AF000880
:1000800049AF000849AF000849AF000849AF000870
:1000900049AF000849AF000849AF000849AF000860
:1000A00049AF000805A5000821A5000849AF0008D0
:1000B00049AF000835A5000849AF000849AF00085E
:1000C00049AF000849AF000849AF000849AF000830
:1000D00049AF000849A500085DA5000849AF000820
:1000E00049AF000849AF000849AF000849AF000810
:1000F00071A5000849AF000849AF000849AF0008E2
:1001000049AF000849AF000849AF000849AF0008EF
:1001100049AF000849AF000885A5000899A5000867
:1001200049AF000849AF000849AF000849AF0008CF
:1001300049AF000849AF000849AF000849AF0008BF
:1001400049AF000849AF000849AF000849AF0008AF
:1001500049AF000849AF000849AF000849AF00089F
:1001600049AF000849AF000849AF000849AF00088F
:1001700049AF000849AF000849AF000849AF00087F
:1001800049AF000849AF000849AF000849AF00086F
:1001900049AF000849AF000849AF000849AF00085F
:0C01A000000000000000000049AF000853
:1001B00010B5054C237833B9044B13B10448AFF3A1
:1001C00000800123237010BD3C04002000000000CB
:1001D0003CCF010808B5034B1BB103490348AFF3FB
:1001E000008008BD00000000400400203CCF010852
:1001F00001F0FF01102A2BDB10F0070F08D010F8D8
:10020000013B013A8B422DD010F0070F42B3F6D1DB
:10021000F0B441EA012141EA014122F007047FF0F4
:1002200000070023F0E80256083C85EA010586EA4B
:10023000010685FA47F5A3FA87F586FA47F6A5FA87
:1002400087F68EB9EED1F0BC01F0FF0102F0070293
:1002500032B110F8013B013A83EA010313B1F8D13E
:100260000020704701387047002D06BF354603381F
:10027000073815F0010F07D1013015F4807F02BF58
:10028000013015F4C03F0130F0BC0138704700BFA9
:10029000034613F8012B002AFBD1181A01387047C6
:1002A00081F0004102E000BF83F0004330B54FEA27
:1002B00041044FEA430594EA050F08BF90EA020F94
:1002C0001FBF54EA000C55EA020C7FEA645C7FEA27
:1002D000655C00F0E2804FEA5454D4EB5555B8BF4A
:1002E0006D420CDD2C4480EA020281EA030382EABB
:1002F000000083EA010180EA020281EA0303362D4D
:1003000088BF30BD11F0004F4FEA01314FF4801C1F
:100310004CEA113102D0404261EB410113F0004F31
:100320004FEA03334CEA133302D0524263EB4303E8
:1003300094EA050F00F0A780A4F10104D5F1200E86
:100340000DDB02FA0EFC22FA05F2801841F10001E1
:1003500003FA0EF2801843FA05F359410EE0A5F1B5
:1003600020050EF1200E012A03FA0EFC28BF4CF0E6
:10037000020C43FA05F3C01851EBE37101F000459C
:1003800007D54FF0000EDCF1000C7EEB00006EEBA9
:100390000101B1F5801F1BD3B1F5001F0CD3490833
:1003A0005FEA30004FEA3C0C04F101044FEA44528A
:1003B00012F5800F80F09A80BCF1004F08BF5FEA11
:1003C000500C50F1000041EB045141EA050130BDF1
:1003D0005FEA4C0C404141EB0101013C28BFB1F503
:1003E000801FE9D291F0000F04BF01460020B1FA4E
:1003F00081F308BF2033A3F10B03B3F120020CDA21
:100400000C3208DD02F1140CC2F10C0201FA0CF0FE
:1004100021FA02F10CE002F11402D8BFC2F1200C63
:1004200001FA02F120FA0CFCDCBF41EA0C01904019
:10043000E41AA2BF01EB0451294330BD6FEA040462
:100440001F3C1CDA0C340EDC04F11404C4F120024D
:1004500020FA04F001FA02F340EA030021FA04F35F
:1004600045EA030130BDC4F10C04C4F1200220FAB6
:1004700002F001FA04F340EA0300294630BD21FAF4
:1004800004F0294630BD94F0000F83F4801306BFBA
:1004900081F480110134013D4EE77FEA645C18BFAE
:1004A0007FEA655C29D094EA050F08BF90EA020F45
:1004B00005D054EA000C04BF1946104630BD91EA3D
:1004C000030F1EBF0021002030BD5FEA545C05D140
:1004D0004000494128BF41F0004130BD14F580047F
:1004E0003CBF01F5801130BD01F0004545F0FE41F3
:1004F00041F470014FF0000030BD7FEA645C1ABF28
:10050000194610467FEA655C1CBF0B46024650EA5E
:10051000013406BF52EA033591EA030F41F400218A
:1005200030BD00BF90F0000F04BF0021704730B510
:100530004FF4806404F132044FF000054FF00001E5
:1005400050E700BF90F0000F04BF0021704730B5A6
:100550004FF4806404F1320410F0004548BF40427B
:100560004FF000013EE700BF42004FEAE2014FEAD0
:1005700031014FEA02701FBF12F07F4393F07F4FAB
:1005800081F06051704732F07F4208BF704793F0AE
:100590007F4F04BF41F40021704730B54FF46074C1
:1005A00001F0004521F000411CE700BF50EA0102C4
:1005B00008BF704730B54FF000050AE050EA01026D
:1005C00008BF704730B511F0004502D5404261EBDD
:1005D00041014FF4806404F132045FEA915C3FF41E
:1005E000D8AE4FF003025FEADC0C18BF03325FEABB
:1005F000DC0C18BF033202EBDC02C2F1200300FA6C
:1006000003FC20FA02F001FA03FE40EA0E0021FA90
:1006100002F11444BDE600BF70B54FF0FF0C4CF47E
:10062000E06C1CEA11541DBF1CEA135594EA0C0F30
:1006300095EA0C0F00F0DEF82C4481EA030621EA6B
:100640004C5123EA4C5350EA013518BF52EA0335A6
:1006500041F4801143F4801338D0A0FB02CE4FF058
:100660000005E1FB02E506F00042E0FB03E54FF088
:100670000006E1FB03569CF0000F18BF4EF0010E80
:10068000A4F1FF04B6F5007F64F5407404D25FEA7C
:100690004E0E6D4146EB060642EAC62141EA55512F
:1006A0004FEAC52040EA5E504FEACE2EB4F1FD0C71
:1006B00088BFBCF5E06F1ED8BEF1004F08BF5FEAEF
:1006C000500E50F1000041EB045170BD06F00046A1
:1006D00046EA010140EA020081EA0301B4EB5C044E
:1006E000C2BFD4EB0C0541EA045170BD41F4801146
:1006F0004FF0000E013C00F3AB8014F1360FDEBF6B
:10070000002001F0004170BDC4F10004203C35DA46
:100710000C341BDC04F11404C4F1200500FA05F3C9
:1007200020FA04F001FA05F240EA020001F000426A
:1007300021F0004110EBD37021FA04F642EB0601E0
:100740005EEA430E08BF20EAD37070BDC4F10C040A
:10075000C4F1200500FA04F320FA05F001FA04F2CE
:1007600040EA020001F0004110EBD37041F10001BA
:100770005EEA430E08BF20EAD37070BDC4F12005C5
:1007800000FA05F24EEA020E20FA04F301FA05F22D
:1007900043EA020321FA04F001F0004121FA04F2D5
:1007A00020EA020000EBD3705EEA430E08BF20EAA5
:1007B000D37070BD94F0000F0FD101F000464000DF
:1007C00041EB010111F4801F08BF013CF7D041EA61
:1007D000060195F0000F18BF704703F00046520065
:1007E00043EB030313F4801F08BF013DF7D043EA36
:1007F0000603704794EA0C0F0CEA135518BF95EAEC
:100800000C0F0CD050EA410618BF52EA4306D1D172
:1008100081EA030101F000414FF0000070BD50EA91
:10082000410606BF1046194652EA430619D094EA1B
:100830000C0F02D150EA013613D195EA0C0F05D105
:1008400052EA03361CBF104619460AD181EA030159
:1008500001F0004141F0FE4141F470014FF0000011
:1008600070BD41F0FE4141F4780170BD70B54FF0AC
:10087000FF0C4CF4E06C1CEA11541DBF1CEA13552C
:1008800094EA0C0F95EA0C0F00F0A7F8A4EB05040E
:1008900081EA030E52EA03354FEA013100F0888005
:1008A0004FEA03334FF0805545EA131343EA1263CE
:1008B0004FEA022245EA111545EA10654FEA002683
:1008C0000EF000419D4208BF964244F1FD0404F53C
:1008D000407402D25B084FEA3202B61A65EB030598
:1008E0005B084FEA32024FF480104FF4002CB6EB55
:1008F000020E75EB030E22BFB61A754640EA0C00D5
:100900005B084FEA3202B6EB020E75EB030E22BF14
:10091000B61A754640EA5C005B084FEA3202B6EB55
:10092000020E75EB030E22BFB61A754640EA9C0014
:100930005B084FEA3202B6EB020E75EB030E22BFE4
:10094000B61A754640EADC0055EA060E18D04FEAA2
:10095000051545EA16754FEA06164FEAC30343EA42
:1009600052734FEAC2025FEA1C1CC0D111F4801F0F
:100970000BD141EA00014FF000004FF0004CB6E708
:1009800011F4801F04BF01430020B4F1FD0C88BFA7
:10099000BCF5E06F3FF6AFAEB5EB030C04BFB6EBB2
:1009A000020C5FEA500C50F1000041EB045170BDA5
:1009B0000EF0004E4EEA113114EB5C04C2BFD4EBD2
:1009C0000C0541EA045170BD41F480114FF0000E56
:1009D000013C90E645EA060E8DE60CEA135594EAD2
:1009E0000C0F08BF95EA0C0F3FF43BAF94EA0C0FD5
:1009F0000AD150EA01347FF434AF95EA0C0F7FF44A
:100A000025AF104619462CE795EA0C0F06D152EA9D
:100A100003353FF4FDAE1046194622E750EA410681
:100A200018BF52EA43067FF4C5AE50EA41047FF492
:100A30000DAF52EA43057FF4EBAE12E74FF0FF3CF7
:100A400006E000BF4FF0010C02E000BF4FF0010CC8
:100A50004DF804CD4FEA410C7FEA6C5C4FEA430C41
:100A600018BF7FEA6C5C1BD001B050EA410C0CBF90
:100A700052EA430C91EA030F02BF90EA020F0020F2
:100A8000704710F1000F91EA030F58BF994208BF59
:100A900090422CBFD8176FEAE37040F00100704716
:100AA0004FEA410C7FEA6C5C02D150EA013C07D16D
:100AB0004FEA430C7FEA6C5CD6D152EA033CD3D0B8
:100AC0005DF8040B704700BF8446104662468C46B2
:100AD0001946634600E000BF01B5FFF7B7FF0028E5
:100AE00048BF10F1000F01BD4DF808EDFFF7F4FF0E
:100AF0000CBF012000205DF808FB00BF4DF808ED99
:100B0000FFF7EAFF34BF012000205DF808FB00BFBB
:100B10004DF808EDFFF7E0FF94BF012000205DF8DD
:100B200008FB00BF4DF808EDFFF7CEFF94BF012092
:100B300000205DF808FB00BF4DF808EDFFF7C4FF8B
:100B400034BF012000205DF808FB00BF4FEA410CD4
:100B50007FEA6C5C02D150EA013C0AD14FEA430CB7
:100B60007FEA6C5C02D152EA033C02D14FF00000F4
:100B700070474FF0010070474FEA410212F5001232
:100B800015D211D56FF47873B3EB625212D94FEAD4
:100B9000C12343F0004343EA505311F0004F23FABE
:100BA00002F018BF404270474FF00000704750EA13
:100BB000013005D111F0004008BF6FF000407047D0
:100BC0004FF00000704700BF4A0011D212F500122A
:100BD00011D20DD56FF47873B3EB62520ED44FEA95
:100BE000C12343F0004343EA505323FA02F0704715
:100BF0004FF00000704750EA013002D14FF0FF3053
:100C000070474FF0000070474FEA4102B2F1E043F5
:100C100024BFB3F5001CDCF1FE5C0DD901F0004CE3
:100C20004FEAC0024CEA5070B2F1004F40EB830033
:100C300008BF20F00100704711F0804F21D113F15F
:100C40003872BCBF01F00040704741F480114FEA98
:100C50005252C2F11802C2F1200C10FA0CF320FA21
:100C600002F018BF40F001004FEAC1234FEAD3233E
:100C700003FA0CFC40EA0C0023FA02F34FEA4303A8
:100C8000CCE77FEA625307D150EA01331EBF4FF031
:100C9000FE4040F44000704701F0004040F0FE404C
:100CA00040F40000704700BF53B94AB9002908BF9B
:100CB00000281CBF4FF0FF314FF0FF3000F0BEB9ED
:100CC000ADF1080C6DE904CE00F03CF8DDF804E06D
:100CD000DDE9022304B0704738B500220023044642
:100CE0000D46FFF70BFF28B920462946BDE83840DE
:100CF00000F00AB8204605F1004100F005F8404236
:100D000061EB410138BD00BFD0B50C4B0022064657
:100D10000F46FFF781FCFFF757FF0446FFF702FC81
:100D2000074B0022FFF778FC02460B463046394657
:100D3000FFF7BAFAFFF748FF2146D0BD0000F03DAB
:100D40000000F0412DE9F047089D0F4604468C460F
:100D5000002B48D18A42164661D9B2FA82F34BB1D0
:100D6000C3F1200201FA03FC20FA02F29E4042EA9B
:100D70000C0C9C404FEA164EB7B2BCFBFEF1220CA5
:100D80000EFB11CC42EA0C4201FB07F0904209D95C
:100D9000B21801F1FF3C80F0EE80904240F2EB800F
:100DA00002393244121AA4B2B2FBFEF00EFB10223A
:100DB00044EA024400FB07F7A74209D9341900F1BD
:100DC000FF3280F0DA80A74240F2D7803444023804
:100DD00040EA0140E41B00211DB1DC400023C5E9CD
:100DE0000043BDE8F0878B4206D90DB1C5E900018B
:100DF00000210846BDE8F087B3FA83F1002948D105
:100E0000BB4202D3824200F20781841A67EB0302DD
:100E100001209446002DE4D0C5E9004CE1E7002A0A
:100E200000F09280B2FA82F3002B40F0A8808A1A78
:100E30004FEA164E1FFA86FC0121200CB2FBFEF78A
:100E40000EFB172240EA02420CFB07F0904207D942
:100E5000B21807F1FF3802D2904200F2E280474612
:100E6000121AA4B2B2FBFEF00EFB102244EA0244B6
:100E70000CFB00FCA44507D9341900F1FF3202D263
:100E8000A44500F2CB801046A4EB0C0440EA0740D6
:100E9000A2E7C1F120068B4022FA06FC4CEA030CC3
:100EA00007FA01F420FA06F3F7404FEA1C492343FE
:100EB00000FA01F81FFA8CFEB7FBF9F01C0C09FBD5
:100EC000107744EA074400FB0EF7A74202FA01F24A
:100ED0000AD91CEB040400F1FF3A80F09B80A74282
:100EE00040F2988002386444E41B9FB2B4FBF9F3EB
:100EF00009FB134447EA044403FB0EFEA64509D947
:100F00001CEB040403F1FF3780F08280A6457FD9F3
:100F1000023B644443EA0040A4EB0E04A0FB02E75A
:100F2000BC427346B94663D360D05DB1B8EB0302EF
:100F300064EB090404FA06F622FA01F31E43CC40DE
:100F4000C5E9006400214CE76208480842EAC17123
:100F50000B0C43EA00438AB242EA0342B3FBF6F1C8
:100F6000E407B4463746B6461F23B0FBF6F0D21B63
:100F700041EA004161E7614614E7104628E7C3F102
:100F8000200120FA01F29E4027FA01F19F403A43E6
:100F90004FEA164E1FFA86FCB1FBFEF70EFB171048
:100FA000110C41EA004107FB0CF8884504FA03F4F0
:100FB0003AD9711807F1FF3001D288451FD8A1EB4B
:100FC0000801B1FBFEF808FB0CF70EFB181192B2FA
:100FD00042EA0142BA422FD2B21808F1FF31C6D21A
:100FE000BA42C4D2A8F102013244C0E7F0459CD213
:100FF000BEEB020367EB0C070138B94695E7A6EB99
:1010000008084144B81EB1FBFEF808FB0CF7DCE70A
:101010003B467FE7504667E70846FBE63444023824
:1010200032E7023F32441BE7A1EB08013846B1FB2F
:10103000FEF808FB0CF7C8E7414698E7704700BF89
:1010400080B596B002AF00224FF40071012014F079
:10105000B9F803469E4A13609D4B1B68002B01D1D3
:101060000023B9E100224FF48061012014F0AAF8B6
:101070000346984A1360974B1B68002B01D100234D
:10108000AAE1082014F0CFFC0346934A1360934B67
:101090001B68002B0BD14FF0500383F31188BFF373
:1010A0006F8FBFF34F8FBB6400BF00BFFDE78C4B5A
:1010B0001B68002B0BD14FF0500383F31188BFF353
:1010C0006F8FBFF34F8F7B6400BF00BFFDE7854B81
:1010D0001B68002B0BD14FF0500383F31188BFF333
:1010E0006F8FBFF34F8F3B6400BF00BFFDE77E4BA8
:1010F0001B68002B0BD14FF0500383F31188BFF313
:101100006F8FBFF34F8FFB6300BF00BFFDE7774BCF
:101110001B68002B0BD14FF0500383F31188BFF3F2
:101120006F8FBFF34F8FBB6300BF00BFFDE7704BF6
:101130001B68002B0BD14FF0500383F31188BFF3D2
:101140006F8FBFF34F8F7B6300BF00BFFDE7694B1D
:101150001B68002B0BD14FF0500383F31188BFF3B2
:101160006F8FBFF34F8F3B6300BF00BFFDE7624B44
:101170001B68002B0BD14FF0500383F31188BFF392
:101180006F8FBFF34F8FFB6200BF00BFFDE75B4B6C
:101190001B68002B0BD14FF0500383F31188BFF372
:1011A0006F8FBFF34F8FBB6200BF00BFFDE7544B93
:1011B0001B68002B0BD14FF0500383F31188BFF352
:1011C0006F8FBFF34F8F7B6200BF00BFFDE74D4BBA
:1011D0001B68002B0BD14FF0500383F31188BFF332
:1011E0006F8FBFF34F8F3B6200BF00BFFDE7464BE1
:1011F0001B68002B0BD14FF0500383F31188BFF312
:101200006F8FBFF34F8FFB6100BF00BFFDE73F4B08
:101210001B68002B0BD14FF0500383F31188BFF3F1
:101220006F8FBFF34F8FBB6100BF00BFFDE7384B2F
:101230001B68002B0BD14FF0500383F31188BFF3D1
:101240006F8FBFF34F8F7B6100BF00BFFDE7314B56
:101250001B68002B0BD14FF0500383F31188BFF3B1
:101260006F8FBFF34F8F3B6100BF00BFFDE72A4B7D
:101270001B68002B0BD14FF0500383F31188BFF391
:101280006F8FBFF34F8FFB6000BF00BFFDE7234BA5
:101290001B68002B0BD14FF0500383F31188BFF371
:1012A0006F8FBFF34F8FBB6000BF00BFFDE71C4BCC
:1012B0001B68002B36D14FF0500383F31188BFF326
:1012C0006F8FBFF34F8F7B6000BF00BFFDE700BF94
:1012D000600C0020640C0020680C0020000F00202F
:1012E000040F0020080F00200C0F0020980E002093
:1012F0009C0E0020CC0E0020D00E00204C0E0020B2
:10130000500E0020400F0020440F00203C10002011
:1013100040100020740F0020780F002010100020D3
:10132000141000202E4B1B682E4A126811461846D6
:1013300014F088FB2C4B1B682A4A12681146184689
:1013400014F080FB294B1B68264A12681146184688
:1013500014F078FB264B1B68224A12681146184687
:1013600014F070FB234B1B681E4A12681146184686
:1013700014F068FB204B1B681A4A12681146184685
:1013800014F060FB1D4B1B68164A12681146184684
:1013900014F058FB1A4B1B68124A12681146184683
:1013A00014F050FB174B1B680E4A12681146184682
:1013B00014F048FB144B01930023009300234FF4D7
:1013C00080721249124814F02CFCF864FB6C012B5B
:1013D00001D0002300E0012318465037BD4680BDF0
:1013E000600C0020680C0020040F00209C0E0020E0
:1013F000780F0020D00E0020500E0020440F002057
:1014000040100020141000205C0C002058CF010870
:101410001514000880B584B000AF786005F03EFC7C
:101420005B4B1B684FF0FF31184614F02CFBF86043
:10143000584B1B68FA689A420DD1564B1B68002224
:101440005549184614F0F0F80346012BE8D15248EC
:1014500000F0C4F8E4E7514B1B68FA689A420DD1DA
:101460004E4B1B6800224E49184614F0DDF8034627
:10147000012BD5D14A4802F0B1FFD1E7494B1B6897
:10148000FA689A420DD1474B1B680022464918461C
:1014900014F0CAF80346012BC2D1434803F01CF8EC
:1014A000BEE7424B1B68FA689A420DD13F4B1B685E
:1014B00000223F49184614F0B7F80346012BAFD17C
:1014C0003B4803F089F8ABE73A4B1B68FA689A424D
:1014D0000DD1384B1B6800223749184614F0A4F888
:1014E0000346012B9CD1344803F056F998E7334B5F
:1014F0001B68FA689A420DD1304B1B6800223049B4
:10150000184614F091F80346012B89D12C4803F0BA
:10151000A5FA85E72B4B1B68FA689A420ED1294B36
:101520001B6800222849184614F07EF80346012B58
:101530007FF476AF244803F011FA71E7234B1B6860
:10154000FA689A420ED1214B1B68002220491846A6
:1015500014F06AF80346012B7FF462AF1C4803F0D5
:10156000EBFB5DE71B4B1B68FA689A427FF458AFB0
:10157000184B1B6800221849184614F055F803460A
:10158000012B7FF44DAF144803F0EEFC48E700BF99
:10159000680C0020600C002058080020040F002078
:1015A0009C0C00209C0E0020E40C0020780F0020F2
:1015B000D00D0020D00E0020740D0020500E002011
:1015C000180D0020440F00204C0D0020401000207A
:1015D000C00C002014100020280E0020B0B59CB0D4
:1015E00004AF78609E4A9F49786805F02BFA03465D
:1015F00087F85F309B48FEF74BFE03469BB2013BEA
:101600009AB2994B1A80984B1B884FF6FF729342FF
:1016100002D0954B1B8800E00023934A1380924B25
:101620001B8819468F4816F01BFE0346012B42F01B
:10163000BE8697F85F30002B42F0B9868A4B1B8834
:101640001D468A4B5C68894B5B681846FEF720FE96
:10165000034600220292864A0192864A009222465E
:101660002946804817F069FA0346012B42F0968616
:101670007D4B1B881D467D4BDC687C4BDB68184628
:10168000FEF706FE0346002202927B4A01927B4A45
:10169000009222462946734817F04FFA0346012B61
:1016A00042F07486754B1B680A227549184618F07B
:1016B000FDF80346734A1360734B1B8823EAE372F9
:1016C000704B1B689A42B4BF01230023DBB219465A
:1016D0006D4B1B884FF6FF7293420CBF0123002312
:1016E000DAB2684B1B68002B0CBF01230023DBB26E
:1016F0001340DBB20B43002B02F04086614B1B68AA
:101700009AB2624B1A80614B1A885F4B1A80594B10
:101710001B685F4AD2F8F410554A1268184618F050
:1017200083FE0346002B40F0BD805A4B1E221A70E8
:10173000564B1A88574B1A814B4B1B88194600236E
:1017400002934D4B01934D4B00931023524A454851
:1017500017F0F3F90346012B74D1484B1B684F4A2D
:101760005168454A1268184618F05EFE0346002B81
:101770000DD1484B002283F82920494B18680023DB
:101780004FF0FF32434913F07BFD02F018BE3B4B94
:101790001B68424A5169384A1268184618F044FEDC
:1017A0000346002B0DD13B4B022283F829203C4BF2
:1017B000186800234FF0FF32364913F061FD02F044
:1017C000FEBD2E4B1B68354AD1692B4A126818465C
:1017D00018F02AFE0346002B0DD12E4B032283F86E
:1017E00029202F4B186800234FF0FF32294913F0AE
:1017F00047FD02F0E4BD214B1B68284AD1681E4A10
:101800001268184618F010FE0346002B0DD1214B2C
:10181000012283F82920224B186800234FF0FF3261
:101820001C4913F02DFD02F0CABD1A4B032283F8A8
:101830002820184B092283F82A20164802F0CCFEF3
:1018400002F0BDBD134B032283F82820114B082260
:1018500083F82A200F4802F0BFFE02F0B0BD00BF9F
:10186000440E002058040020580C0020E0E001083D
:10187000700C00206C0C0020780C0020740C0020F0
:10188000400E0020800C0020840C00207C0C0020E6
:1018900000DE0108880D002064CF0108C0E00108C7
:1018A000740F0020B44B1B68B44AD2F82411B44A18
:1018B0001268184618F0B8FD0346002B1BD1B14B37
:1018C00024221A70B04B1A88AE4B1A81AD4B0022FD
:1018D00083F82820AB4B002283F82A20A94802F085
:1018E0007BFE4FF4FA700AF0CFFD05F03FFB0BF0E2
:1018F0001CFB02F064BDA04B1B68A04AD2F8141276
:101900009F4A1268184618F08FFD0346002B3ED1FF
:1019100005F0F4F90346002B2ED005F0D9FA034662
:10192000002B02D1012005F0BDFA05F0C5F90346F0
:1019300087F8593097F85930012B0AD1924B198802
:101940000023009301230122422003F08FF902F0CB
:1019500036BD97F85930002B42F031858A4B1C88F0
:1019600005F04AFA03460093002300222146422054
:1019700003F07CF902F023BD834B19880023009308
:1019800010230422422003F071F902F018BD7A4BB3
:101990001B687A4AD2F81C12794A1268184618F065
:1019A00043FD0346002B62D1784B1B881946002368
:1019B0000293774B0193774B00931023764A774835
:1019C00017F0BBF80346012B46D1724B1B68744AD3
:1019D000D1686F4A1268184618F026FD0346002B9E
:1019E00011D105F08BF90346002B01D105F092F9D6
:1019F000624B93F81802644B19880023002203F00D
:101A0000F9F802F0DCBC634B1B68654A5168604A18
:101A10001268184618F008FD0346002B11D105F096
:101A20006DF90346012B01D105F0B2F9534B93F840
:101A30001802554B19880023002203F0DBF802F04E
:101A4000BEBC4E4B93F818024F4B19880923032252
:101A500003F0D0F802F0B3BC484B93F818024A4B9D
:101A600019880823032203F0C5F802F0A8BC05F08A
:101A700039F90346002B0AD0434B19880023009301
:101A80000F230522422003F0F1F802F098BC3A4BF4
:101A90001B683A4AD2F82412394A1268184618F0DC
:101AA000C3FC0346002B7DD105F028F90346002B2B
:101AB00023D105F0EBFA05F0F5FA304B93F820321C
:101AC000314A12881146184605F092FB05F04AFB90
:101AD00000220021002006F05BFC05F0FBFA05F077
:101AE00059FB05F0BDFA044605F0C4FA0346194651
:101AF000204603F09FFA02F062BC05F0FFF80346AF
:101B0000012B23D105F0C2FA05F0CCFA1B4B93F858
:101B100020321D4A12881146184605F069FB05F06F
:101B200021FB01220021002006F032FC05F0D2FA50
:101B300005F030FB05F094FA044605F09BFA0346E5
:101B40001946204603F076FA02F039BC0B4B93F8A5
:101B500020020D4B19880923032203F04BF805F0EE
:101B60007FFA044605F086FA03461946204603F03C
:101B700061FA02F024BC00BF6C0C002000DE0108FA
:101B8000700C0020880D00207C0C0020580C0020D8
:101B9000780C0020740C002064CF01085804002049
:101BA000F0DD0108A54B1B68A54A5168A54A1268DB
:101BB000184618F039FC0346002B3ED1A24B0022F8
:101BC0001A70A24B1A88A04B1A81A14B1B88194688
:101BD000002302939F4B01939F4B009310239F4A36
:101BE0009F4816F0AAFF0346012B18D19A4B1B6899
:101BF00007F154010A22184617F058FE0346A7F8C9
:101C00005A30914AB7F85A305381964B18680023DE
:101C10004FF0FF328C4913F033FB02F0D0BB8A4BFC
:101C200000225A81884B03221A74874B08225A7467
:101C3000854802F0D3FB02F0C2BB804B1B68804A90
:101C4000D168804A1268184618F0EEFB0346002B54
:101C500010D17D4B01221A707C4B1A887A4B1A8165
:101C6000804B186800234FF0FF32774913F008FBD0
:101C700002F0A5BB714B1B68714A5169714A126829
:101C8000184618F0D1FB0346002B10D16E4B0222F0
:101C90001A706E4B1A886C4B1A81724B18680023AD
:101CA0004FF0FF32684913F0EBFA02F088BB634B48
:101CB0001B68634AD169634A1268184618F0B4FB7E
:101CC0000346002B10D1604B03221A705F4B1A8819
:101CD0005D4B1A81634B186800234FF0FF325A495D
:101CE00013F0CEFA02F06BBB544B1B68544A516A96
:101CF000544A1268184618F097FB0346002B40F030
:101D0000ED80534B1B88194600230293514B0193DE
:101D1000514B00931623544A514816F00EFF0346C8
:101D2000012B40F0C3804C4B1B68504A5168494A14
:101D30001268184618F078FB0346002B40F09E808E
:101D4000434B1B88194600230293424B0193424B9D
:101D500000931023414A424816F0EFFE0346012B40
:101D600053D1434B04221A70384B1A88404B1A81C6
:101D70003F4B00229A72384B1B683E4A5168354AE5
:101D80001268184618F050FB0346002B0CD1384B54
:101D90000022DA72384B186800234FF0FF323449C2
:101DA00013F06EFA02F00BBB2B4B1B68314AD16863
:101DB000284A1268184618F037FB0346002B0CD14E
:101DC0002B4B0122DA722C4B186800234FF0FF32A4
:101DD000274913F055FA02F0F2BA254B04221A7083
:101DE0001A4B1A88224B1A81214B00229A72204BDF
:101DF00003229A731E4B0922DA731D4B00229A812B
:101E00001B4802F099FF02F0DABA194B04221A704B
:101E10000E4B1A88164B1A81154B00229A72144BDE
:101E200003229A73124B0822DA73114B00229A8113
:101E30000F4802F081FF02F0C2BA00BF6C0C002014
:101E400000DE0108700C0020880C00207C0C0020B3
:101E5000580C0020780C0020740C002064CF01087E
:101E600058040020000F002078CF010810E201087C
:101E7000B00C002070E201083C100020934B0422BB
:101E80001A70934B1A88914B1A81904B00229A72C8
:101E90008E4B03229A738D4B0722DA738B4B0022F1
:101EA0009A818A4802F048FF02F089BA874B0422DF
:101EB0001A70874B1A88854B1A81844B00229A72BC
:101EC000824B03229A73814B0722DA737F4B0022E5
:101ED0009A817E4802F030FF02F071BA7D4B1B6898
:101EE0007D4AD16A7D4A1268184618F09DFA034669
:101EF000002B60D17A4B1B88194600230293794B43
:101F00000193794B00931623784A794816F015FE11
:101F10000346012B37D1744B1B68764A5168714ACE
:101F20001268184618F080FA0346002B13D1674B4D
:101F300005221A70664B1A88644B1A81634B002283
:101F40009A726D4B186800234FF0FF325F4913F00F
:101F500097F902F034BA5D4B05221A705C4B1A886F
:101F60005A4B1A81594B00229A72584B03229A738A
:101F7000564B0722DA73554B00229A81534802F0E0
:101F8000DBFE02F01CBA514B05221A70504B1A8826
:101F90004E4B1A814D4B00229A724C4B03229A737E
:101FA0004A4B0822DA73494B00229A81474802F0D3
:101FB000C3FE02F004BA474B1B68474A516B474ABD
:101FC0001268184618F030FA0346002B60D1444BD3
:101FD0001B88194600230293424B0193424B009306
:101FE0001623424A424816F0A8FD0346012B37D17A
:101FF0003D4B1B683F4A51683A4A1268184618F030
:1020000013FA0346002B13D1304B06221A70304BC3
:102010001A882E4B1A812D4B00229A72364B186863
:1020200000234FF0FF32294913F02AF902F0C7B913
:10203000264B06221A70264B1A88244B1A81234BF2
:1020400000229A72214B03229A73204B0722DA73E3
:102050001E4B00229A811D4802F06EFE02F0AFB9BD
:102060001A4B06221A701A4B1A88184B1A81174BF2
:1020700000229A72154B03229A73144B0822DA73CA
:10208000124B00229A81114802F056FE02F097B9D5
:10209000104B1B68104AD16B104A1268184618F092
:1020A000C3F90346002B29D1084B07221A70084BAD
:1020B0001A88064B1A81104B186800234FF0FF3224
:1020C000024913F0DDF802F07AB900BFB00C00202D
:1020D0007C0C00206C0C002000DE0108700C00203D
:1020E000580C0020780C0020740C002078CF0108D8
:1020F0005804002010E201083C100020964B1B6899
:10210000964AD2F88C10964A1268184618F08CF944
:102110000346002B3BD1934B11221A70924B1A8825
:10212000904B1A81914B1B88194600230293904BC8
:102130000193904B009310238F4A904816F0FDFCBA
:102140000346012B18D18B4B1B6807F150010A2263
:10215000184617F0ABFB0346A7F85C30814AB7F886
:102160005C305381864B186800234FF0FF327D4965
:1021700013F086F802F023B97A4B03229A74794B54
:102180000822DA74774802F007FB02F018B9724BA4
:102190001B68724AD2F89410714A1268184618F0F7
:1021A00043F90346002B10D16E4B12221A706E4B6E
:1021B0001A886C4B1A81724B186800234FF0FF325B
:1021C000684913F05DF802F0FAB8634B1B68634A84
:1021D000D2F89C10624A1268184618F025F9034696
:1021E000002B10D15F4B13221A705F4B1A885D4B86
:1021F0001A81634B186800234FF0FF32594913F0DE
:102200003FF802F0DCB8544B1B68544AD2F8A410D3
:10221000534A1268184618F007F90346002B10D1EC
:10222000504B14221A70504B1A884E4B1A81544B43
:10223000186800234FF0FF324A4913F021F802F0EA
:10224000BEB8454B1B68454AD2F8AC10444A1268E8
:10225000184618F0E9F80346002B5FD1434B1B8862
:10226000194600230293424B0193424B00931023E3
:10227000414A424816F061FC0346012B43D1394BD9
:1022800015221A70384B1A88364B1A81394B1B6845
:102290003C4A5168364A1268184618F0C5F8034699
:1022A000002B0CD12F4B00221A73354B18680023DA
:1022B0004FF0FF322B4912F0E3FF02F080B82D4BB4
:1022C0001B68304AD1682A4A1268184618F0ACF8E0
:1022D0000346002B0CD1234B01221A73284B18689C
:1022E00000234FF0FF321F4912F0CAFF02F067B817
:1022F0001C4B03229A741B4B0922DA74194802F012
:102300004BFA02F05CB8174B03229A74154B082263
:10231000DA74144802F040FA02F051B80E4B1B6810
:102320000E4AD2F8B4100E4A1268184618F07CF81B
:102330000346002B28D10B4B16221A700A4B1A8821
:10234000084B1A810E4B186800234FF0FF320549E5
:1023500012F096FF02F033B86C0C002000DE01088A
:10236000700C0020600D00207C0C0020580C002018
:10237000780C0020740C002064CF01085804002061
:10238000CC0E002060E20108A44B1B68A44AD2F8DE
:10239000BC10A44A1268184618F046F80346002BF1
:1023A0003ED1A14B17221A70A04B1A889E4B1A815E
:1023B0009F4B1B881946002302939E4B01939E4B13
:1023C000009310239D4A9E4816F0B7FB0346012B4D
:1023D00018D1994B1B6807F14C010A22184617F0D7
:1023E00065FA034687F85E308F4A97F85E3053737C
:1023F000944B186800234FF0FF328B4912F040FFD6
:1024000001F0DDBF884B00225A73874B03229A7478
:10241000854B0822DA74844802F0BEF901F0CFBF80
:102420007E4B1B687E4AD2F8C4107E4A126818465A
:1024300017F0FAFF0346002B10D17B4B18221A70BD
:102440007A4B1A88784B1A817E4B186800234FF01C
:10245000FF32754912F014FF01F0B1BF6F4B1B68DA
:102460006F4A516C6F4A1268184617F0DDFF034639
:10247000002B5FD1744B08221A706C4B1A88724B78
:102480001A816B4B1B88194600230293694B0193F9
:10249000694B00931023694A694816F04EFB0346C6
:1024A000012B3CD1644B1B68684A5168614A126831
:1024B000184617F0B9FF0346002B0CD1624B0022DF
:1024C0009A72634B186800234FF0FF325E4912F096
:1024D000D7FE01F074BF584B1B685C4AD168554A5F
:1024E0001268184617F0A0FF0346002B0CD1564B7C
:1024F00001229A72564B186800234FF0FF3252495E
:1025000012F0BEFE01F05BBF4F4B03221A744E4B1C
:1025100009225A744C4801F0DFFF01F050BF4A4BCA
:1025200003221A74484B08225A74474801F0D4FF1A
:1025300001F045BF394B1B68394AD16C394A1268E2
:10254000184617F071FF0346002B10D13E4B0922AD
:102550001A70364B1A883C4B1A813D4B1868002381
:102560004FF0FF32384912F08BFE01F028BF2B4BA1
:102570001B682B4A516D2B4A1268184617F054FFFE
:102580000346002B10D1304B0A221A70274B1A88B1
:102590002D4B1A812E4B186800234FF0FF322A4929
:1025A00012F06EFE01F00BBF1C4B1B681C4AD16D74
:1025B0001C4A1268184617F037FF0346002B10D14B
:1025C000214B0B221A70194B1A881F4B1A81204B72
:1025D000186800234FF0FF321B4912F051FE01F042
:1025E000EEBE0E4B1B680E4A516E0E4A126818461C
:1025F00017F01AFF0346002B30D1164B0C221A702D
:102600000A4B1A88134B1A81134B186800234FF09A
:10261000FF32104912F034FE01F0D1BE6C0C0020E4
:1026200000DE0108700C0020600D00207C0C0020F2
:10263000580C0020780C0020740C002064CF010896
:1026400058040020CC0E0020D00C002060E20108CD
:10265000980E0020F80C00204C0E0020A44B1B68A4
:10266000A44AD16EA44A1268184617F0DDFE03464C
:10267000002B40F09880A14B0D221A70A04B1A88B5
:102680009E4B1A819F4B1B881946002302939E4B39
:1026900001939E4B009316239D4A9E4816F04DFAD7
:1026A0000346012B71D1994B1B689B4A516A964A8C
:1026B0001268184617F0B8FE0346002B0CD18F4B5A
:1026C00003229A72954B186800234FF0FF328B4912
:1026D00012F0D6FD01F073BE8C4B1B688E4AD16A96
:1026E000894A1268184617F09FFE0346002B0CD14A
:1026F000824B02229A72894B186800234FF0FF32F6
:102700007E4912F0BDFD01F05ABE804B1B68824A23
:10271000516B7D4A1268184617F086FE0346002B5F
:102720000CD1764B01229A727C4B186800234FF033
:10273000FF32724912F0A4FD01F041BE734B1B68D9
:10274000754AD16B704A1268184617F06DFE034641
:10275000002B0CD1694B00229A72704B1868002331
:102760004FF0FF32654912F08BFD01F028BE634B3C
:1027700000229A81614B03221A74604B07225A741B
:102780005E4802F0EBF801F01ABE5C4B00229A8121
:102790005A4B03221A74594B08225A74574802F0B4
:1027A000DDF801F00CBE524B1B68524A516F524A81
:1027B0001268184617F038FE0346002B40F0B08030
:1027C0004E4B0E221A704E4B1A884C4B1A814D4BB1
:1027D0001B881946002302934B4B01934B4B0093EC
:1027E00016234B4A4B4816F0A8F90346012B71D12A
:1027F000464B1B68484A516A434A1268184617F00C
:1028000013FE0346002B0CD13C4B03229A72434B20
:10281000186800234FF0FF32384912F031FD01F003
:10282000CEBD3A4B1B683C4AD16A374A12681846FB
:1028300017F0FAFD0346002B0CD1304B02229A729E
:10284000364B186800234FF0FF322C4912F018FD68
:1028500001F0B5BD2D4B1B682F4A516B2A4A1268F7
:10286000184617F0E1FD0346002B0CD1234B012243
:102870009A722A4B186800234FF0FF321F4912F05A
:10288000FFFC01F09CBD214B1B68234AD16B1E4A03
:102890001268184617F0C8FD0346002B0CD1174BE1
:1028A00000229A721D4B186800234FF0FF32134923
:1028B00012F0E6FC01F083BD104B0022DA810F4BD1
:1028C00003221A740D4B07225A740C4802F046F882
:1028D00001F075BD094B0022DA81084B03221A74FE
:1028E000064B08225A74054802F038F801F067BD1B
:1028F0006C0C002000DE0108700C0020380D002058
:102900007C0C0020580C0020780C0020740C002057
:1029100078CF010858040020E0E00108400F0020B3
:10292000A44B1B68A44AD16FA44A1268184617F03A
:102930007BFD0346002B62D1A14B1B881946002367
:102940000293A04B0193A04B009310239F4AA048F1
:1029500016F0F3F80346012B46D19E4B0F221A7056
:102960009D4B1A889B4B1A819A4B02229A72964B66
:102970001B689A4A5168934A1268184617F054FD2A
:102980000346002B0CD1934B0022DA72944B18684B
:1029900000234FF0FF328F4912F072FC01F00FBD9F
:1029A000894B1B688D4AD168864A1268184617F011
:1029B0003BFD0346002B0CD1864B0122DA72884B7B
:1029C000186800234FF0FF32824912F059FC01F0E1
:1029D000F6BC804B03221A747E4B09225A747D4840
:1029E00001F0BCFF01F0EBBC7A4B03221A74794B67
:1029F00008225A74774801F0B1FF01F0E0BC6D4B3A
:102A00001B686D4AD2F884106C4A1268184617F099
:102A10000BFD0346002B10D16E4B10221A706E4B2B
:102A20001A886C4B1A816E4B186800234FF0FF32E6
:102A3000684912F025FC01F0C2BC5E4B1B685E4A7F
:102A4000D2F8D4105D4A1268184617F0EDFC034620
:102A5000002B13D1634B1A221A705F4B1A88614BFB
:102A60001A81604B02229A725F4B186800234FF064
:102A7000FF325C4912F004FC01F0A1BC4D4B1B6815
:102A80004D4AD2F8CC104D4A1268184617F0CCFCCB
:102A90000346002B10D1534B19221A704E4B1A8843
:102AA000504B1A81504B186800234FF0FF324D49AC
:102AB00012F0E6FB01F083BC3E4B1B683E4AD2F8A5
:102AC000DC103E4A1268184617F0AEFC0346002B95
:102AD00013D1444B1B221A703F4B1A88414B1A8169
:102AE000404B03229A72404B186800234FF0FF328C
:102AF0003C4912F0C5FB01F062BC2E4B1B682E4A0C
:102B0000D2F8E4102D4A1268184617F08DFC0346DF
:102B1000002B10D1334B1C221A702F4B1A88314BCB
:102B20001A81314B186800234FF0FF322D4912F003
:102B3000A7FB01F044BC1F4B1B681F4AD2F8EC10E6
:102B40001E4A1268184617F06FFC0346002B13D17B
:102B5000244B1D221A70204B1A88224B1A81214BBC
:102B600004229A72204B186800234FF0FF321D494F
:102B700012F086FB01F023BC0E4B1B680E4AD2F804
:102B8000FC100E4A1268184617F04EFC0346002B44
:102B900030D1164B1F221A700F4B1A88134B1A8113
:102BA000134B186800234FF0FF32104912F068FBF6
:102BB00001F005BC6C0C002000DE0108700C002048
:102BC000580C0020780C0020740C002064CF010801
:102BD00058040020380D00207C0C002060E2010821
:102BE000400F0020F80C00204C0E0020880D002023
:102BF000740F0020A94B1B68A94AD2F80C11A94AEE
:102C00001268184617F010FC0346002B10D1A64B93
:102C100021221A70A54B1A88A34B1A81A44B18685D
:102C200000234FF0FF32A04912F02AFB01F0C7BB8E
:102C30009A4B1B689A4AD2F804119A4A12681846AD
:102C400017F0F2FB0346002B48D1974B20221A7055
:102C5000964B1A88944B1A81964B1B881946002371
:102C60000293954B0193954B00931023944A9548FA
:102C700015F063FF0346012B23D18F4B1B680F2BED
:102C800012D88E4B19688C4B1B6801331A468E483C
:102C900017F0B6FB864B186800234FF0FF328249CD
:102CA00012F0EEFA01F08BBB7F4B032283F8282051
:102CB0007D4B092283F82A207B4801F08DFC01F02E
:102CC0007EBB794B032283F82820774B082283F8B8
:102CD0002A20754801F080FC01F071BB6F4B1B6826
:102CE0006F4AD2F814116F4A1268184617F09CFB0D
:102CF0000346002B10D16C4B22221A706B4B1A88A2
:102D0000694B1A816A4B186800234FF0FF326649FD
:102D100012F0B6FA01F053BB604B1B68604AD2F860
:102D20001C11604A1268184617F07EFB0346002B00
:102D300010D15D4B23221A705C4B1A885A4B1A81B2
:102D40005B4B186800234FF0FF32574912F098FA96
:102D500001F035BB514B1B68514AD2F82C11514A36
:102D60001268184617F060FB0346002B5CD103F095
:102D700013FD0346022B04D1012011F0B7FE01F030
:102D80001EBB03F009FD0346002B27D103F0C8FC4E
:102D90000346002B16D1012003F0E8FC07F10803DD
:102DA000184603F0BDFD002387F848303F4B1988D3
:102DB00007F10803009300230022252001F089FF7A
:102DC00001F0FDBA002003F0D1FC384B1988022332
:102DD0000422252001F00EFF01F0F1BA03F0DCFC23
:102DE0000346012B41F0EB8203F01EFD0346002B4E
:102DF0000ED1022003F0BAFC2C4B198800230022CC
:102E0000252001F0F7FE314803F0C0FD01F0D7BAEC
:102E1000002003F0ABFC254B198802230422252057
:102E200001F0E8FE01F0CBBA1C4B1B681D4A12688A
:102E30002749184617F0F8FA0346002B0DD103F086
:102E400051FD002003F092FC184B1988002300224A
:102E5000252001F0CFFE01F0B2BA104B1B68104ADA
:102E6000D2F844110F4A1268184617F0DDFA0346EB
:102E7000002B56D11049114802F008F90346002BE7
:102E800028D00A4B1B8819460023009308230322ED
:102E9000282001F0CFFF01F092BA00BF6C0C002097
:102EA00000DE0108700C0020880D00207C0C002042
:102EB000740F0020580C0020780C0020740C0020A7
:102EC00064CF010858040020A00D002000001E0857
:102ED00090CF0108AD4B1B68AD4A126811461846E9
:102EE00004F08EF80346184605F06AFB0346002BF3
:102EF0000BD0A84B1B8819460023009309230322FB
:102F0000282001F097FF01F05ABAA24B1B881946FE
:102F10000023009300230022282001F08BFF01F002
:102F20004EBA9D4B1B689D4AD2F84C119C4A1268C0
:102F3000184617F079FA0346002B15D105F026FE46
:102F400003461A46974B53F82230974A1360914B29
:102F50001B881946944B1B680093002300222920EC
:102F600001F068FF01F02BBA8B4B1B688B4AD2F83B
:102F70000C128B4A1268184617F056FA0346002BBB
:102F80000BD1844B1B881946002300930023002299
:102F9000412001F04FFF01F012BA7F4B1B687F4ABE
:102FA000D2F854117E4A1268184617F03DFA0346CB
:102FB000002B39D17649754802F068F80346002B9A
:102FC0000BD0744B1B88194600230093082303225F
:102FD0002A2001F02FFF01F0F2B96C4B1B686C4AFC
:102FE00012681146184603F0DBFF0346184605F049
:102FF00027FB0346002B0BD0664B1B88194600238A
:103000000093092303222A2001F014FF01F0D7B90D
:10301000604B1B88194600230093002300222A20BE
:1030200001F008FF01F0CBB95B4B1B685B4AD2F89B
:103030005C115B4A1268184617F0F6F90346002B3C
:1030400015D105F0AFFD03461A46584B53F8223010
:10305000554A13604F4B1B881946534B1B6800930E
:10306000002300222B2001F0E5FE01F0A8B94A4B15
:103070001B684A4AD2F86411494A1268184617F088
:10308000D3F90346002B3ED14149404801F0FEFFF1
:103090000346002B0BD03F4B1B881946002300939F
:1030A000082303222C2001F0C5FE01F088B9374B1C
:1030B0001B683F49184616F073FB53EC102B104663
:1030C0001946FDF7A1FD034600EE103A05F012FB8C
:1030D0000346002B0BD02F4B1B881946002300936F
:1030E000092303222C2001F0A5FE01F068B9294B29
:1030F0001B88194600230093002300222C2001F096
:1031000099FE01F05CB9244B1B68244AD2F86C117B
:10311000234A1268184617F087F90346002B13D18B
:1031200005F04CFDF0EE407A1F4BC3ED007A194BD1
:103130001B8819461C4B1B680093002300222D207E
:1031400001F078FE01F03BB9134B1B68134AD2F82B
:103150007411134A1268184617F066F90346002BDB
:1031600040F08E800A49094801F0B4FF0346002B65
:1031700020D0084B1B881946002300930823032204
:103180002E2001F057FE01F01AB900BF740C002088
:10319000780C00207C0C00206C0C002000DE010864
:1031A000700C002020000020380E002014000020A9
:1031B000400E0020B34B1B68B34A126811461846F4
:1031C00003F0EEFE03461A46B04B1A70AF4B93F96C
:1031D0000030B3F1FF3F04D0AC4B93F90030002B2B
:1031E0000BD1AB4B1B881946002300930723032206
:1031F0002E2001F01FFE01F0D9B8A349A14801F02B
:1032000045FF0346002B0BD0A14B1B88194600231A
:103210000093082303222E2001F00CFE01F0CFB80A
:103220009A4B93F90040974B1B689A49184616F041
:10323000B7FA53EC102B10461946FDF7E5FC034690
:1032400000EE103A204605F07DFA0346002B0BD025
:103250008F4B1B88194600230093092303222E203D
:1032600001F0E8FD01F0ABB8894B1B88194600233B
:103270000093002300222E2001F0DCFD01F09FB816
:10328000854B1B68854AD2F87C11854A126818461E
:1032900017F0CAF80346002B4DD17B49794801F05D
:1032A00019FF0346002B0BD0794B1B8819460023CE
:1032B0000093082303222F2001F0BCFD01F07FB80A
:1032C000704B1B68704A12681146184603F068FE7E
:1032D00003461A466D4B1A706C4B93F90030B3F1EC
:1032E000FF3F04D0694B93F90030002B0BD1684BA2
:1032F0001B88194600230093072303222F2001F087
:1033000099FD01F053B8614B93F90030184605F070
:1033100091FCF0EE407A634BC3ED007A5C4B1B8866
:103320001946604B1B680093002300222F2001F0F8
:1033300081FD01F044B8584B1B68584AD2F88411FB
:10334000574A1268184617F06FF80346002B78D1D9
:103350004D494C4801F0BEFE0346002B0BD04C4BB0
:103360001B8819460023009308230322302001F014
:1033700061FD01F024B8434B1B68434A12681146B3
:10338000184603F00DFE03461A46404B1A703F4B99
:1033900093F90030B3F1FF3F04D03C4B93F9003078
:1033A000002B0BD13A4B1B881946002300930723AF
:1033B0000322302001F03EFD00F0F8BF32493148D1
:1033C00001F064FE0346002B0BD0314B1B881946DD
:1033D0000023009308230322302001F02BFD00F08E
:1033E000EEBF2A4B93F90040264B1B68294918462B
:1033F00016F0D6F953EC102B10461946FDF704FCD5
:10340000034600EE103A204605F0E4F90346002B8F
:103410000BD01F4B1B88194600230093092303225E
:10342000302001F007FD00F0CABF194B1B88194678
:103430000023009300230022302001F0FBFC00F069
:10344000BEBF154B1B68154AD2F88C11144A12687E
:10345000184616F0E9FF0346002B60D10A490948D7
:1034600001F038FE0346002B1ED0094B1B8819467D
:103470000023009308230322312001F0DBFC00F03D
:103480009EBF00BF740C0020780C00203C0E002072
:103490007C0C0020400E00206C0C002000DE010897
:1034A000700C0020380E0020AF4B1B68AF4A12682A
:1034B0001146184603F074FD03461A46AC4B1A70C9
:1034C000AB4B93F90030B3F1FF3F04D0A84B93F915
:1034D0000030002B0BD1A74B1B881946002300930B
:1034E00007230322312001F0A5FC00F05FBFA04BB1
:1034F00093F90030184605F0C1FBF0EE407A9E4B80
:10350000C3ED007A9B4B1B8819469B4B1B680093AD
:1035100000230022312001F08DFC00F050BF974BBA
:103520001B68974AD2F89411964A1268184616F00A
:103530007BFF0346002B78D18C498B4801F0CAFDF4
:103540000346002B0BD08B4B1B881946002300939E
:1035500008230322322001F06DFC00F030BF824BC3
:103560001B68824A12681146184603F019FD03468B
:103570001A467F4B1A707E4B93F90030B3F1FF3F30
:1035800004D07B4B93F90030002B0BD1794B1B8877
:1035900019460023009307230322322001F04AFC3E
:1035A00000F004BF7149704801F070FD0346002B24
:1035B0000BD0704B1B88194600230093082303226D
:1035C000322001F037FC00F0FABE694B93F900405D
:1035D000654B1B686C49184616F0E2F853EC102B4B
:1035E00010461946FDF710FB034600EE103A204640
:1035F00005F038F90346002B0BD05E4B1B881946AB
:103600000023009309230322322001F013FC00F071
:10361000D6BE584B1B881946002300930023002276
:10362000322001F007FC00F0CABE544B1B68544A1C
:10363000D2F89C11534A1268184616F0F5FE03465C
:10364000002B4DD14949484801F044FD0346002B69
:103650000BD0484B1B8819460023009308230322F4
:10366000332001F0E7FB00F0AABE3F4B1B683F4A46
:1036700012681146184603F093FC03461A463C4B69
:103680001A703B4B93F90030B3F1FF3F04D0384B35
:1036900093F90030002B0BD1364B1B8819460023C1
:1036A000009307230322332001F0C4FB00F07EBE09
:1036B0002F4B93F90030184605F004FBF0EE407AEA
:1036C0002D4BC3ED007A2B4B1B8819462A4B1B68E8
:1036D000009300230022332001F0ACFB00F06FBE0A
:1036E000264B1B68264AD2F8A411264A12681846AF
:1036F00016F09AFE0346002B40F08B801B491A48B7
:1037000001F0E8FC0346002B0BD01A4B1B8819462E
:103710000023009308230322342001F08BFB00F0E8
:103720004EBE114B1B68114A12681146184603F031
:1037300037FC03461A460E4B1A700D4B93F90030B6
:10374000B3F1FF3F04D00A4B93F90030002B1DD199
:10375000084B1B88194600230093072303223420BB
:1037600001F068FB00F022BE740C0020780C0020F1
:103770003C0E00207C0C0020380E00206C0C002039
:1037800000DE0108700C0020400E0020B349B44850
:1037900001F07CFC0346002B0BD0B24B1B88194672
:1037A0000023009308230322342001F043FB00F0A0
:1037B00006BEAD4B93F90040A94B1B68AB491846B8
:1037C00015F0EEFF53EC102B10461946FDF71CFACE
:1037D000034600EE103A204605F08CF80346002B15
:1037E0000BD0A04B1B88194600230093092303220A
:1037F000342001F01FFB00F0E2BD9A4B1B881946F4
:103800000023009300230022342001F013FB00F07A
:10381000D6BD974B1B68974AD2F8AC11964A1268EE
:10382000184616F001FE0346002B4DD18B498C48FB
:1038300001F050FC0346002B0BD08A4B1B88194625
:103840000023009308230322352001F0F3FA00F04F
:10385000B6BD834B1B68814A12681146184603F0B7
:103860009FFB03461A46804B1A707F4B93F900303A
:10387000B3F1FF3F04D07C4B93F90030002B0BD108
:10388000784B1B8819460023009307230322352019
:1038900001F0D0FA00F08ABD734B93F9003018465E
:1038A00005F034FAF0EE407A744BC3ED007A6D4BBC
:1038B0001B881946714B1B6800930023002235209A
:1038C00001F0B8FA00F07BBD694B1B68694AD2F879
:1038D000B411694A1268184616F0A6FD0346002B7B
:1038E00078D15E495E4801F0F5FB0346002B0BD012
:1038F0005C4B1B88194600230093082303223620C3
:1039000001F098FA00F05BBD554B1B68534A1268F2
:103910001146184603F044FB03461A46524B1A70F0
:10392000514B93F90030B3F1FF3F04D04E4B93F964
:103930000030002B0BD14B4B1B8819460023009302
:1039400007230322362001F075FA00F02FBD43490A
:10395000434801F09BFB0346002B0BD0414B1B88D7
:1039600019460023009308230322362001F062FA4F
:1039700000F025BD3C4B93F90040394B1B683B4997
:10398000184615F00DFF53EC102B10461946FDF7A5
:103990003BF9034600EE103A204605F089F803464D
:1039A000002B0BD02F4B1B881946002300930923B3
:1039B0000322362001F03EFA00F001BD294B1B889E
:1039C00019460023009300230022362001F032FA2A
:1039D00000F0F5BC264B1B68264AD2F8BC11264ADB
:1039E0001268184616F020FD0346002B60D11B49D3
:1039F0001B4801F06FFB0346002B0BD0194B1B88B3
:103A000019460023009308230322372001F012FAFD
:103A100000F0D5BC124B1B68104A126811461846BC
:103A200003F0BEFA03461A460F4B1A700E4B93F979
:103A30000030B3F1FF3F04D00B4B93F90030002B63
:103A40001ED1084B1B88194600230093072303222D
:103A5000372001F0EFF900F0A9BC00BF780C00207E
:103A6000740C00207C0C00203C0E0020400E002036
:103A70006C0C002000DE0108700C0020380E0020C5
:103A8000B54B93F90030184605F0A4F9F0EE407AF2
:103A9000B24BC3ED007AB24B1B881946AF4B1B6883
:103AA000009300230022372001F0C4F900F087BC06
:103AB000AC4B1B68AC4AD2F8C411AC4A1268184629
:103AC00016F0B2FC0346002B78D1A949A94801F0B1
:103AD00001FB0346002B0BD0A14B1B88194600238A
:103AE000009308230322382001F0A4F900F067BCFA
:103AF000A04B1B689E4A12681146184603F050FA04
:103B000003461A46944B1A70934B93F90030B3F165
:103B1000FF3F04D0904B93F90030002B0BD1904B1A
:103B20001B8819460023009307230322382001F045
:103B300081F900F03BBC8E498E4801F0A7FA03469C
:103B4000002B0BD0864B1B881946002300930823BB
:103B50000322382001F06EF900F031BC7E4B93F95E
:103B60000040844B1B680A228349184615F09EFECC
:103B700007EE900AF8EEE77AFCEEE77A17EE901A75
:103B8000204604F0FDFE0346002B0BD0744B1B882F
:103B900019460023009309230322382001F04AF933
:103BA00000F00DBC6E4B1B881946002300930023C8
:103BB0000022382001F03EF900F001BC694B1B687F
:103BC000694AD2F8CC11694A1268184616F02CFCE2
:103BD0000346002B49D16649664801F07BFA03464B
:103BE000002B0AD05E4B1B88194600230093082344
:103BF0000322392001F01EF9E1E35E4B1B685C4AA9
:103C000012681146184603F0CBF903461A46524B88
:103C10001A70514B93F90030B3F1FF3F04D04E4B73
:103C200093F90030002B0AD14D4B1B881946002315
:103C3000009307230322392001F0FCF8B6E3464B3A
:103C400093F90030184605F085F803461A46434BB1
:103C50001A60434B1B881946404B1B680093002396
:103C60000022392001F0E6F8A9E33E4B1B683E4AEA
:103C7000D2F8D4113D4A1268184616F0D5FB034617
:103C8000002B40F086803A493A4801F023FA034677
:103C9000002B0AD0324B1B881946002300930823BF
:103CA00003223A2001F0C6F889E3324B1B68304A00
:103CB00012681146184603F073F903461A46264B5C
:103CC0001A70254B93F90030B3F1FF3F04D0224B1B
:103CD00093F90030002B0AD1214B1B881946002391
:103CE0000093072303223A2001F0A4F85EE3204961
:103CF000204801F0CBF90346002B0AD0184B1B8853
:103D0000194600230093082303223A2001F092F879
:103D100055E3114B93F90040164B1B680A221649D4
:103D2000184615F0C3FD07EE900AF8EEE77AFCEEB0
:103D3000E77A17EE901A204604F080FE0346002B27
:103D40001CD0074B1B88194600230093092303222C
:103D50003A2001F06FF832E33C0E0020380E0020CC
:103D60007C0C00206C0C002000DE0108700C002090
:103D7000780C0020740C0020400E00209C4B1B8807
:103D8000194600230093002300223A2001F052F844
:103D900015E3984B1B68984AD2F8DC11974A1268D1
:103DA000184616F041FB0346002B49D1944995482B
:103DB00001F090F90346002B0AD08D4B1B88194661
:103DC00000230093082303223B2001F033F8F6E29E
:103DD0008C4B1B688A4A12681146184603F0E0F8BB
:103DE00003461A46884B1A70874B93F90030B3F19B
:103DF000FF3F04D0844B93F90030002B0AD17C4B59
:103E00001B88194600230093072303223B2001F05F
:103E100011F8CBE27C4B93F90030184604F0BAFF5E
:103E200003461A46794B1A60714B1B881946774B2B
:103E30001B680093002300223B2000F0FBFFBEE242
:103E40006C4B1B686C4AD2F8E4116C4A1268184635
:103E500016F0EAFA0346002B0FD16D4B3C221A7084
:103E6000634B1A886A4B1A816A4B186800234FF01B
:103E7000FF32674911F004FAA1E25E4B1B685E4A0B
:103E8000D2F8EC115D4A1268184616F0CDFA0346D6
:103E9000002B40F05A81604B1B8819460023029387
:103EA000574B0193574B009310235C4A5C4814F026
:103EB00044FE0346012B40F00F81524B1B68594AC8
:103EC00051684F4A1268184616F0AEFA0346002BA6
:103ED00011D14F4B3D221A704D4B00229A72444B28
:103EE0001A884B4B1A814B4B186800234FF0FF3256
:103EF000474911F0C5F9434B1B684A4AD168404A0B
:103F00001268184616F090FA0346002B12D1404B67
:103F10003D221A703E4B01229A72354B1A883C4B57
:103F20001A813C4B186800234FF0FF32384911F0DA
:103F3000A7F944E2334B1B683A4A5169304A126888
:103F4000184616F071FA0346002B12D1304B3D2271
:103F50001A702F4B02229A72254B1A882C4B1A8109
:103F60002C4B186800234FF0FF32294911F088F9D3
:103F700025E2244B1B682B4AD169214A1268184656
:103F800016F052FA0346002B12D1214B3D221A7033
:103F90001F4B03229A72164B1A881D4B1A811D4B18
:103FA000186800234FF0FF32194911F069F906E251
:103FB000144B1B681B4A516A114A1268184616F0C6
:103FC00033FA0346002B2FD1114B3D221A70104BB0
:103FD00004229A72064B1A880D4B1A810D4B1868F1
:103FE00000234FF0FF320A4911F04AF9E7E100BF20
:103FF0007C0C00206C0C002000DE0108700C0020FE
:10400000780C0020740C00203C0E0020380E00209C
:10401000180E002010100020580C002064CF01085A
:104020005804002030E20108A64B1B68A64AD16A5A
:10403000A64A1268184616F0F7F90346002B12D16B
:10404000A34B3D221A70A24B05229A72A14B1A88EB
:104050009F4B1A81A04B186800234FF0FF329C49F8
:1040600011F00EF9ABE103F011F803F01BF89B4BD4
:1040700093F8E831974A12881146184603F0B8F8C9
:1040800003F070F8964B93F848301946032004F07B
:104090006DF903F01FF803F07DF802F0E1FF04462C
:1040A00002F0E8FF034619468E4B8F4A204602F085
:1040B0007DFC8C4B1B689BB21A468B49012010F08B
:1040C0003DFD00BF012010F049FE0346212BF9D031
:1040D000012010F00BFD72E102F0D8FF02F0E2FFC8
:1040E0007E4B93F8E8317B4A12881146184603F05C
:1040F0007FF803F037F87A4B93F8403019460320E5
:1041000004F034F902F0E6FF03F044F802F0A8FFEF
:10411000044602F0AFFF03461946724B724A20462E
:1041200002F044FC6F4B1B689BB21A466E4901209B
:1041300010F004FD00BF012010F010FE0346212BFB
:10414000F9D0012010F0D2FC39E1684B1B68634ABA
:10415000D2F8F411664A1268184616F065F903465B
:10416000002B0FD15A4B3E221A705A4B1A88584BCB
:104170001A81594B186800234FF0FF32544911F04F
:104180007FF81CE1594B1B68544AD2F8FC11584A7D
:104190001268184616F048F90346002B73D14B49B4
:1041A000484800F097FF0346002B0AD0494B1B8874
:1041B000194600230093082303223F2000F03AFE13
:1041C000FDE0404B1B68414A12681146184602F058
:1041D000E7FE03461A46474B1A70464B93F90030E8
:1041E000B3F1FF3F04D0434B93F90030002B0AD1C9
:1041F000384B1B88194600230093072303223F20D6
:1042000000F018FED2E031492E4800F03FFF03468F
:10421000002B0AD02F4B1B8819460023009308233C
:1042200003223F2000F006FEC9E0324B93F9004024
:10423000244B1B680A223049184615F037FB07EE5D
:10424000900AF8EEE77AFCEEE77A17EE901A20462D
:1042500004F074FC0346002B0AD01E4B1B88194641
:1042600000230093092303223F2000F0E3FDA6E092
:10427000184B1B88194600230093002300223F207F
:1042800000F0D8FD9BE0194B1B68144AD2F80412C9
:10429000174A1268184616F0C7F80346002B65D176
:1042A0000A49084800F016FF0346002B26D0094BA8
:1042B0001B8819460023009308230322402000F0A6
:1042C000B9FD7CE0740C002030E20108780C00207D
:1042D000180E00207C0C00201010002000DE0108C9
:1042E00078E10108440E0020580400206C0C0020E6
:1042F000700C00203C0E0020400E0020324B1B684A
:10430000324A12681146184602F04AFE03461A461F
:104310002F4B1A702E4B93F90030B3F1FF3F04D0AE
:104320002B4B93F90030002B0AD12A4B1B881946DE
:104330000023009307230322402000F07BFD35E09B
:10434000234B93F90030184604F068FD03461A46E3
:10435000214B1A601F4B1B8819461F4B1B6800938B
:1043600000230022402000F065FD28E0194B198849
:1043700005230322262000F03DFC20E0154B198880
:1043800006230422272000F035FC18E0114B198881
:1043900004230222272000F02DFC10E00D4B198889
:1043A00004230222272000F025FC08E007E0094B47
:1043B000198804230222272000F01CFC00E000BF23
:1043C00000BF6037BD46B0BD740C0020780C0020E3
:1043D0003C0E00207C0C0020380E002090B583B0ED
:1043E00000AF786002F052FE02F05CFE7B681B7842
:1043F000002B12D1364B1B78364A128911461846CB
:1044000002F0F6FE02F0AEFE7B681A7C7B685B7CF5
:104410001946104602F03AFF47E07B681B78012BF3
:1044200014D12B4B1B7A2B4A12891146184602F0E5
:10443000DFFE02F097FE7B68187C7B68597C7B6806
:10444000B3F90A301A4602F033FF2EE07B681B787E
:10445000022B14D11E4B1B7C1E4A12891146184692
:1044600002F0C6FE02F07EFE7B68187C7B68597CF9
:104470007B68B3F90E301A4602F04AFF15E07B68FC
:104480001B78032B11D1124B1B7E124A1289114645
:10449000184602F0ADFE02F065FE7B681A7C7B6870
:1044A0005B7C1946104602F063FF02F013FE02F037
:1044B00071FE02F0D5FD044602F0DCFD034619460C
:1044C000204600F0B7FD00BF0C37BD4690BD00BFD1
:1044D00000DE0108880C002090B583B000AF786042
:1044E00002F0D4FD02F0DEFD7B681B78082B13D1AF
:1044F000384B93F840207B681B891946104602F020
:1045000077FE02F02FFE7B681A7C7B685B7C194685
:10451000104602F0C9FF4BE07B681B78092B14D1D1
:104520002C4B93F848207B681B891946104602F0F3
:104530005FFE02F017FE7B68187C7B68597C7B6805
:104540009B7A1A4602F0C2FF32E07B681B780A2B86
:1045500015D1204B93F850207B681B8919461046D3
:1045600002F046FE02F0FEFD7B68187C7B68597CF9
:104570007B68B3F90C301A4602F0DEFF18E07B6866
:104580001B780B2B14D1134B93F858207B681B8995
:104590001946104602F02CFE02F0E4FD7B68187C00
:1045A0007B68597C7B68B3F90E301A4602F0F4FF41
:1045B00002F090FD02F0EEFD02F052FD044602F022
:1045C00059FD03461946204600F034FD00BF0C3764
:1045D000BD4690BD00DE0108F0B589B006AF786039
:1045E00002F054FD02F05EFD7B681B781E2B15D196
:1045F000674B93F8F030674A12881146184602F06C
:10460000F7FD02F0AFFD7B6893F828207B6893F8F4
:104610002A301946104603F09DFBA7E07B681B7803
:104620001F2B20D15A4B93F8F8305A4A1288114662
:10463000184602F0DDFD02F095FD7B6893F828C076
:104640007B6893F82AE07E686D4606F134040FCC4F
:104650000FC523682B8006F12C030CCB71466046F6
:1046600003F0AEFA82E07B681B78212B16D1484B11
:1046700093F80831474A12881146184602F0B8FDEF
:1046800002F070FD7B6893F828007B6893F82A108D
:104690007B6818331A4603F081FB67E07B681B7860
:1046A000202B15D13A4B93F800313A4A1288114623
:1046B000184602F09DFD02F055FD7B6893F8282016
:1046C0007B6893F82A301946104603F055FB4DE0FD
:1046D0007B681B78222B15D12D4B93F810312D4A76
:1046E00012881146184602F083FD02F03BFD7B68FC
:1046F00093F828207B6893F82A301946104603F077
:104700007BFB33E07B681B78232B16D1204B93F87F
:104710001831204A12881146184602F069FD02F04D
:1047200021FD7B6893F828007B6893F82A107B684A
:104730000C331A4603F0A8FB18E07B681B78242B87
:1047400014D1134B93F81831124A128811461846A7
:1047500002F04EFD02F006FD7B6893F828207B688E
:1047600093F82A301946104603F028FD02F0B2FCF7
:1047700002F010FD02F074FC044602F07BFC0346DC
:104780001946204600F056FC00BF0C37BD46F0BD70
:1047900000DE01087C0C002090B583B000AF78608B
:1047A00002F074FC02F07EFC7B681B78112B13D1A5
:1047B000694B93F888207B681B891946104602F0E4
:1047C00017FD02F0CFFC7B689A7C7B68DB7C194686
:1047D000104602F0E9FFADE07B681B78122B14D184
:1047E0005D4B93F890207B681B891946104602F0B8
:1047F000FFFC02F0B7FC7B68987C7B68D97C7B6807
:104800005B891A4602F0E2FF94E07B681B78132B69
:1048100015D1514B93F898207B681B891946104697
:1048200002F0E6FC02F09EFC7B68987C7B68D97CF9
:104830007B68B3F90E301A4602F0F8FF7AE07B6825
:104840001B78142B15D1444B93F8A0207B681B894F
:104850001946104602F0CCFC02F084FC7B68987C80
:104860007B68D97C7B68B3F910301A4603F00EF8E8
:1048700060E07B681B78152B13D1374B93F8A82089
:104880007B681B891946104602F0B2FC02F06AFCF4
:104890007B689A7C7B68DB7C1946104603F08EFCB3
:1048A00048E07B681B78162B14D12B4B93F8B02073
:1048B0007B681B891946104602F09AFC02F052FCF4
:1048C0007B68987C7B68D97C7B681B7B1A4603F0ED
:1048D0000DF82FE07B681B78172B13D11E4B93F834
:1048E000B8207B681B891946104602F081FC02F053
:1048F00039FC7B689A7C7B68DB7C1946104602F0A9
:1049000053FF17E07B681B78182B13D1124B93F8D9
:10491000C0207B681B891946104602F069FC02F032
:1049200021FC7B68987C7B68D97C7B685B7B1A4622
:1049300002F04CFF02F0CEFB02F02CFC02F090FBE8
:10494000044602F097FB03461946204600F072FB2E
:1049500000BF0C37BD4690BD00DE010890B583B0A6
:1049600000AF786002F092FB02F09CFB7B681B7842
:104970000D2B15D1384B93F868207B681B8919469D
:10498000104602F035FC02F0EDFB7B68187C7B687A
:10499000597C7B68B3F90C301A4602F05DFE49E0A1
:1049A0007B681B780E2B15D12B4B93F870207B68FE
:1049B0001B891946104602F01BFC02F0D3FB7B68F2
:1049C000187C7B68597C7B68B3F90E301A4602F07C
:1049D00073FE2FE07B681B780F2B13D11E4B93F8CF
:1049E00078207B681B891946104602F001FC02F012
:1049F000B9FB7B681A7C7B685B7C1946104602F029
:104A00008BFE17E07B681B78102B13D1124B93F8A9
:104A100080207B681B891946104602F0E9FB02F0F2
:104A2000A1FB7B68187C7B68597C7B68DB7A1A4623
:104A300002F084FE02F04EFB02F0ACFB02F010FB31
:104A4000044602F017FB03461946204600F0F2FA2E
:104A500000BF0C37BD4690BD00DE0108F0B587B041
:104A600004AF786002F012FB02F01CFB7B681B783D
:104A70000C2B14D15E4B93F860207B681B89194680
:104A8000104602F0B5FB02F06DFB7B68987F7B68F7
:104A9000D97F7B689B7B1A4602F0AEFD96E07B686F
:104AA0001B781A2B15D1524B93F8D0207B681B89A9
:104AB0001946104602F09CFB02F054FB7B68987F7D
:104AC0007B68D97F7B68B3F90C301A4602F072FF1D
:104AD0007CE07B681B781B2B15D1454B93F8D820C5
:104AE0007B681B891946104602F082FB02F03AFBF4
:104AF0007B68987F7B68D97F7B68B3F90C301A4656
:104B000002F088FF62E07B681B781D2B15D1384BC3
:104B100093F8E8207B681B891946104602F068FB71
:104B200002F020FB7B68987F7B68D97F7B68B3F9B4
:104B30000C301A4602F09EFF48E07B681B78192B68
:104B400015D12B4B93F8C8207B681B89194610465A
:104B500002F04EFB02F006FB7B68987F7B68D97FF2
:104B60007B68B3F910301A4602F0F4FE2EE07B6841
:104B70001B781C2B2AD11E4B93F8E0207B681B89E5
:104B80001946104602F034FB02F0ECFA7B689C7F79
:104B90007B68DD7F7B68B3F912607B68B3F914C072
:104BA0007B68B3F916307A68B2F918207968B1F9E0
:104BB0001A107868B0F91C000390029101920093DA
:104BC000634632462946204602F084FF02F082FA0C
:104BD00002F0E0FA02F044FA044602F04BFA03460F
:104BE0001946204600F026FA00BF0C37BD46F0BD3E
:104BF00000DE010890B583B000AF044608461146B8
:104C00001A462346FB710346BB800B46BB71134615
:104C1000FB7002F03BFA02F045FAFB78042B05D159
:104C2000FB790021184602F0E3FA05E0BA88FB7927
:104C30001146184602F0DCFA02F094FAFA78BB79D1
:104C40001146184603F0BAFA02F044FA02F0A2FA4A
:104C500002F006FA044602F00DFA03461946204611
:104C600000F0E8F900BF0C37BD4690BD90B583B0A9
:104C700000AF0446084611461A462346FB71034618
:104C8000BB800B46BB711346FB7002F0FFF902F0CC
:104C900009FABA88FB791146184602F0A9FA02F01F
:104CA00061FAF978BB79BA69184603F099FA02F00B
:104CB00011FA02F06FFA02F0D3F9044602F0DAF9C1
:104CC00003461946204600F0B5F900BF0C37BD4633
:104CD00090BD90B583B000AF0446084611461A4611
:104CE0002346FB710346BB800B46BB711346FB702A
:104CF00002F0CCF902F0D6F9BA88FB7911461846D1
:104D000002F076FA02F02EFAF978BB79BA69184601
:104D100003F094FA02F0DEF902F03CFA02F0A0F996
:104D2000044602F0A7F903461946204600F082F92E
:104D300000BF0C37BD4690BD90B583B000AF786022
:104D400002F0A4F902F0AEF97B681B78072B13D1AF
:104D5000374B93F838207B681B891946104602F0C0
:104D600047FA02F0FFF97B689A7B7B68DB7B194688
:104D7000104602F00FFB49E07B681B78042B13D12F
:104D80002B4B93F820207B681B891946104602F0B4
:104D90002FFA02F0E7F97B689A7B7B68DB7B194688
:104DA000104602F009FB31E07B681B78052B14D11B
:104DB0001F4B93F828207B681B891946104602F088
:104DC00017FA02F0CFF97B68987B7B68D97B7B6808
:104DD000DB7A1A4602F002FB18E07B681B78062B90
:104DE00014D1134B93F830207B681B891946104669
:104DF00002F0FEF902F0B6F97B68987B7B68D97BFC
:104E00007B68B3F90C301A4602F01EFB02F062F91F
:104E100002F0C0F902F024F9044602F02BF903462F
:104E20001946204600F006F900BF0C37BD4690BD7C
:104E300000DE010890B587B000AF396011461A4610
:104E40000346FB710B46BB7113467B7102F01EF9E2
:104E500002F028F9FB79434A12F833303A6892B2EB
:104E60001146184602F0C4F902F07CF9FB79412B97
:104E70005EDC2D2B04DA292B41D02B2B3FD057E0C1
:104E80002D3B012202FA03F340F255521A40002A48
:104E900014BF01220022D2B2002A37D103F4052226
:104EA000002A14BF01220022D2B2002A39D103F411
:104EB0008013002B14BF01230023DBB2002B37D05B
:104EC00003F098FE87ED050A03F086FE87ED040ADD
:104ED00003F09EFE87ED030A03F0A3FE87ED020AAE
:104EE0007A79BB79D7ED021A97ED031AD7ED050A47
:104EF00097ED040A1146184603F0EEF81FE0BA6A6F
:104F00007979BB79184603F0B9F818E0D7ED0A7A39
:104F10007A79BB79B0EE670A1146184603F04EF86D
:104F20000DE0BA6A7979BB79184603F079F806E0A2
:104F30007A79BB791146184603F02EF900BF02F0CA
:104F4000C9F802F027F902F08BF8044602F092F853
:104F500003461946204600F06DF800BF1C37BD46D9
:104F600090BD00BF00DE010890B583B000AF78604F
:104F700002F08CF802F096F87B681B783C2B14D179
:104F80002B4B93F8E0217B681B891946104602F0F1
:104F90002FF902F0E7F87B68187B7B68597B7B6808
:104FA000DB7A1A4603F076F92FE07B681B783D2BFD
:104FB00013D11F4B93F8E8217B681B8919461046D3
:104FC00002F016F902F0CEF87B681A7B7B685B7BF7
:104FD0001946104603F0CAF917E07B681B783E2B90
:104FE00013D1134B93F8F0217B681B8919461046A7
:104FF00002F0FEF802F0B6F87B68187B7B68597BFC
:105000007B689B7A1A4603F07BF902F063F802F0A2
:10501000C1F802F025F8044602F02CF803461946C0
:10502000204600F007F800BF0C37BD4690BD00BF1A
:1050300000DE010880B584B000AF78600B467B804D
:105040000023FB60798807F10C030F4A786801F0B0
:10505000ADFCFB689BB21A460B4901200FF06EFDB8
:1050600000BF01200FF07AFE0346212BF9D04FF448
:1050700080620021044815F0BBF901200FF036FDD5
:1050800000BF1037BD4680BD5804002080B586B0F3
:1050900004AF786039600C4B1B88194600230293DB
:1050A0003B6801937B6800931023084A084813F07B
:1050B00044FD0346012B14BF01230023DBB2184635
:1050C0000837BD4680BD00BF580C002064CF0108E2
:1050D0005804002080B586B004AF786039600C4B6E
:1050E0001B881946002302933B6801937B68009359
:1050F0001623084A084813F020FD0346012B14BF6D
:1051000001230023DBB218460837BD4680BD00BF2F
:10511000580C002078CF01085804002080B584B0D6
:1051200002AF00222021012010F04CF80346164A5D
:105130001360154B1B68002B01D100231FE00022D8
:105140002021012010F03EF80346104A13600F4B57
:105150001B68002B01D1002311E00D4B01930023AC
:10516000009300234FF480720A490B4810F059FD58
:1051700078607B68012B01D0002300E001231846F2
:105180000837BD4680BD00BF4C0E0020500E0020E9
:10519000480E0020A4CF01089D51000880B58AB0B8
:1051A00000AF78600FF09CF80FF03EF9774B1B686A
:1051B000FA227749184610F037FA0346012BF5D149
:1051C000734B1B7887F8273097F827300C2B1DD1AD
:1051D000002387F8243007F1240318460DF076FEEB
:1051E0000346002B05D001220321694800F0F0F8A6
:1051F00009E000220021664800F0EAF897F8243020
:10520000184600F023F900F065F9CFE797F827304A
:105210001A2B07D097F827301B2B03D097F827308D
:105220001D2B38D15A4B9B7A184600F0B3F8034631
:10523000012B05D107220321554800F0C9F827E0CA
:1052400000237B84524B9B7A07F1220211461846B9
:105250000FF056F8034687F8253097F82530002BD5
:105260000CD097F827301D2B01D10E2300E00D2321
:105270001A460421464800F0ABF804E00022002161
:10528000434800F0A5F8B7F92230184600F0CEF8F0
:1052900000F020F979E097F82730192B20D100236E
:1052A0003B8407F1200318460EF0B2FE0346012BA3
:1052B00009D111220421364800F08AF84FF0FF305E
:1052C00000F0A4F809E000220021314800F080F845
:1052D000B7F92030184600F099F800F0FBF865E7C0
:1052E00097F827301C2B7FF461AF07F114030022DD
:1052F0001A605A609A6007F1080300221A605A6027
:105300009A60002387F8263007F1140318460FF03F
:10531000B3F8034687F8263007F1080318460FF064
:10532000BFF803461A4697F82630134387F826300D
:1053300097F82630002B0FD00E220421144800F0DD
:1053400047F800220021002000F090F80022002100
:10535000002000F0A5F816E0002200210C4800F023
:1053600037F87B691BB2BA6911B2FA6912B21846F2
:1053700000F07CF8BB681BB2FA6811B23A6912B24D
:10538000184600F08DF800F0A5F80FE74C0E00204D
:10539000540E002080B483B000AF0346FB71FB794C
:1053A000002B0BD0FB79012B08D0FB79022B05D009
:1053B000FB79042B02D0FB79032B01D1002300E001
:1053C000012318460C37BD465DF8047B704700008A
:1053D00080B483B000AF78600B46FB701346BB709F
:1053E0007B681A78084B1A707B681A89064B1A81F9
:1053F000054AFB789377044ABB78D37700BF0C3714
:10540000BD465DF8047B7047740E002080B483B005
:1054100000AF0346FB80044AFB88138200BF0C37B1
:10542000BD465DF8047B7047740E002080B483B0E5
:1054300000AF0346FB80044AFB88938100BF0C3712
:10544000BD465DF8047B7047740E002080B483B0C5
:1054500000AF0346FB71044AFB79937300BF0C371E
:10546000BD465DF8047B7047740E002080B483B0A5
:1054700000AF0346FB800B46BB8013467B80074A88
:10548000FB885382054ABB889382044A7B88D38277
:1054900000BF0C37BD465DF8047B7047740E0020DA
:1054A00080B483B000AF0346FB800B46BB8013463D
:1054B0007B80074AFB881383054ABB885383044AD1
:1054C0007B88938300BF0C37BD465DF8047B704733
:1054D000740E002080B500AF044B186800234FF015
:1054E000FF3203490FF0CCFE00BF80BD500E0020FC
:1054F000740E002080B584B002AF0DF00DFD0022C7
:10550000142101200FF05EFE0346154A1360144B70
:105510001B68002B01D100231EE000221421012072
:105520000FF050FE03460F4A13600E4B1B68002B12
:1055300001D1002310E00C4B0193002300930023C2
:1055400080220A490A4810F06CFB78607B68012BC6
:1055500001D0002300E0012318460837BD4680BD76
:10556000980E00209C0E0020940E0020A8CF010869
:105570007555000880B584B000AF7860374B1B6864
:10558000FA223749184610F04FF80346012BF5D19F
:10559000334B1B78FB73FB7B082B15D1304B9B7A6D
:1055A00018460DF0C5FC0346012B05D1012203214D
:1055B0002B4800F057F804E000220021284800F0B2
:1055C00051F800F09DF8D9E7FB7B092B0FD10DF0C6
:1055D000DBFC0346FB7200220021214800F042F868
:1055E000FB7A184600F05CF800F08AF8C6E7FB7B0F
:1055F0000A2B10D10DF0D4FC0346BB810022002100
:10560000174800F02FF8B7F90C30184600F058F89A
:1056100000F076F8B2E7FB7B0B2BAFD100233B8188
:1056200007F10803194600200EF06AFE0346BB731B
:10563000BB7B002B05D00E220421094800F012F894
:1056400004E000220021064800F00CF8B7F9083009
:10565000184600F045F800F053F88FE7980E002048
:10566000A00E002080B483B000AF78600B46FB70C2
:105670001346BB707B681A78084B1A707B681A89CE
:10568000064B1A81054AFB781374044ABB7853749D
:1056900000BF0C37BD465DF8047B7047B40E002098
:1056A00080B483B000AF0346FB71044AFB79937268
:1056B00000BF0C37BD465DF8047B7047B40E002078
:1056C00080B483B000AF0346FB80044AFB8893811B
:1056D00000BF0C37BD465DF8047B7047B40E002058
:1056E00080B483B000AF0346FB80044AFB88D381BB
:1056F00000BF0C37BD465DF8047B7047B40E002038
:1057000080B500AF044B186800234FF0FF32034907
:105710000FF0B6FD00BF80BD9C0E0020B40E00202F
:1057200080B584B002AF0022142101200FF04AFDA1
:105730000346154A1360144B1B68002B01D100234C
:105740001EE00022142101200FF03CFD03460F4A09
:1057500013600E4B1B68002B01D1002310E00C4B93
:10576000019300230093002380220A490A4810F085
:1057700058FA78607B68012B01D0002300E00123F8
:1057800018460837BD4680BDCC0E0020D00E002044
:10579000C80E0020B0CF01089D57000880B584B026
:1057A00000AF78600DF05CFB684B1B68FA2268491B
:1057B00018460FF039FF0346012BF5D1644B1B78D7
:1057C000FB73FB7B112B15D1614B5B8918460DF0E8
:1057D000C7FC0346002B05D00B2203215C4800F0D8
:1057E000BBF804E000220021594800F0B5F800F0B1
:1057F00001F9D9E7FB7B122B0DD10022002154487F
:1058000000F0AAF80DF008FD0346184600F0C2F8B3
:1058100000F0F0F8C8E7FB7B132B0DD1002200212C
:105820004B4800F099F80DF003FD0346184600F0D0
:10583000C1F800F0DFF8B7E7FB7B142B1FD1002382
:10584000BB8107F10C03194601200EF059FD0346F8
:10585000BB73BB7B002B05D00D2204213C4800F01C
:105860007BF804E000220021394800F075F8B7F910
:105870000C30184600F0AEF800F0BCF894E7FB7B63
:10588000152B21D1324B1B7B002B08D164200DF04E
:10589000F7FA002200212E4800F05EF811E02C4BB0
:1058A0001B7B012B08D100200DF0EAFA0022002119
:1058B000274800F051F804E00A220421244800F0AF
:1058C0004BF800F097F86FE7FB7B162B12D1002204
:1058D00000211F4800F040F80DF0EAFA0346002BC3
:1058E0000CBF01230023DBB21A46194B1A7300F0D8
:1058F00081F859E7FB7B172B16D1154B5B7B642B8B
:1059000005D909220321124800F026F809E0104BBE
:105910005B7B18460DF0B4FA002200210C4800F021
:105920001BF800F067F83FE7FB7B182B7FF43CAFD8
:105930000DF0BEFA03461A46064B5A7300220021A8
:10594000034800F009F800F055F82DE7CC0E0020D0
:10595000D40E0020E80E002080B483B000AF786041
:105960000B46FB701346BB707B681A78084B1A70A5
:105970007B681A89064B1A81054AFB789374044A9E
:10598000BB78D37400BF0C37BD465DF8047B70470D
:10599000E80E002080B483B000AF0346FB80044AC9
:1059A000FB88538100BF0C37BD465DF8047B704710
:1059B000E80E002080B483B000AF0346FB80044AA9
:1059C000FB88D38100BF0C37BD465DF8047B704770
:1059D000E80E002080B483B000AF0346FB80044A89
:1059E000FB88138200BF0C37BD465DF8047B70470F
:1059F000E80E002080B500AF044B186800234FF07C
:105A0000FF3203490FF03CFC00BF80BDD00E0020E8
:105A1000E80E002080B584B000AF7860642010F0FC
:105A20004FFA0EF02FFB654B1B684FF0FF326449B5
:105A300018460FF0F9FD0346012BF4D1604B1B789B
:105A4000FB73FB7B032B22D10EF01CFB0346002BC8
:105A50000ED00E2304225A495A4800F03FF95A4BFF
:105A6000186800234FF0FF3256490FF009FCDAE7BF
:105A7000002300225249534800F030F9524B186875
:105A800000234FF0FF324F490FF0FAFBCBE7FB7BCF
:105A9000002B53D14A4BB3F90A30184600F0F8F8FE
:105AA0000346012B0ED10B2303224549454800F044
:105AB00015F9454B186800234FF0FF3241490FF0AC
:105AC000DFFBB0E73E4BB3F90A3018460EF0F0FAB0
:105AD00003461A463D4B1A703C4B1B78002B19D0DD
:105AE0003A4B1B78052B06D1122304223449354842
:105AF00000F0F4F805E00E2304223149314800F0AB
:105B0000EDF8314B186800234FF0FF322D490FF0AC
:105B1000B7FB88E70023002229492A4800F0DEF875
:105B2000274BB3F90A20274B5A81274B18680023CB
:105B30004FF0FF3223490FF0A3FB74E7FB7B012BEF
:105B400014D1002300221E491E4800F0C7F80EF0B1
:105B5000C1FA03461A461B4B5A811B4B1868002397
:105B60004FF0FF3217490FF08BFB5CE7FB7B022BFA
:105B700014D1002300221249124800F0AFF80EF0B1
:105B8000D5FA03461A460F4BDA810F4B18680023EB
:105B90004FF0FF320B490FF073FB44E7052302225D
:105BA0000749084800F09AF8074B186800234FF09F
:105BB000FF3204490FF064FB35E700BF000F0020FF
:105BC000100F0020240F0020040F0020380F0020A9
:105BD00080B584B002AF0022142101200FF0F2FA48
:105BE0000346244A1360234B1B68002B01D100237A
:105BF0003BE00022142101200FF0E4FA03461E4A84
:105C000013601D4B1B68002B01D100232DE00022E7
:105C1000142101200FF0D6FA0346184A1360174BDF
:105C20001B68002B01D100231FE00022142101205A
:105C30000FF0C8FA0346124A1360114B1B68002B81
:105C400001D1002311E00F4B0193002300930023A7
:105C50004FF400720C490D480FF0E3FF78607B6849
:105C6000012B01D0002300E0012318460837BD4670
:105C700080BD00BF000F0020040F0020080F00208F
:105C80000C0F0020FC0E0020B4CF0108155A0008AC
:105C900080B483B000AF0346FB800F4BB3F90A30EA
:105CA00013F1640FACBF01230023DAB20A4BB3F93E
:105CB0000A30642BD4BF01230023DBB21340DBB2D4
:105CC000002B01D0002300E0012318460C37BD460D
:105CD0005DF8047B704700BF100F002080B485B0D2
:105CE00000AFF860B96011461A460B46FB711346C7
:105CF000BB71BB681A78FB681A70BB681A89FB68AD
:105D00001A81FB68FA791A74FB68BA795A7400BF71
:105D10001437BD465DF8047B7047000080B584B041
:105D200002AF0022142101200FF04CFA0346154A5D
:105D30001360144B1B68002B01D100231EE00022CE
:105D4000142101200FF03EFA03460F4A13600E4B58
:105D50001B68002B01D1002310E00C4B01930023A2
:105D60000093002380220A490A480FF05AFF786006
:105D70007B68012B01D0002300E00123184608377F
:105D8000BD4680BD400F0020440F00203C0F002086
:105D9000BCCF0108995D000880B584B000AF786081
:105DA000444B1B68FA22444918460FF03DFC034659
:105DB000012BF5D1404B9B7A184600F081F8034641
:105DC000012B07D1072203213B4800F093F800F094
:105DD000E3F8E5E7384B1B78FB73FB7B0E2B13D105
:105DE000354B9B7A18460EF0B7F903467B810022AB
:105DF0000021314800F07EF8B7F90A30184600F06B
:105E0000ABF800F0C9F8CBE7FB7B0D2B13D12A4B85
:105E10009B7A18460EF0C8F90346BB810022002188
:105E2000254800F067F8B7F90C30184600F084F800
:105E300000F0B2F8B4E7FB7B0F2B1CD11E4BDB7AD2
:105E4000002B06D101224FF400511C4807F09AFDA7
:105E500009E0194BDB7A012B05D100224FF40051E8
:105E6000164807F08FFD00220021134800F042F889
:105E700000F092F894E7FB7B102B91D14FF4005186
:105E80000E4807F067FD0346BB73002200210A4855
:105E900000F030F8BB7B002B03D1012000F06CF840
:105EA00005E0BB7B012B02D1002000F065F800F07B
:105EB00073F875E7400F0020480F002000040240EF
:105EC00080B483B000AF0346FB71FB79002B08D090
:105ED000FB79012B05D0FB79022B02D0FB79032B38
:105EE00001D1002300E0012318460C37BD465DF8C0
:105EF000047B704780B483B000AF78600B46FB70C2
:105F00001346BB707B681A780A4B1A707B681A8933
:105F1000084B1A817B689A7A064B9A72054AFB787D
:105F20001374044ABB78537400BF0C37BD465DF848
:105F3000047B70475C0F002080B483B000AF034641
:105F4000FB80044AFB88938100BF0C37BD465DF897
:105F5000047B70475C0F002080B483B000AF034621
:105F6000FB80044AFB88D38100BF0C37BD465DF837
:105F7000047B70475C0F002080B483B000AF034601
:105F8000FB71044AFB79D37200BF0C37BD465DF844
:105F9000047B70475C0F002080B500AF044B18688D
:105FA00000234FF0FF3203490FF06AF900BF80BDB4
:105FB000440F00205C0F002080B584B002AF0022A7
:105FC000482101200FF0FEF80346164A1360154BD6
:105FD0001B68002B01D100231FE000224821012073
:105FE0000FF0F0F80346104A13600F4B1B68002BAC
:105FF00001D1002311E00D4B0193002300930023F6
:106000004FF400720A490B480FF00BFE78607B6872
:10601000012B01D0002300E0012318460837BD46BC
:1060200080BD00BF740F0020780F0020700F00208B
:10603000C8CF01083960000880B584B000AF78602F
:10604000C82006F021FA78480EF056FB774B1B6803
:106050004FF0FF32764918460FF0E6FA0346012B5F
:10606000F4D1734B1B78FB73FB7B1E2B30D1704B31
:1060700093F82930002B02D100F08AFE19E06C4B16
:1060800093F82930022B04D100F044FE03F090F97C
:106090000FE0674B93F82930032B02D103F07CF912
:1060A00007E0634B93F82930012B02D100F05EFF2B
:1060B000B8E0002300225E495E4800F0C5F85E4B60
:1060C000186800234FF0FF325A490FF0D9F8BDE7A6
:1060D000FB7B1F2B51D103200EF066F803461A46B6
:1060E000544B9A8503200EF037F803461A46514B5D
:1060F000DA8502200EF058F803461A464D4B1A86F0
:1061000002200EF029F803461A464A4B5A8601200F
:106110000EF04AF803461A46464B9A8601200EF0C6
:106120001BF803461A46434BDA8600200EF03CF873
:1061300003461A463F4B1A8700200EF00DF803461F
:106140001A463C4B5A873D480CF0C0FE00200EF02A
:10615000A7FE03461A46374B83F84420002300224B
:106160003349344800F070F8334B186800234FF07F
:10617000FF3230490FF084F868E7FB7B212B13D105
:106180002F4A102100200DF0CDFE002300222849C7
:10619000284800F059F8284B186800234FF0FF32C8
:1061A00024490FF06DF851E7FB7B202B13D1254AD2
:1061B000102100200DF00CFF002300221C491D4877
:1061C00000F042F81C4B186800234FF0FF321949C9
:1061D0000FF056F83AE7FB7B222B0ED1002300226A
:1061E0001349144800F030F8134B186800234FF09F
:1061F000FF3210490FF044F828E7FB7B232B7FF494
:1062000025AF002300220A490A4800F01DF809487A
:1062100000F03BF8084B186800234FF0FF320549A7
:106220000FF02EF812E700BF00000020740F0020CE
:106230007C0F0020C40F0020780F002000100020E9
:10624000DC0F0020940F002080B485B000AFF86010
:10625000B96011461A460B46FB711346BB71BB6809
:106260001A78FB681A70BB681A89FB681A81FB6888
:10627000FA7983F82820FB68BA7983F82A2000BFCE
:106280001437BD465DF8047B704780B584B000AF1D
:10629000786006F01DF9F8607B68FA68DA6006F04D
:1062A00023F9F8607B68FA681A6106F029F9F8604A
:1062B0007B68FA685A6100BF1037BD4680BD80B563
:1062C00000AFFEF72BFFFFF715F9FFF729FAFFF7ED
:1062D0007FFCFFF723FDFFF76FFE00F091F900F060
:1062E00005F8FAF7ADFE00BF80BD000080B584B0B0
:1062F00002AF0DF02DF80CF0F3F800221021012070
:106300000EF060FF0346164A1360154B1B68002B06
:1063100001D100231FE00022102101200EF052FFC6
:106320000346104A13600F4B1B68002B01D100235A
:1063300011E00D4B01930023009300234FF4807272
:106340000A490B480FF06DFC78607B68012B01D087
:10635000002300E0012318460837BD4680BD00BF7A
:1063600010100020141000200C100020D0CF0108C5
:106370007563000880B584B000AF78602A4B1B6855
:106380004FF0FF32294918460FF04EF90346012B12
:10639000F4D1264B1B78FB73FB7B3C2B15D10020E3
:1063A0000CF0ACF803461A46214BDA7200230022A7
:1063B0001E491F4800F040F81E4B186800234FF09C
:1063C000FF321B490EF05CFFD8E7FB7B3D2B13D15E
:1063D000164B9B7A18460CF0C3FF0023002213498A
:1063E000134800F029F8134B186800234FF0FF32D0
:1063F0000F490EF045FFC1E7FB7B3E2BBED10DF0F0
:1064000015F803461A460A4B9A72002300220749E0
:10641000074800F011F8074B186800234FF0FF32CF
:1064200003490EF02DFFA9E71010002018100020DE
:10643000281000201410002080B485B000AFF86050
:10644000B96011461A460B46FB711346BB71BB6817
:106450001A78FB681A70BB681A89FB681A81FB6896
:10646000FA791A73FB68BA795A7300BF1437BD46BC
:106470005DF8047B7047000080B584B000AF7860A1
:106480000EF0D4FC5A4B1B684FF0FF3259491846A6
:106490000FF0CAF80346012BF4D1564B1B78FB735F
:1064A000FB7B072B10D10EF0C1FC002300225149C9
:1064B000514800F011F9514B186800234FF0FF329A
:1064C0004D490EF0DDFEDDE74A4B9B7A184600F0A1
:1064D000D5F80346012B0ED1072303224549464830
:1064E00000F0FAF8454B186800234FF0FF3242499C
:1064F0000EF0C6FEC6E7FB7B042B41D13D4BDB7A99
:10650000184600F0D5F80346012B0ED10A230322CA
:106510003849394800F0E0F8384B186800234FF04C
:10652000FF3235490EF0ACFEACE7324B9B7A314A74
:10653000D27A114618460EF081FC0346BB73BB7B32
:10654000002B0ED1002300222A492B4800F0C4F86A
:106550002A4B186800234FF0FF3227490EF090FEB7
:1065600090E7032304222349234800F0B5F8234B86
:10657000186800234FF0FF321F490EF081FE81E7BB
:10658000FB7B052B17D1002300221A491A4800F083
:10659000A3F8184B9B7A18460EF082FC03461A4665
:1065A000154BDA72154B186800234FF0FF32124971
:1065B0000EF066FE66E7FB7B062B7FF463AF0023DD
:1065C00000220C490C4800F087F80A4B9B7A1846C9
:1065D0000EF094FC03461A46074B9A81074B186845
:1065E00000234FF0FF3204490EF04AFE4AE700BF95
:1065F0003C100020441000205410002040100020C7
:1066000080B584B002AF0022102101200EF0DAFD27
:106610000346154A1360144B1B68002B01D100235D
:106620001EE00022102101200EF0CCFD03460F4A8F
:1066300013600E4B1B68002B01D1002310E00C4BA4
:106640000193002300930023C8220A490A480FF04F
:10665000E8FA78607B68012B01D0002300E0012379
:1066600018460837BD4680BD3C1000204010002071
:1066700038100020E0CF01087964000880B483B0AE
:1066800000AF0346FB71FB79002B08D0FB79012B8F
:1066900005D0FB79022B02D0FB79032B01D100231B
:1066A00000E0012318460C37BD465DF8047B7047B7
:1066B00080B483B000AF0346FB71FB79012B02D09D
:1066C000FB79002B01D1002300E0012318460C3791
:1066D000BD465DF8047B704780B485B000AFF860BC
:1066E000B96011461A460B46FB711346BB71BB6875
:1066F0001A78FB681A70BB681A89FB681A81BB6834
:106700009A7AFB689A72FB68FA799A73FB68BA798D
:10671000DA7300BF1437BD465DF8047B7047000094
:1067200080B582B000AF0023FB8012E03B461946E3
:106730000C4808F02DFF0346002B05D1FB883A6872
:10674000094941F8232001E0012306E0FB880133D9
:10675000FB80FB88072BE9D9002318460837BD4684
:1067600080BD00BFC01900206410002080B483B039
:1067700000AF0346FB71FB79022B04D8054AFB7975
:106780001370002300E0012318460C37BD465DF866
:10679000047B70478410002080B400AF034B1B784B
:1067A0001846BD465DF8047B704700BF841000208A
:1067B00080B500AF00F00CF80346002B03D1002099
:1067C000FFF7D4FF02E00220FFF7D0FF00BF80BD3B
:1067D00080B584B000AF134BBB600023FB73002374
:1067E000BB810FE0BB899B00BA6813441B687B60C8
:1067F0007B68B3F1FF3F02D1FB7B0133FB73BB89A5
:106800000133BB81BB89072BECD9FB7B082B04D060
:10681000B86800F0BBF8022300E0002318461037E8
:10682000BD4680BD00001E08B0B582B000AF002399
:10683000BB8000F057F80346FB71FB79002B35D184
:1068400006F0E4FC0346FB7106F012FD0346FB7103
:10685000224BC022DA60FB79002B23D10023BB80BE
:106860001CE0BB8803F1017303F560339B001946FC
:10687000BB881B4A52F8233000221C46154622468C
:106880002B46022006F06EFC0346FB71FB79002BC1
:1068900001D001231DE0BB880133BB80BB88072BDF
:1068A000DFD903E006F010FD0346FB7106F0FCFCA7
:1068B00006F0CEFC00237B8007E07B88084A00219D
:1068C00042F823107B8801337B807B88072BF4D927
:1068D000FB7918460837BD46B0BD00BF003C0240FA
:1068E0006410002080B582B000AF06F08FFC034634
:1068F000FB7106F0BDFC0346FB71084BC022DA6059
:106900000221172006F02CFE06F0CEFC06F0A0FCBB
:10691000FB7918460837BD4680BD00BF003C0240E9
:1069200080B586B000AF78600023FB8222E0FB8A4E
:10693000144A52F8232007F10C031349184613F0A8
:10694000F1FC00237B750FE07A7DFB8AD9007B7D0B
:106950000B4419467B680B4418323A4412F80C2C4D
:106960001A707B7D01337B757B7D072BECD9FB8A0D
:106970000133FB82FB8A072BD9D900BF00BF183730
:10698000BD4680BD64100020E8CF010880B483B00C
:1069900000AF7860044A7B68D360002318460C3748
:1069A000BD465DF8047B70476C16002080B588B04A
:1069B00000AFF860B9607A603B607B68AA221A7009
:1069C0007B681533BA68F968184613F014FE7B68C3
:1069D00003F1150007F11C031022B96800F07FF8DD
:1069E0007B68053310220021184613F001FDFB6976
:1069F0001433BB617B680133BA691A607B68581C29
:106A0000FB6903F1140107F11403042200F067F895
:106A10007B685A1C7B699B081946104600F0C0F839
:106A200003463B61FB6915337A6813443A691A607F
:106A3000FB6903F119023B681A60002318462037EE
:106A4000BD4680BD80B58AB000AFF860B9607A609D
:106A50007B6800221A60FB6801331B68FB61FB69DD
:106A6000132B01D8012336E0FB69143BFB61FB6962
:106A70001533FA6813441B687B61FB68581CFB697B
:106A800003F1140107F11803042200F028F8FB6851
:106A90005A1CBB699B081946104600F081F87862C1
:106AA0007B697A6A9A4201D0012314E0FB681533AE
:106AB000F9697A68184600F038F8034687F82330F9
:106AC000FB6803F115017B681B681A46B86813F070
:106AD00092FD97F8233018462837BD4680BD80B513
:106AE00086B000AFF860B9607A603B60BB687A68D6
:106AF000B3FBF2F2796801FB02F29B1A7A68D31AAF
:106B00007B61BA687B691A443B681A60FA68BB68A3
:106B100013447A69D2B211467A69184613F068FCB8
:106B2000002318461837BD4680BD80B487B000AF3B
:106B3000F860B9607A60BB68002B01D1012329E0BD
:106B4000BB68013BFA6813441B78FB74FB7C002B89
:106B500003D0FB7CBA689A4201D2FF231AE0FB7C87
:106B6000BA68D31A7B610BE0FA687B6913441B781F
:106B7000FA7C9A4201D001230CE07B6901337B61EE
:106B80007A69BB689A42EFD3FB7CBA68D21A7B68F9
:106B90001A60002318461C37BD465DF8047B704719
:106BA0002DE9F04385B000AF786039606B461E4632
:106BB00039680B46013BFB600023884699464FF03D
:106BC00000024FF000034FEA491343EAD8634FEA4B
:106BD000481200230C461D464FF000024FF0000300
:106BE0006B0143EAD46362018B000733DB08DB00EF
:106BF000ADEB030D6B4603339B089B00BB603B680A
:106C00009B001A467968B86813F0F5FC3968B868D3
:106C100000F00EF83A68B968044806F0A6F9034691
:106C2000B54618461437BD46BDE8F083641600200B
:106C300080B487B000AF7860396000237B6121E0C9
:106C40007B699B007A681A4407F10C0312681A608A
:106C500000233B6110E03B69C3F103027B699900AB
:106C60003B690B4479680B4418323A4412F80C2CF7
:106C70001A703B6901333B613B69032BEBDD7B6998
:106C800001337B617A693B689A42D9D300BF00BF68
:106C90001C37BD465DF8047B7047000080B400AF30
:106CA000044B00221A7000231846BD465DF8047B91
:106CB000704700BF8610002080B500AF074B1B78DF
:106CC000002B01D0012307E0054B1B680133044A68
:106CD000136000F009F90023184680BD85100020DC
:106CE0008810002080B400AF034B1B781846BD46C7
:106CF0005DF8047B704700BF8510002080B400AFB2
:106D0000034B1B781846BD465DF8047B704700BFF7
:106D10008610002080B582B000AF0023FB713220C6
:106D20000FF0CEF8FB1D19467F200DF01BF903462E
:106D3000002B04D0154B00221A700E2321E0FB79A2
:106D40005BB2002B04DAFB7903F07F03DBB2FB714B
:106D500032200FF0B5F8FB7943F00103DBB219469E
:106D60007F200DF019F90346002B04D0074B0022B9
:106D70001A700E2305E0FFF791FF044B01221A70F1
:106D8000002318460837BD4680BD00BF861000208E
:106D900080B582B000AF0023FB7132200FF090F875
:106DA000FB1D19467F200DF0DDF80346002B04D0B3
:106DB000104B00221A700E2318E032200FF080F8DA
:106DC000FB7923F00103DBB219467F200DF0E4F8D4
:106DD0000346002B04D0074B00221A700E2305E057
:106DE00000F0B8F8034B00221A7000231846083749
:106DF000BD4680BD8610002080B400AF034B1B68E9
:106E00001846BD465DF8047B704700BF881000201F
:106E100080B500AF1E4B1B78002B02D0012B12D087
:106E200033E01C4B1B781B2B06D81A4B1B78013305
:106E3000DAB2184B1A7028E0154B01221A70154B64
:106E400001221A7021E0134B1B78012B06D8114B3D
:106E50001B780133DAB20F4B1A7015E00D4B01228B
:106E60001A700D4B01221A7000F074F80B4B1E22A1
:106E70001A700A4B012283F82920094B1868002355
:106E8000002206490EF01AFB00BF00BF80BD00BF04
:106E9000D41000200C000020851000208C10002051
:106EA000740F002080B483B000AF0346FB71FB7900
:106EB000012B01D9012303E0044AFB79137000235D
:106EC00018460C37BD465DF8047B7047D41000208F
:106ED00080B400AF034B1B781846BD465DF8047BB9
:106EE000704700BFD410002080B582B000AF0023EF
:106EF000FB71164B01221A70154B1B681B686FF053
:106F000001021A61124B1B68184609F02DFA03465C
:106F10001A46FB791343FB710D4B1B681B6800225B
:106F20005A620B4B1B681B686FF001021A61084B19
:106F30001B68184609F0A8F903461A46FB79134363
:106F4000FB71002318460837BD4680BD0C000020A9
:106F50001000002080B500AF034B1B68184609F0F5
:106F600003FA00BF80BD00BF1000002080B500AF55
:106F7000002001F025FB002001F062FB01200BF056
:106F8000D7FF0CF0D5F8002100200DF057FF0020AE
:106F90000DF08EF802200CF0E3F900BF80BD000078
:106FA00080B584B000AF786039603B68002B02D1B7
:106FB0004FF0FF331EE00023FB7315E097F90F300D
:106FC0000E4A52F823303A681946786813F02CFAC2
:106FD0000346002B02D197F90F300BE097F90F30E1
:106FE000DBB20133DBB2FB7397F90F30022BE5DD27
:106FF0004FF0FF3318461037BD4680BD1400002007
:1070000080B584B000AF786039603B68002B02D156
:107010004FF0FF331EE00023FB7315E097F90F30AC
:107020000E4A52F823303A681946786813F0FCF992
:107030000346002B02D197F90F300BE097F90F3080
:10704000DBB20133DBB2FB7397F90F30012BE5DDC7
:107050004FF0FF3318461037BD4680BD200000209A
:1070600080B400AF024B1846BD465DF8047B704704
:10707000D810002080B400AF034B1B881846BD46D3
:107080005DF8047B704700BFD814002080B400AFC7
:10709000034B00221A8000BFBD465DF8047B704799
:1070A000D814002080B400AF084B1B881A46084B48
:1070B0007B219954054B1B8801339AB2034B1A80EC
:1070C00000BFBD465DF8047B704700BFD8140020A8
:1070D000D810002080B400AF084B1B881A46084B1C
:1070E0007D219954054B1B8801339AB2034B1A80BA
:1070F00000BFBD465DF8047B704700BFD814002078
:10710000D810002080B400AF084B1B881A46084BEB
:107110005B219954054B1B8801339AB2034B1A80AB
:1071200000BFBD465DF8047B704700BFD814002047
:10713000D810002080B400AF084B1B881A46084BBB
:107140005D219954054B1B8801339AB2034B1A8079
:1071500000BFBD465DF8047B704700BFD814002017
:10716000D810002080B400AF084B1B881A46084B8B
:107170002C219954054B1B8801339AB2034B1A807A
:1071800000BFBD465DF8047B704700BFD8140020E7
:10719000D810002080B400AF084B1B881A46084B5B
:1071A0000D219954054B1B8801339AB2034B1A8069
:1071B00000BFBD465DF8047B704700BFD8140020B7
:1071C000D810002080B500AF054B5B69184601F070
:1071D00045F901F013F9FFF765FF00BF80BD00BF5F
:1071E000E0E0010880B500AFFFF774FF00BF80BD8D
:1071F00080B582B000AF03460A46FB711346BB80E0
:107200000C4B5A68FB790C49DB000B445B68194650
:10721000104601F09DF9FFF7A5FF064BDB68B7F9B3
:1072200004201146184601F0A4F900BF0837BD46F6
:1072300080BD00BFE0E0010800DE010880B582B03B
:1072400000AF03460A46FB711346BB710D4BD3F8E2
:107250008C30FA7912B21146184601F08AF9FFF71C
:1072600081FF084BD3F89420BB790749DB000B441E
:107270005B681946104601F06BF900BF0837BD4640
:1072800080BD00BFE0E0010878E1010880B582B070
:1072900000AF03460A46FB711346BB71BA79FB790E
:1072A00011461846FFF7CAFF00BF0837BD4680BD2C
:1072B00080B582B000AF0346FB710B46BB7113462D
:1072C000BB80FFF77FFFFB79002B07D00F4BD3F874
:1072D00094300021184601F04CF908E00B4BD3F82C
:1072E0009430B7F904201146184601F042F9FFF72F
:1072F00079FFFFF737FFBA79FB7911461846FFF798
:107300009DFF00BF0837BD4680BD00BF28E00108D3
:1073100080B582B000AF0346FB710B46BB711346CC
:10732000BB80FFF74FFFFB79002B07D00F4BD3F843
:1073300094300021184601F01CF908E00B4BD3F8FB
:107340009430B7F904201146184601F012F9FFF7FE
:1073500049FFFFF707FFBA79FB7911461846FFF797
:107360006DFF00BF0837BD4680BD00BF28E00108A3
:1073700080B582B000AF03460A46FB711346BB716D
:10738000BA79FB7911461846FFF758FF00BF083756
:10739000BD4680BD80B582B000AF03460A46FB7192
:1073A0001346BB71BA79FB7911461846FFF746FFC1
:1073B00000BF0837BD4680BD80B582B000AF034630
:1073C0000A46FB711346BB71BA79FB791146184620
:1073D000FFF734FF00BF0837BD4680BD80B582B0DF
:1073E00000AF0346FB710B46BB7113467B71FFF781
:1073F000E9FEFB79002B07D0104BD3F894301049ED
:10740000184601F0A5F80BE00C4BD3F894207B79DB
:107410000C49DB000B445B681946104601F098F8F4
:10742000FFF7E0FEFFF79EFEBA79FB79114618469A
:10743000FFF704FF00BF0837BD4680BD28E0010804
:10744000C0D9010870E2010880B582B000AF0346E0
:10745000FB710B46BB711346BB80FFF7B3FEFB7994
:10746000002B07D00F4BD3F894300021184601F0C1
:1074700080F808E00B4BD3F89430B7F9042011469C
:10748000184601F076F8FFF7ADFEFFF76BFEBA790C
:10749000FB7911461846FFF7D1FE00BF0837BD46FD
:1074A00080BD00BF28E0010880B582B000AF034670
:1074B0000A46FB711346BB71BA79FB79114618462F
:1074C000FFF7BCFE00BF0837BD4680BD80B582B067
:1074D00000AF0346FB710B46BB7113467B71FFF790
:1074E00071FEFB79002B07D0104BD3F89430104974
:1074F000184601F02DF80BE00C4BD3F894207B7963
:107500000C49DB000B445B681946104601F020F87B
:10751000FFF768FEFFF726FEBA79FB791146184699
:10752000FFF78CFE00BF0837BD4680BD28E001088C
:10753000C0D90108D8E2010880B582B000AF034687
:10754000FB710B46BB711346BB80FFF73BFEFB791B
:10755000002B07D00F4BD3F894300021184601F0D0
:1075600008F808E00B4BD3F89430B7F90420114623
:10757000184600F0FEFFFFF735FEFFF7F3FDBA797E
:10758000FB7911461846FFF759FE00BF0837BD4684
:1075900080BD00BF28E0010880B582B000AF03467F
:1075A000FB710B46BB711346BB80FFF70BFEFB79EB
:1075B000002B07D00F4BD3F894300021184600F071
:1075C000D8FF08E00B4BD3F89430B7F904201146EC
:1075D000184600F0CEFFFFF705FEFFF7C3FDBA79AE
:1075E000FB7911461846FFF729FE00BF0837BD4654
:1075F00080BD00BF28E0010880B582B000AF03461F
:10760000FB710B46BB7113467B71FFF7DBFDFB790A
:10761000002B07D00F4BD3F894300021184600F010
:10762000A8FF08E00B4BD3F894307A7912B21146D8
:10763000184600F09EFFFFF7D5FDFFF793FDBA79DE
:10764000FB7911461846FFF7F9FD00BF0837BD4624
:1076500080BD00BF28E0010880B582B000AF0346BE
:10766000FB710B46BB711346BB80FFF7ABFDFB798B
:10767000002B07D00F4BD3F894300021184600F0B0
:1076800078FF08E00B4BD3F89430B7F9042011468B
:10769000184600F06EFFFFF7A5FDFFF763FDBA790E
:1076A000FB7911461846FFF7C9FD00BF0837BD46F4
:1076B00080BD00BF28E0010880B582B000AF03465E
:1076C000FB710B46BB711346BB80FFF77BFDFB795B
:1076D000002B07D00F4BD3F894300021184600F050
:1076E00048FF08E00B4BD3F89430B7F9042011465B
:1076F000184600F03EFFFFF775FDFFF733FDBA793E
:10770000FB7911461846FFF799FD00BF0837BD46C3
:1077100080BD00BF28E0010880B582B000AF0346FD
:107720000A46FB711346BB71BA79FB7911461846BC
:10773000FFF784FD00BF0837BD4680BD80B582B02D
:1077400000AF0346FB710B46BB7113467B71FFF71D
:1077500039FDFB79002B07D0104BD3F8943010493A
:10776000184600F0F5FE0BE00C4BD3F894207B7923
:107770000C49DB000B445B681946104600F0E8FE3C
:10778000FFF730FDFFF7EEFCBA79FB79114618469A
:10779000FFF754FD00BF0837BD4680BD28E0010853
:1077A000C0D90108DCE3010880B582B000AF034610
:1077B0000A46FB711346BB71BA79FB79114618462C
:1077C000FFF73CFD00BF0837BD4680BD80B582B0E5
:1077D00000AF0346FB710B46BB711346BB80FFF73E
:1077E000F1FCFB79002B07D00F4BD3F8943000212C
:1077F000184600F0BEFE08E00B4BD3F89430B7F902
:1078000004201146184600F0B4FEFFF7EBFCFFF72A
:10781000A9FCBA79FB7911461846FFF70FFD00BFA6
:107820000837BD4680BD00BF28E0010880B582B0A2
:1078300000AF0346FB710B46BB711346BB80FFF7DD
:10784000C1FCFB79002B07D00F4BD3F894300021FB
:10785000184600F08EFE08E00B4BD3F89430B7F9D1
:1078600004201146184600F084FEFFF7BBFCFFF72A
:1078700079FCBA79FB7911461846FFF7DFFC00BFA7
:107880000837BD4680BD00BF28E0010880B582B042
:1078900000AF0346FB710B46BB711346BB80FFF77D
:1078A00091FCFB79002B07D00F4BD3F894300021CB
:1078B000184600F05EFE08E00B4BD3F89430B7F9A1
:1078C00004201146184600F054FEFFF78BFCFFF72A
:1078D00049FCBA79FB7911461846FFF7AFFC00BFA7
:1078E0000837BD4680BD00BF28E0010880B582B0E2
:1078F00000AF0346FB710B46BB7113467B71FFF76C
:1079000061FCFB79002B07D0104BD3F89430002199
:10791000184600F02EFE0BE00C4BD3F894207B7938
:107920000B49DB000B445B681946104600F010FE63
:10793000FFF758FCFFF716FCBA79FB791146184699
:10794000FFF77CFC00BF0837BD4680BD28E001087A
:1079500060E2010880B582B000AF0346FB710B46C0
:10796000BB711346BB80FFF72DFCFB79002B07D0C2
:107970000F4BD3F894300021184600F0FAFD08E0D0
:107980000B4BD3F89430B7F904201146184600F099
:10799000F0FDFFF727FCFFF7E5FBBA79FB7911460D
:1079A0001846FFF74BFC00BF0837BD4680BD00BF3F
:1079B00028E0010880B582B000AF0346FB710B469A
:1079C000BB711346BB80FFF7FDFBFB79002B07D093
:1079D0000F4BD3F894300021184600F0CAFD08E0A0
:1079E0000B4BD3F89430B7F904201146184600F039
:1079F000C0FDFFF7F7FBFFF7B5FBBA79FB7911463E
:107A00001846FFF71BFC00BF0837BD4680BD00BF0E
:107A100028E0010880B582B000AF0346FB710B4639
:107A2000BB711346BB80FFF7CDFBFB79002B07D062
:107A30000F4BD3F894300021184600F09AFD08E06F
:107A40000B4BD3F89430B7F904201146184600F0D8
:107A500090FDFFF7C7FBFFF785FBBA79FB7911466D
:107A60001846FFF7EBFB00BF0837BD4680BD00BFDF
:107A700028E0010880B582B000AF0346FB710B46D9
:107A8000BB711346BB80FFF79DFBFB79002B07D032
:107A90000F4BD3F894300021184600F06AFD08E03F
:107AA0000B4BD3F89430B7F904201146184600F078
:107AB00060FDFFF797FBFFF755FBBA79FB7911469D
:107AC0001846FFF7BBFB00BF0837BD4680BD00BFAF
:107AD00028E0010890B583B000AF0446084611467F
:107AE0001A462346FB710346BB710B46BB80134607
:107AF0007B80FFF767FB314BD3F89430184600F0DA
:107B0000ADFC00F07BFCFFF7FDFAFB79002B1CD0ED
:107B1000002000F0CDFCFFF725FB002000F0C8FCA2
:107B2000FFF720FB002000F0C3FCFFF71BFB002049
:107B300000F0BEFCFFF716FB002000F0B9FCFFF7D9
:107B400011FB002000F0B4FC27E0B7F90430184620
:107B500000F0AEFCFFF706FBB7F90230184600F064
:107B6000A7FCFFF7FFFAB7F91830184600F0A0FCA1
:107B7000FFF7F8FAB7F91C30184600F099FCFFF748
:107B8000F1FAB7F92030184600F092FCFFF7EAFA54
:107B9000B7F92430184600F08BFCFFF7CBFAFFF75B
:107BA00021FBFFF7DFFABA79FB7911461846FFF798
:107BB00045FB00BF0C37BD4690BD00BF28E0010863
:107BC00082B080B582B000AF07F1100C8CE80C00D9
:107BD0000346FB710B46BB71FB79002B06D05A4B59
:107BE0005B695A49184600F0B3FC9CE0FFF7EAFADB
:107BF000554BDB69184600F031FC00F0FFFBFFF746
:107C000051FA514B5B6A184600F028FC00F0F6FB75
:107C1000FFF748FA4E4B5B68B7F91020114618463B
:107C200000F0A7FCFFF79EFA494BDB68B7F912207A
:107C30001146184600F09DFCFFF74CFAFFF792FA48
:107C4000414BDB6A184600F009FC00F0D7FBFFF758
:107C500029FA3F4B5B68B7F914201146184600F02B
:107C600088FCFFF77FFA3A4BDB68B7F9162011461C
:107C7000184600F07EFCFFF72DFAFFF773FA324B3F
:107C80005B6B184600F0EAFB00F0B8FBFFF70AFA5E
:107C90002F4B5B68B7F918201146184600F069FCB5
:107CA000FFF760FA2A4BDB68B7F91A20114618462D
:107CB00000F05FFCFFF70EFAFFF754FA224BDB6B84
:107CC000184600F0CBFB00F099FBFFF7EBF9204BD7
:107CD0005B68B7F91C201146184600F04AFCFFF714
:107CE00041FA1B4BDB68B7F91E201146184600F01D
:107CF00040FCFFF7EFF9FFF735FA134BDB6C184642
:107D000000F0ACFB00F07AFBFFF7CCF9104B5B6B9B
:107D100097F8202012B21146184600F02AFCFFF70F
:107D2000D9F9FFF7D7F9FFF75DFAFFF71BFABA7930
:107D3000FB7911461846FFF781FA00BF0837BD46A8
:107D4000BDE8804002B07047E0E00108C0D90108FA
:107D500028E0010880B582B000AF03460A46FB71F7
:107D60001346BB71BA79FB7911461846FFF766FADC
:107D700000BF0837BD4680BD80B582B000AF034666
:107D80000A46FB711346BB71BA79FB791146184656
:107D9000FFF754FA00BF0837BD4680BD80B582B0FA
:107DA00000AF03463A60FB710B46BB71FFF70AFA5E
:107DB000FB79002B07D00E4BD3F894300D491846B1
:107DC00000F0C6FB06E00A4BD3F894303968184639
:107DD00000F0BEFBFFF706FAFFF7C4F9BA79FB79AA
:107DE00011461846FFF72AFA00BF0837BD4680BD86
:107DF00028E00108C0D9010880B586B000AF03466D
:107E00000A46FB711346BB7107F10C0300221A608E
:107E10005A601A81FFF7D6F9FB79002B07D0174B70
:107E2000D3F894301649184600F092FB17E007F19A
:107E30000C031846F8F72CFA03461A4607F10C0310
:107E40001344104A1068186092889A800B4BD3F83C
:107E5000943007F10C021146184600F079FBFFF749
:107E6000C1F9FFF77FF9BA79FB7911461846FFF798
:107E7000E5F900BF1837BD4680BD00BF28E0010806
:107E8000C0D90108C4D9010880B588B000AF034645
:107E90003A60FB710B46BB7107F10C0300221A60BC
:107EA0005A609A601A73FFF78DF9FB79002B07D09F
:107EB0003F4BD3F894303F49184600F049FB69E046
:107EC0003B681B68FB61FB699B08002B14BF012307
:107ED0000023DBB21A4607F10C033749184612F0AB
:107EE00021FAFB69002B14BF01230023DBB21A46E1
:107EF00007F10C0302333049184612F013FA3B68BD
:107F000004331B68FB61FB699B08002B14BF012332
:107F10000023DBB21A4607F10C0304332649184646
:107F200012F000FAFB69002B14BF01230023DBB21F
:107F30001A4607F10C0306331F49184612F0F2F9EE
:107F40003B6808331B68FB61FB699B08002B14BF6F
:107F500001230023DBB21A4607F10C03083316494C
:107F6000184612F0DFF9FB69002B14BF0123002330
:107F7000DBB21A4607F10C030A330F49184612F018
:107F8000D1F90B4BD3F8943007F10C021146184687
:107F900000F0DEFAFFF726F9FFF7E4F8BA79FB798B
:107FA00011461846FFF74AF900BF2037BD4680BD8D
:107FB00028E00108C0D90108CCD9010880B582B0F9
:107FC00000AF03460A4687ED000AFB711346BB71FA
:107FD000FFF7F8F8FB79002B08D00F4BD3F894305B
:107FE0009FED0E0A184600F0D8FA07E00A4BD3F8C6
:107FF000943097ED000A184600F0CFFAFFF7F2F838
:10800000FFF7B0F8BA79FB7911461846FFF716F971
:1080100000BF0837BD4680BD28E001080000000011
:1080200080B582B000AF03463A60FB710B46BB716E
:10803000FFF7C8F8FB79002B07D00F4BD3F894302B
:108040000021184600F095FA08E00B4BD3F8943065
:108050003A6812B21146184600F08BFAFFF7C2F8E0
:10806000FFF780F8BA79FB7911461846FFF7E6F872
:1080700000BF0837BD4680BD28E0010880B582B04A
:1080800000AF03463A60FB710B46BB71FFF79AF8ED
:10809000FB79002B07D00E4BD3F894300D491846CE
:1080A00000F056FA06E00A4BD3F8943039681846C7
:1080B00000F04EFAFFF796F8FFF754F8BA79FB791B
:1080C00011461846FFF7BAF800BF0837BD4680BD15
:1080D00028E00108C0D9010880B586B000AF03468A
:1080E0000A4687ED040AC7ED030A87ED021AC7EDB9
:1080F000011AFB751346BB75FFF764F8244BD3F8E0
:108100009430184600F0AAF900F078F9FEF7FAFF6B
:10811000FB7D002B16D09FED1F0A00F0EDF9FFF755
:1081200021F89FED1C0A00F0E7F9FFF71BF89FED1F
:10813000190A00F0E1F9FFF715F89FED160A00F0B3
:10814000DBF915E097ED030A00F0D6F9FFF70AF81E
:1081500097ED040A00F0D0F9FFF704F897ED020A52
:1081600000F0CAF9FEF7FEFF97ED010A00F0C4F92E
:10817000FEF7E0FFFFF736F8FEF7F4FFBA7DFB7D70
:1081800011461846FFF75AF800BF1837BD4680BDA4
:1081900028E001080000000080B582B000AF03466F
:1081A0000A46FB711346BB71BA79FB791146184632
:1081B000FFF744F800BF0837BD4680BD80B582B0E8
:1081C00000AF03460A46FB711346BB71BA79FB79CF
:1081D00011461846FFF732F800BF0837BD4680BD8C
:1081E00080B582B000AF03463A60FB710B46BB71AD
:1081F000FEF7E8FFFB79002B07D00F4BD3F8943044
:108200000021184600F0B5F908E00B4BD3F8943084
:108210003A6812B21146184600F0ABF9FEF7E2FFD9
:10822000FEF7A0FFBA79FB7911461846FFF706F86A
:1082300000BF0837BD4680BD28E0010880B582B088
:1082400000AF03463A60FB710B46BB71FEF7BAFF05
:10825000FB79002B07D00E4BD3F894300021184641
:1082600000F087F906E00A4BD3F8943039681846D5
:1082700000F06EF9FEF7B6FFFEF774FFBA79FB79EE
:1082800011461846FEF7DAFF00BF0837BD4680BD2D
:1082900028E0010880B582B000AF0346FB710B46B1
:1082A000BB7113467B71FEF78DFFFB79002B07D066
:1082B000104BD3F894301049184600F049F90BE000
:1082C0000C4BD3F894207B790C49DB000B445B68A2
:1082D0001946104600F03CF9FEF784FFFEF742FF16
:1082E000BA79FB7911461846FEF7A8FF00BF083798
:1082F000BD4680BD28E00108C0D90108C8E20108D8
:1083000080B582B000AF0346FB710B46BB711346CC
:108310007B71FEF757FFFB79002B07D0104BD3F88A
:1083200094301049184600F013F90BE00C4BD3F8C9
:1083300094207B790C49DB000B445B68194610469E
:1083400000F006F9FEF74EFFFEF70CFFBA79FB7955
:1083500011461846FEF772FF00BF0837BD4680BDC4
:1083600028E00108C0D9010830E2010880B582B0D8
:1083700000AF03460A46FB711346BB71BA79FB791D
:1083800011461846FEF75AFF00BF0837BD4680BDAC
:1083900080B582B000AF0346FB710B46BB7113463C
:1083A0007B71FEF70FFFFB79002B07D0104BD3F842
:1083B00094301049184600F0CBF80BE00C4BD3F882
:1083C00094207B790C49DB000B445B68194610460E
:1083D00000F0BEF8FEF706FFFEF7C4FEBA79FB799F
:1083E00011461846FEF72AFF00BF0837BD4680BD7C
:1083F00028E00108C0D90108F0DD010880B400AF11
:10840000084B1B881A46084B3A219954054B1B8888
:1084100001339AB2034B1A8000BFBD465DF8047B5E
:10842000704700BFD8140020D810002080B400AFDF
:10843000084B1B881A46084B22219954054B1B8870
:1084400001339AB2034B1A8000BFBD465DF8047B2E
:10845000704700BFD8140020D810002090B585B018
:1084600000AF78600023FB81FFF7E0FF0E4B1B8815
:108470001A460E4BD4187868F7F70AFF0346013303
:108480001A467968204611F0BBFF0346FB81064B74
:108490001A88FB8913449AB2034B1A80FFF7C6FF70
:1084A00000BF1437BD4690BDD8140020D81000205E
:1084B00080B584B000AF78600023FB810B4B1B8834
:1084C0001A460B4B13447A680A49184611F02AFFE2
:1084D0000346FB81054B1A88FB8913449AB2034B70
:1084E0001A8000BF1037BD4680BD00BFD8140020E1
:1084F000D8100020D4D9010890B587B002AF87ED1D
:10850000010A0023FB810F4B1B881A460E4BD4181F
:108510007868F8F729F802460B46CDE900230422D3
:108520000A49204611F0FEFE0346FB81054B1A88DE
:10853000FB8913449AB2034B1A8000BF1437BD461F
:1085400090BD00BFD8140020D8100020D8D9010851
:1085500080B582B000AF786039607868FFF77EFF41
:10856000FFF74CFF3868FFF779FF00BF0837BD46BB
:1085700080BD80B582B000AF78600B467B807868A4
:10858000FFF76CFFFFF73AFFB7F902301846FFF725
:108590008FFF00BF0837BD4680BD80B582B000AFF9
:1085A000786087ED000A7868FFF758FFFFF726FF2D
:1085B00097ED000AFFF7A0FF00BF0837BD4680BD5A
:1085C00080B582B000AF0346FB7197F90730002BEE
:1085D00003DB97F90730012B01DD012326E097F932
:1085E0000730012B12D1134B93F90030184600F0DD
:1085F000E9FC0346104A5B0113441C331B681BB2A1
:1086000018460BF055FD00F011FD0BE037200AF085
:1086100037FC00200BF04CFD00F0FCFC00F026FEC7
:1086200000F066FF054AFB791370002318460837EF
:10863000BD4680BDDB14002028000020DA14002095
:1086400080B582B000AF0346FB7197F90730002B6D
:1086500003DB97F90730022B01DD012340E0224ABA
:10866000FB79137097F90730002B0BD097F907307F
:10867000184600F0A7FC03465B011C4A1344184649
:1086800000F0A2FE00F0C6FC00F0F0FD00F030FFAC
:1086900097F90730022B07D137200AF0F1FB0121AF
:1086A00000200CF0CBFB03E0002100200CF0C6FB07
:1086B0000F4B93F90030012B11D10B4B93F9003084
:1086C000184600F07FFC0346084A5B0113441C3344
:1086D0001B681BB218460BF0EBFC00F0A7FC002354
:1086E00018460837BD4680BDDB1400202800002056
:1086F000DA14002080B483B000AF87ED010AD7ED13
:10870000017AB9EE007AF4EEC77AF1EE10FA08D4E5
:10871000D7ED017A9FED097AF4EEC77AF1EE10FAFF
:1087200001DD012303E0064A7B681360002318463D
:108730000C37BD465DF8047B704700BF0000544312
:108740006800002080B582B000AF034687ED000AC4
:10875000FB7197F90730184600F042FC0346002BE6
:1087600001D101232BE0D7ED007A9FED177AF4EECB
:10877000C77AF1EE10FA08D4D7ED007A9FED137A9C
:10878000F4EEC77AF1EE10FA01DD012317E097F954
:108790000730184600F016FC03460D4A5B011344EF
:1087A0003A681A6097F90730184600F00BFC034648
:1087B0005B01074A1344184600F006FE03461846BC
:1087C0000837BD4680BD00BF000016C40000164437
:1087D0002800002080B582B000AF034687ED000A74
:1087E000FB7197F90730184600F0FAFB0346002B9F
:1087F00001D101232CE0D7ED007A9FED177AF4EE3A
:10880000C77AF1EE10FA08D4D7ED007A9FED137A0B
:10881000F4EEC77AF1EE10FA01DD012318E097F9C2
:108820000730184600F0CEFB03460D4A5B011344A7
:1088300004333A681A6097F90730184600F0C2FB13
:1088400003465B01064A1344184600F0BDFD03468B
:1088500018460837BD4680BD000016C40000164407
:108860002800002080B582B000AF034687ED000AE3
:10887000FB7197F90730184600F0B2FB0346002B56
:1088800001D101232CE0D7ED007A9FED177AF4EEA9
:10889000C77AF1EE10FA08D4D7ED007A9FED137A7B
:1088A000F4EEC77AF1EE10FA01DD012318E097F932
:1088B0000730184600F086FB03460D4A5B0113445F
:1088C00008333A681A6097F90730184600F07AFBC7
:1088D00003465B01064A1344184600F075FD034643
:1088E00018460837BD4680BD000016C40000164477
:1088F0002800002080B582B000AF034687ED000A53
:10890000FB7197F90730184600F06AFB0346002B0D
:1089100001D101232CE0D7ED007AB2EE047AF4EE17
:10892000C77AF1EE10FA08D4D7ED007A9FED127AEB
:10893000F4EEC77AF1EE10FA01DD012318E097F9A1
:108940000730184600F03EFB03460C4A5B01134417
:108950000C333A681A6097F90730184600F032FB7A
:1089600003465B01054A1344184600F02DFD0346FB
:1089700018460837BD4680BD0000C84228000020C8
:1089800080B584B000AF03463960FB7197F90730BA
:10899000184600F025FB0346002B01D1012340E0DF
:1089A0003B68632B03D93B68B3F57A7F03D900F0AA
:1089B00031FB012335E01D4A1D4B1B685B68B2FB90
:1089C000F3F33A6802FB03F31A4AA2FB03239B0961
:1089D000FB60FB689AB2164B1B68DA60144B1B688D
:1089E000184607F001FC0346002B01D0012318E0D4
:1089F00097F90730184600F0E5FA03460E4A5B0186
:108A0000134410333A681A6097F90730184600F09B
:108A1000D9FA03465B01084A1344184600F0D4FC17
:108A2000034618461037BD4680BD00BF804A5D052D
:108A30006C000020F11976052800002080B582B076
:108A400000AF03463960FB7197F90730184600F014
:108A5000C7FA0346002B01D1012322E03B68002B1B
:108A600002D03B68202B01D901231AE000F040FD21
:108A700097F90730184600F0A5FA03460B4A5B0148
:108A8000134414333A681A6097F90730184600F017
:108A900099FA03465B01054A1344184600F094FC1A
:108AA000034618460837BD4680BD00BF2800002099
:108AB00080B582B000AF034687ED000AFB7197F9DD
:108AC0000730184600F08CFA0346002B01D1012331
:108AD0002EE0D7ED007AF5EEC07AF1EE10FA08D468
:108AE000D7ED007AB7EE007AF4EEC77AF1EE10FA1D
:108AF00001DD01231CE097F90730184600F062FA07
:108B000003460D4A5B01134418333A681A6097F91B
:108B10000730184600F056FA0346074A5B01134433
:108B20001833D3ED007AB0EE670A00F095FA0346E9
:108B300018460837BD4680BD2800002080B582B0A9
:108B400000AF03463960FB7197F90730184600F013
:108B500047FA0346002B01D1012311E03B68642B47
:108B600001D901230CE097F90730184600F02AFAE2
:108B70000346054A5B0113441C333A681A6000231C
:108B800018460837BD4680BD2800002080B400AFDD
:108B9000034B93F900301846BD465DF8047B7047DF
:108BA000DA14002080B400AF034B93F9003018466C
:108BB000BD465DF8047B7047DB14002080B400AF35
:108BC000044B1B6807EE903AB0EE670ABD465DF8AD
:108BD000047B70476800002080B400AF044B1B6822
:108BE00007EE903AB0EE670ABD465DF8047B704729
:108BF000E014002080B400AF044B1B6807EE903AED
:108C0000B0EE670ABD465DF8047B7047DC140020B7
:108C100080B500AF00F0B6FCF0EE407AB0EE670A27
:108C200080BD80B500AF00F0BBFCF0EE407AB0EE46
:108C3000670A80BD80B582B000AF0346FB7197F92B
:108C40000730184600F0CCF90346002B02D14FF054
:108C50007E5309E097F90730184600F0B3F9034650
:108C6000054A5B0113441B6807EE903AB0EE670AB1
:108C70000837BD4680BD00BF2800002080B582B007
:108C800000AF0346FB7197F90730184600F0A8F9CA
:108C90000346002B02D14FF07E530AE097F90730CC
:108CA000184600F08FF90346054A5B01134404336C
:108CB0001B6807EE903AB0EE670A0837BD4680BDE4
:108CC0002800002080B582B000AF0346FB7197F901
:108CD0000730184600F084F90346002B02D14FF00C
:108CE0007E530AE097F90730184600F06BF9034607
:108CF000054A5B01134408331B6807EE903AB0EE57
:108D0000670A0837BD4680BD2800002080B582B0C4
:108D100000AF0346FB7197F90730184600F060F981
:108D20000346002B02D14FF07E530AE097F907303B
:108D3000184600F047F90346054A5B0113440C331B
:108D40001B6807EE903AB0EE670A0837BD4680BD53
:108D50002800002080B582B000AF0346FB7197F970
:108D60000730184600F03CF90346002B01D10123DF
:108D70000AE097F90730184600F024F90346044A40
:108D80005B01134410331B6818460837BD4680BD8D
:108D90002800002080B582B000AF0346FB7197F930
:108DA0000730184600F01CF90346002B01D10123BF
:108DB0000AE097F90730184600F004F90346044A20
:108DC0005B01134414331B6818460837BD4680BD49
:108DD0002800002080B582B000AF0346FB7197F9F0
:108DE0000730184600F0FCF80346002B02D14FF084
:108DF0007E530AE097F90730184600F0E3F803467F
:108E0000054A5B01134418331B6807EE903AB0EE35
:108E1000670A0837BD4680BD2800002080B582B0B3
:108E200000AF0346FB7197F90730184600F0D8F8F9
:108E30000346002B01D101230AE097F907301846B9
:108E400000F0C0F80346044A5B0113441C331B685E
:108E500018460837BD4680BD2800002080B52DED9E
:108E6000028B00AF4E4B1B78022B25D0022B00F358
:108E70008180002B02D0012B08D07BE000F010F99C
:108E8000F0EE407A474BC3ED007A74E0464B93ED29
:108E9000007A444BD3ED007A77EE677A434BC3ED0B
:108EA000007A424BD3ED007AB0EE670A00F0A2FAE6
:108EB0003F4800F003FB5EE03E4B93F90030012B8E
:108EC0004CD13C4B93F90030184600F07BF8034638
:108ED000394A5B01134410331B68384A126802FB9D
:108EE00003F341F28832934232D32F4B93ED008A41
:108EF00000F02EF9F0EE407A78EE677AB0EE047A60
:108F0000F4EEC77AF1EE10FA02DD00F0AFF932E0CC
:108F100000F01EF9B0EE407A234BD3ED007A77EEE5
:108F2000677AB7EE007AF4EEC77AF1EE10FA00DC59
:108F300021E01F4BD3ED007A1E4B93F90030184609
:108F4000B0EE670A00F01EF91C4B00221A6012E016
:108F50001A4B1B680133194A13600CE0144BD3ED14
:108F6000007A144B93F900301846B0EE670A00F00F
:108F700009F900E000BF0A4B1B785A1C104B83FB19
:108F80000231D317C91A0B465B000B44D11ACAB27F
:108F9000034B1A7000BFBD46BDEC028B80BD00BF05
:108FA000E8140020EC14002068000020DC140020ED
:108FB000E0140020DB14002028000020E41400202E
:108FC0005655555580B483B000AF0346FB7197F9F1
:108FD0000730013B18460C37BD465DF8047B7047EF
:108FE00080B584B000AF0346FB7197F9073018468F
:108FF000FFF7E8FFF860FB68002B04DBFB68012B40
:1090000001DC012300E00023DBB218461037BD4627
:1090100080BD000080B500AF034B1B68184607F009
:10902000A3F90346184680BD6C00002080B500AF50
:10903000084B1B68184607F097F9064B1B681B681E
:1090400000225A62034B1B68184607F01DF90023E3
:10905000184680BD6C00002080B483B000AF87ED5F
:10906000010AD7ED017AF5EEC07AF1EE10FA08D4D4
:10907000D7ED017AB7EE007AF4EEC77AF1EE10FA86
:1090800001DD012303E0054A7B68136000231846D5
:109090000C37BD465DF8047B704700BF70000020B0
:1090A00080B582B000AF0023FB80BB1D19460320B2
:1090B0000BF026F9B7F906301846F7F743FA4FF0E8
:1090C00000021F4BF7F7D2FB02460B46104619462B
:1090D000F7F79AFD03461B4A1360BB1D1946022091
:1090E0000BF00EF9B7F906301846F7F72BFA4FF0E8
:1090F0000002134BF7F7BAFB02460B46104619461F
:10910000F7F782FD0346104A13600F4B93ED007A88
:109110000E4BD3ED007A27EE277A0C4BD3ED007A75
:10912000F7EE006A76EEE76A064BD3ED007A66EE5C
:10913000A77A77EE277AB0EE670A0837BD4680BD7A
:1091400000005940F0140020F414002070000020AA
:1091500080B400AF094B93ED007A094BD3ED007A50
:1091600077EE277AB0EE007AC7EE876AF0EE667A7D
:10917000B0EE670ABD465DF8047B7047F41400202A
:10918000F014002080B582B000AF87ED010A0346DD
:10919000FB7097F90330012B02D0022B44D056E02C
:1091A0003B1D184600F076F82B4B1B8807EE903AD3
:1091B000B8EE677AD7ED017AB4EEE77AF1EE10FAFD
:1091C00009DD264B01221A70234B1B88184609F033
:1091D000C7FF03463CE0224B1B8807EE903AB8EEEF
:1091E000677AD7ED017AB4EEE77AF1EE10FA09D595
:1091F0001C4B01221A701A4B1B88184609F0B0FF4D
:10920000034625E0154B00221A70164B00221A70F7
:10921000D7ED017AFCEEE77A17EE903A9BB218464A
:1092200009F09EFF034613E0D7ED017A9FED0E7A19
:10923000F4EEC77AF1EE10FA04DD002009F078FEB2
:10924000034605E0012009F073FE034600E0012318
:1092500018460837BD4680BDE8E20108F814002032
:10926000EAE20108F91400200000000080B582B095
:1092700000AF09F05DFF0346FB71012009F058FEC5
:1092800003461A46FB791343FB71FB7918460837EE
:10929000BD4680BD80B582B000AF7860364B1B788C
:1092A000012B30D17B68D3ED007A9FED347AF4EE58
:1092B000C77AF1EE10FA03D54B2009F0E1FD56E034
:1092C0007B68D3ED007A9FED2E7AF4EEC77AF1EE4B
:1092D00010FA03DD642009F0D3FD48E07B68D3ED8C
:1092E000007A9FED287A67EE877A9FED277A77EEEE
:1092F000877AFCEEE77AC7ED007A3B78DBB2184656
:1093000009F0BEFD33E01C4B1B78002B2FD17B688E
:10931000D3ED007A9FED197AF4EEC77AF1EE10FAE8
:1093200003D5412009F0ACFD21E07B68D3ED007A44
:109330009FED167AF4EEC77AF1EE10FA03DD6420A1
:1093400009F09EFD13E07B68D3ED007A9FED107A63
:1093500067EE877A9FED0F7A77EE877AFCEEE77AF1
:10936000C7ED007A3B78DBB2184609F089FD00BFF3
:109370000837BD4680BD00BFFA1400200000FA4443
:1093800000007A45CDCC4C3C000048420080BB45F3
:10939000295C0F3C00003E4280B400AF034B012229
:1093A0001A7000BFBD465DF8047B7047FA140020B8
:1093B00080B400AF034B00221A7000BFBD465DF8B9
:1093C000047B7047FA14002080B483B000AF78604B
:1093D0007B68002B01D1012303E0054A7B68136001
:1093E000002318460C37BD465DF8047B704700BF6C
:1093F000FC14002080B52DED028B82B000AF87ED0C
:10940000010A2B4B1B68002B01D101234AE097ED89
:10941000010A00F093F9264B1B6893ED008A00F0D7
:109420007FF9F0EE407A68EE277A224BC3ED007A9E
:109430001F4B1B68D3ED017AF5EE407AF1EE10FA7E
:1094400011D01B4B1B6893ED018A00F02BFAF0EE54
:10945000407A28EE277A174BD3ED007A77EE277AF9
:10946000144BC3ED007A124B1B68D3ED027AF5EE74
:10947000407AF1EE10FA11D00D4B1B6893ED028A81
:1094800000F054FAF0EE407A28EE277A094BD3ED3B
:10949000007A77EE277A074BC3ED007A064B01225C
:1094A0001A70002318460837BD46BDEC028B80BDFC
:1094B000FC140020081600201A16002080B483B087
:1094C00000AF7860084B1B78002B01D1012304E02A
:1094D000064B1A687B681A60002318460C37BD4695
:1094E0005DF8047B704700BF1A16002008160020A4
:1094F00080B500AF80220021164810F079FF80224D
:109500000021154810F074FF144B00221A80144BF0
:1095100000221A80134B00221A70134B00221A707B
:10952000124B00221A70124B4FF000021A60114BBE
:109530004FF000021A60104B4FF000021A600F4B00
:109540004FF000021A600E4B00221A8000231846CA
:1095500080BD00BF841500200015002004160020E7
:109560008015002018160020191600201A16002059
:10957000081600200C1600201016002014160020DB
:109580000616002080B400AF044B1B6807EE903A2B
:10959000B0EE670ABD465DF8047B70470C160020EC
:1095A00080B400AF044B1B6807EE903AB0EE670A38
:1095B000BD465DF8047B70471416002080B48DB062
:1095C00000AF78604FF00003FB624FF00003BB6216
:1095D0004FF000037B624FF000033B624FF000034B
:1095E000BB614FF000037B614FF07E533B61474B03
:1095F0001B78002B03D0464B1B685B6901E0454B91
:109600001B88FB600023FB613BE0FB6907EE903A9F
:10961000F8EEE77A97ED047A67EE277AC7ED067AD7
:1096200097ED0B7AD7ED067A77EE277AC7ED0B7AAE
:10963000D7ED067A67EEA77A97ED0A7A77EE277A62
:10964000C7ED0A7A344AFB699B00134493ED007A14
:10965000D7ED067A67EE277A97ED097A77EE277AC3
:10966000C7ED097A2C4AFB699B001344D3ED007ABD
:1096700097ED087A77EE277AC7ED087AFB69013310
:10968000FB61FA69FB689A42BFDBFB6807EE903A20
:10969000B8EEE77AD7ED0A7A27EE277AD7ED0B7A7C
:1096A00067EEA77A77EE677AC7ED057AD7ED057A88
:1096B000F5EE407AF1EE10FA05D17B684FF000022A
:1096C0001A6001231CE0FB6807EE903AB8EEE77AD7
:1096D000D7ED097A27EE277AD7ED0B6AD7ED087A0E
:1096E00066EEA77A77EE676A97ED057AC6EE877A17
:1096F0007B68C3ED007A7B681B68084A136000230F
:1097000018463437BD465DF8047B704719160020B3
:10971000FC140020801500200015002014160020E5
:1097200080B400AF044B1B6807EE903AB0EE670AB6
:10973000BD465DF8047B70471016002080B582B0EE
:1097400000AF87ED010A97ED010A00F001F9214B06
:109750001B881A46204B1B681B6902FB03F3B3F5F9
:109760007A7F07D397ED010A00F03EF8194B0022EB
:109770001A8005E0174B1B8801339AB2154B1A80EB
:10978000164B1B78002B0BD1154B1B881A46124B1E
:109790001B685B69013B9A4202D1104B01221A708F
:1097A0000F4B1B880F4A9B0013447A681A600C4BBE
:1097B0001B8801331A46084B1B685B69B2FBF3F147
:1097C00001FB03F3D31A9AB2054B1A8000BF083786
:1097D000BD4680BD06160020FC140020181600208F
:1097E000041600208415002080B483B000AF87EDFC
:1097F000010A164B1B78002B0BD1154B1B881A4600
:10980000144B1B685B69013B9A4202D10F4B01224A
:109810001A700F4B1B88104A9B0013447A681A6019
:109820000B4B1B8801331A460A4B1B685B69B2FB62
:10983000F3F101FB03F3D31A9AB2054B1A8000BF70
:109840000C37BD465DF8047B704700BF1916002039
:1098500080150020FC1400200015002080B400AF0B
:109860000D4B1B881A460D4B1B685B691344013B6B
:109870000A4A12685269B3FBF2F101FB02F29B1A29
:10988000074A9B0013441B6807EE903AB0EE670A44
:10989000BD465DF8047B704704160020FC140020D0
:1098A00084150020B0B500AF1D4B1B681B6918461E
:1098B000F6F738FE4FF000021A4BF6F7D7FF0246D4
:1098C0000B4614461D46FFF7C9FF10EE103A184626
:1098D000F6F74AFE02460B4620462946F6F79CFE5E
:1098E00002460B4614461D460F4B1B681846F6F7FA
:1098F0003BFE02460B4620462946F6F7D7FC0246B9
:109900000B4610461946F7F77FF90346064A1360DF
:10991000054B1B6807EE903AB0EE670AB0BD00BF7A
:10992000FC14002000408F400C16002080B582B04F
:1099300000AF4FF000037B603B1D1846FFF73EFE73
:109940007B6807EE903AB0EE670A0837BD4680BDE7
:1099500080B485B000AF87ED010A0023FB60204B87
:109960001B78002B04D01F4B1B685B69FB6002E077
:109970001D4B1B88FB601D4B4FF000021A6000233B
:10998000BB6010E01A4ABB689B00134493ED007A59
:10999000164BD3ED007A77EE277A144BC3ED007A9D
:1099A000BB680133BB60BA68FB689A42EADB0F4BC5
:1099B00093ED007AD7ED017A77EE276AFB680133E1
:1099C00007EE903AB8EEE77AC6EE877A074BC3ED1A
:1099D000007A00BF1437BD465DF8047B704700BFB6
:1099E00018160020FC140020041600201016002079
:1099F0008415002080B584B000AF3B4600221A6079
:109A00005A609A60DA60214B214A1A601F4B4FF46A
:109A100080325A601D4B00229A601C4B00221A6152
:109A20001A4B00221A76194B002283F82020174B7C
:109A30000022DA62154B174A9A62144B0022DA6050
:109A4000124B0122DA61114B002283F830200F4BB8
:109A500001225A610D4802F05FFD0346002B01D040
:109A600000F0D4FB00233B6001237B600023BB603C
:109A70003B461946054802F031FF0346002B01D052
:109A800000F0C4FB00BF1037BD4680BD1C1600208F
:109A9000002001400100000F80B58CB000AF78605D
:109AA00007F11C0300221A605A609A60DA601A619A
:109AB0007B681B68314A93425BD10023BB61304B0A
:109AC0005B6C2F4A43F4807353642D4B5B6C03F43F
:109AD0008073BB61BB6900237B61294B1B6B284AE8
:109AE00043F004031363264B1B6B03F004037B61F9
:109AF0007B6900233B61224B1B6B214A43F001032E
:109B000013631F4B1B6B03F001033B613B69002395
:109B1000FB601B4B1B6B1A4A43F002031363184B89
:109B20001B6B03F00203FB60FB683923FB6103231B
:109B30003B6200237B6207F11C031946114803F0C6
:109B40005DFDE723FB6103233B6200237B6207F19A
:109B50001C0319460C4803F051FD0123FB6103234C
:109B60003B6200237B6207F11C031946074803F0A0
:109B700045FD00BF3037BD4680BD00BF002001401D
:109B80000038024000080240000002400004024089
:109B900080B500AF064B074A1A60054803F0C9F9C3
:109BA0000346002B01D000F031FB00BF80BD00BF99
:109BB000641600200030024080B485B000AF7860A9
:109BC0007B681B680B4A93420DD10023FB600A4B54
:109BD0001B6B094A43F480531363074B1B6B03F45D
:109BE0008053FB60FB6800BF1437BD465DF8047B03
:109BF000704700BF003002400038024080B500AF1F
:109C00000F4B104A1A600E4B80225A600C4B4FF4D7
:109C100000729A600A4B0C4ADA60094B0B4A1A61CF
:109C2000074B28225A61064B01225A62044803F06E
:109C3000CFF90346002B01D000F0E8FA00BF80BD49
:109C40006C1600200000065080E20108A0E2010826
:109C500080B485B000AF78607B681B680B4A934284
:109C60000DD10023FB600A4B5B6B094A43F01003E4
:109C70005363074B5B6B03F01003FB60FB6800BF93
:109C80001437BD465DF8047B704700BF00000650E6
:109C90000038024080B485B000AFF860B9607A60E7
:109CA000FB68074A1A60BB68064A1A607B68802214
:109CB0001A6000BF1437BD465DF8047B704700BFD3
:109CC000CC1600206C17002080B58CB000AF07F1D7
:109CD0001C0300221A605A609A60DA601A6100233D
:109CE000BB61794B1B6B784A43F010031363764BCF
:109CF0001B6B03F01003BB61BB6900237B61724BDC
:109D00001B6B714A43F0040313636F4B1B6B03F02F
:109D100004037B617B6900233B616B4B1B6B6A4ACD
:109D200043F080031363684B1B6B03F080033B61BC
:109D30003B690023FB60644B1B6B634A43F00103E8
:109D40001363614B1B6B03F00103FB60FB68002393
:109D5000BB605D4B1B6B5C4A43F0020313635A4BC1
:109D60001B6B03F00203BB60BB6800237B60564B98
:109D70001B6B554A43F008031363534B1B6B03F0F3
:109D800008037B607B68012241F218014F4803F011
:109D9000F9FD00224AF680714C4803F0F3FD0022E1
:109DA0004FF43E414A4803F0EDFD01224FF4847127
:109DB000484803F0E7FD00224FF40471454803F0E2
:109DC000E1FD00224FF40461434803F0DBFD4BF654
:109DD0009873FB6101233B6200237B620023BB621B
:109DE00007F11C031946394803F008FC0823FB61FE
:109DF0004FF444133B6200237B6207F11C031946B6
:109E0000364803F0FBFB4FF48043FB6100233B62C9
:109E100000237B6207F11C0319462C4803F0EEFB7C
:109E20004FF43E43FB6101233B6200237B6200232E
:109E3000BB6207F11C031946254803F0DFFB4FF412
:109E40004673FB6101233B6200237B620023BB62FC
:109E500007F11C0319461F4803F0D0FB40F60143ED
:109E6000FB6100233B6200237B6207F11C03194660
:109E7000184803F0C3FB4FF40463FB6101233B620A
:109E800000237B620023BB6207F11C0319461248C2
:109E900003F0B4FB4FF48053FB6100233B620023CB
:109EA0007B6207F11C0319460B4803F0A7FB002255
:109EB0000621092003F00FF8092003F028F800BF5D
:109EC0003037BD4680BD00BF003802400010024060
:109ED00000040240000C0240000802400000024062
:109EE00080B500AF1B4B1C4A1A601A4B1B4A5A60C4
:109EF000184B00229A60174B0022DA60154B4FF482
:109F000080421A61134B00225A61124B00229A615F
:109F1000104B0022DA610F4B00221A620D4803F049
:109F20007DFD0346002B01D000F070F900210948A7
:109F300004F06EFD0346002B01D000F067F900210C
:109F4000044804F0A1FD0346002B01D000F05EF9A7
:109F500000BF80BD6C19002000540040A0860100A5
:109F600080B58AB000AF786007F1140300221A6050
:109F70005A609A60DA601A617B681B68194A9342DA
:109F80002BD100233B61184B1B6B174A43F0020394
:109F90001363154B1B6B03F002033B613B69C0234A
:109FA0007B611223BB610023FB6103233B6204231B
:109FB0007B6207F1140319460C4803F01FFB0023D2
:109FC000FB60094B1B6C084A43F400131364064BF7
:109FD0001B6C03F40013FB60FB6800BF2837BD4611
:109FE00080BD00BF00540040003802400004024021
:109FF00080B500AF02F006FA00F032F8FFF764FE19
:10A00000FFF7F8FC00F096FE00F0BEFE00F03AF913
:10A0100000F024FD00F046FDFFF762FF00F0FAFCBF
:10A0200000F09EFC00F066FC00F0D0FC00F096FB17
:10A0300000F0E2FBFFF7ACFDFFF7E0FD00F0ECF80D
:10A0400009F04CF9FCF7B4FBFCF739F901200AF0F0
:10A050004DFD09F047FF0BF069FF00BFFDE7000071
:10A0600080B594B000AF07F12003302200211846DC
:10A0700010F0BEF907F10C0300221A605A609A60D2
:10A08000DA601A610023BB602B4B1B6C2A4A43F039
:10A0900080531364284B1B6C03F08053BB60BB6878
:10A0A00000237B60254B1B68244A43F44043136024
:10A0B000224B1B6803F440437B607B6801233B62B7
:10A0C0004FF480337B620223BB634FF48003FB6356
:10A0D00004233B64B4237B640223BB640823FB6436
:10A0E00007F12003184604F05FFD0346002B01D062
:10A0F00000F08CF804F008FD0346002B01D000F0BE
:10A1000085F80F23FB6002233B6100237B614FF442
:10A11000A053BB614FF48053FB6107F10C03052191
:10A12000184604F0B9FF0346002B01D000F06EF88A
:10A1300000BF5037BD4680BD00380240007000406F
:10A1400080B582B000AF0346FB80FB88184608F05C
:10A15000F5F900BF0837BD4680BD000080B582B06C
:10A1600000AF78607B681B681D4A934201D102F002
:10A170006BF97B681B681B4A934202D1FCF748FECF
:10A180002AE07B681B68184A934203D1174809F0FC
:10A1900059F921E07B681B68154A934203D11548A1
:10A1A00008F0BCF918E07B681B68134A934202D19F
:10A1B000FEF754FE10E07B681B68104A934203D1FF
:10A1C0000F480AF0D9FC07E07B681B680D4A9342F0
:10A1D00002D10D4809F04EF800BF0837BD4680BDDA
:10A1E000000001400044014000040040741A0020B7
:10A1F000001C0040241C00200010004000140040FF
:10A200004C1B002000480140DC1B002080B400AF44
:10A2100072B600BF00BFFDE780B500AF064B074A2E
:10A220001A60054805F08AF90346002B01D0FFF7B4
:10A23000EDFF00BF80BD00BFC01900200008065020
:10A2400080B485B000AF78607B681B680B4A93428E
:10A250000DD10023FB600A4B5B6B094A43F04003BE
:10A260005363074B5B6B03F04003FB60FB6800BF6D
:10A270001437BD465DF8047B704700BF00080650E8
:10A280000038024080B500AF174B184A1A60164BD1
:10A290004FF482725A60144B00229A60124B0022D3
:10A2A000DA60114B00221A610F4B00225A610E4BEB
:10A2B0004FF400729A610C4B3022DA610A4B002293
:10A2C0001A62094B00225A62074B00229A62064B1F
:10A2D0000A22DA62044805F0B1F90346002B01D0E6
:10A2E000FFF794FF00BF80BDD0190020003401406B
:10A2F00080B58AB000AF786007F1140300221A60BD
:10A300005A609A60DA601A617B681B68194A934246
:10A310002BD100233B61184B5B6C174A43F400536D
:10A320005364154B5B6C03F400533B613B690023A2
:10A33000FB60114B1B6B104A43F0100313630E4B71
:10A340001B6B03F01003FB60FB6864237B6102233B
:10A35000BB610023FB6103233B6205237B6207F1A2
:10A3600014031946054803F049F900BF2837BD46D4
:10A3700080BD00BF003401400038024000100240A0
:10A3800080B582B000AF00237B60124B5B6C114A3A
:10A3900043F4804353640F4B5B6C03F480437B6056
:10A3A0007B6800233B600B4B1B6C0A4A43F08053D5
:10A3B0001364084B1B6C03F080533B603B68002226
:10A3C0000F216FF0010002F086FD00BF0837BD4687
:10A3D00080BD00BF0038024080B58CB000AF78600F
:10A3E0000023BB6200237B620023BB602F4B5B6CAE
:10A3F0002E4A43F0010353642C4B5B6C03F00103C2
:10A40000BB60BB6807F10C0207F110031146184648
:10A4100005F062F805F04CF803465B00BB62BB6ACE
:10A42000234AA2FB03239B0C013B7B62214B224A64
:10A430001A60204B40F2E732DA601E4A7B6A5360B2
:10A440001C4B00221A611B4B00229A60194B002200
:10A450009A61184805F0C8FE034687F82F3097F830
:10A460002F30002B1BD1134805F00EFF034687F851
:10A470002F3097F82F30002B11D1192002F047FD13
:10A480007B680F2B08D800227968192002F023FD81
:10A490000A4A7B68136002E0012387F82F3097F89F
:10A4A0002F3018463037BD4680BD00BF003802400F
:10A4B00083DE1B43281A002000000140D00000204A
:10A4C00080B400AF00BFFDE780B400AF00BFFDE780
:10A4D00080B400AF00BFFDE780B400AF00BFFDE770
:10A4E00080B400AF00BFFDE780B400AF00BFBD4641
:10A4F0005DF8047B704780B500AF082003F076FA62
:10A5000000BF80BD80B500AF034806F07DF803486A
:10A5100006F07AF800BF80BD281A0020941B0020A6
:10A5200080B500AF024806F06FF800BF80BD00BFE5
:10A53000DC1B002080B500AF024806F065F800BFC4
:10A5400080BD00BF741A002080B500AF024806F03D
:10A55000A9FF00BF80BD00BFB41C002080B500AFC4
:10A56000024806F09FFF00BF80BD00BFFC1C00201A
:10A5700080B500AF024806F047F800BF80BD00BFBD
:10A58000241C002080B500AF024806F03DF800BF53
:10A5900080BD00BF041B002080B500AF024806F05C
:10A5A00033F800BF80BD00BF4C1B002080B400AF5B
:10A5B00001231846BD465DF8047B704780B582B024
:10A5C00000AF786039600FF0E9FF034616221A6089
:10A5D0004FF0FF3318460837BD4680BD80B582B0C6
:10A5E00000AF78604FF0FF317868FFF7E7FF00BFFA
:10A5F000FDE780B586B000AFF860B9607A600023EF
:10A600007B610AE0AFF300800146BB685A1CBA6068
:10A61000CAB21A707B6901337B617A697B689A429E
:10A62000F0DB7B6818461837BD4680BD80B586B024
:10A6300000AFF860B9607A6000237B6109E0BB6815
:10A640005A1CBA601B781846AFF300807B6901334F
:10A650007B617A697B689A42F1DB7B681846183720
:10A66000BD4680BD80B483B000AF78604FF0FF334B
:10A6700018460C37BD465DF8047B704780B483B044
:10A6800000AF786039603B684FF400525A60002395
:10A6900018460C37BD465DF8047B704780B483B024
:10A6A00000AF7860012318460C37BD465DF8047B87
:10A6B000704780B485B000AFF860B9607A6000235D
:10A6C00018461437BD465DF8047B704780B586B0E8
:10A6D00000AF7860144A154BD31A7B617B693B61EC
:10A6E000134B1B68002B02D1114B124A1A60104BFE
:10A6F0001A687B6813443A699A4207D20FF04EFFFA
:10A7000003460C221A604FF0FF3309E0084B1B6828
:10A71000FB60074B1A687B681344054A1360FB68AB
:10A7200018461837BD4680BD000003200004000015
:10A73000701A00205863002080B400AF064BD3F895
:10A740008830054A43F47003C2F8883000BFBD4624
:10A750005DF8047B704700BF00ED00E080B586B077
:10A7600000AF07F1080300221A605A609A60DA60AD
:10A770003B4600221A605A601D4B1E4A1A601C4B51
:10A780004AF6C7725A601A4B10229A60184B01227F
:10A79000DA60174B4FF480721A61154B00229A61F0
:10A7A000134805F021FD0346002B01D0FFF72EFDD5
:10A7B0004FF48053BB6007F1080319460C4806F0BC
:10A7C000D5F80346002B01D0FFF720FD00233B60A6
:10A7D00000237B603B461946054806F0D3FC034640
:10A7E000002B01D0FFF712FD00BF1837BD4680BD1A
:10A7F000741A00200004004080B58EB000AF07F14D
:10A80000280300221A605A609A60DA6007F1200378
:10A8100000221A605A603B1D00221A605A609A603A
:10A82000DA601A615A619A61304B314A1A602F4BD3
:10A830002C225A602D4B00229A602C4B6322DA6046
:10A840002A4B00221A61294B00229A61274805F001
:10A85000CBFC0346002B01D0FFF7D8FC4FF480530C
:10A86000BB6207F128031946204806F07FF803462B
:10A87000002B01D0FFF7CAFC1C4805F0A4FD0346DD
:10A88000002B01D0FFF7C2FC00233B6200237B6258
:10A8900007F120031946154806F074FC0346002B07
:10A8A00001D0FFF7B3FC60237B601423BB6000235F
:10A8B000FB6000237B613B1D002219460B4805F01D
:10A8C00093FF0346002B01D0FFF7A0FC074B1B684A
:10A8D0009A69064B1B6822F008029A61034800F04F
:10A8E000EFF900BF3837BD4680BD00BFBC1A00205D
:10A8F0000008004080B582B000AF3B4600221A60DD
:10A900005A60154B154A1A60134B4FF4FA725A608D
:10A91000114B00229A60104B41F27072DA600E4BBC
:10A9200000229A610C4805F05FFC0346002B01D021
:10A93000FFF76CFC00233B6000237B603B4619461D
:10A94000054806F01FFC0346002B01D0FFF75EFC14
:10A9500000BF0837BD4680BD041B0020001000402A
:10A9600080B582B000AF3B4600221A605A60154B9A
:10A97000154A1A60134B4CF24F325A60114B0022A9
:10A980009A60104B4F22DA600E4B00229A610D48FC
:10A9900005F02AFC0346002B01D0FFF737FC00230B
:10A9A0003B6000237B603B461946064806F0EAFB05
:10A9B0000346002B01D0FFF729FC00BF0837BD4636
:10A9C00080BD00BF4C1B00200014004080B500AFCC
:10A9D0000E4B0F4A1A600D4B4AF6C7725A600B4B6A
:10A9E00000229A60094B40F69F72DA60074B002202
:10A9F0001A61064B00229A61044805F0F5FB0346F4
:10AA0000002B01D0FFF702FC00BF80BD941B00208B
:10AA10000044014080B500AF0E4B0F4A1A600D4B49
:10AA2000B4225A600B4B00229A600A4B4CF250320F
:10AA3000DA60084B00221A61064B00229A61054831
:10AA400005F0D2FB0346002B01D0FFF7DFFB00BF70
:10AA500080BD00BFDC1B00200048014080B500AF76
:10AA60000E4B0F4A1A600D4B41F294125A600B4B79
:10AA700000229A60094B1422DA60084B00221A6106
:10AA8000064B00229A61054805F0AEFB0346002BF9
:10AA900001D0FFF7BBFB00BF80BD00BF241C00201E
:10AAA000001C004080B500AF0E4B0F4A1A600D4BE2
:10AAB0004FF496525A600B4B00229A60094B4FF6A6
:10AAC000FF72DA60074B00221A61064B00229A617E
:10AAD000044805F089FB0346002B01D0FFF796FBE5
:10AAE00000BF80BD6C1C00200020004080B58AB0F3
:10AAF00000AF78607B681B68684A934216D10023D8
:10AB00007B62674B1B6C664A43F002031364644B21
:10AB10001B6C03F002037B627B6A002206211D206E
:10AB200002F0D9F91D2002F0F2F9B2E07B681B684F
:10AB30005C4A93420ED100233B62594B1B6C584A2E
:10AB400043F004031364564B1B6C03F004033B6295
:10AB50003B6A9EE07B681B68534A934216D10023F0
:10AB6000FB614F4B1B6C4E4A43F0100313644C4B7C
:10AB70001B6C03F01003FB61FB69002206213620E9
:10AB800002F0A9F9362002F0C2F982E07B681B6866
:10AB9000464A934216D10023BB61414B1B6C404A8D
:10ABA00043F0200313643E4B1B6C03F02003BB6196
:10ABB000BB6900220621372002F08DF9372002F010
:10ABC000A6F966E07B681B68394A934216D10023D8
:10ABD0007B61334B5B6C324A43F400335364304B3C
:10ABE0005B6C03F400337B617B6900220521192033
:10ABF00002F071F9192002F08AF94AE07B681B68BB
:10AC00002C4A934216D100233B61254B5B6C244AAE
:10AC100043F480235364224B5B6C03F480233B6139
:10AC20003B69002206211A2002F055F91A2002F091
:10AC30006EF92EE07B681B681F4A934216D10023F1
:10AC4000FB60174B1B6C164A43F080031364144BD4
:10AC50001B6C03F08003FB60FB68002206212C20A4
:10AC600002F039F92C2002F052F912E07B681B68DF
:10AC7000124A93420DD10023BB60094B1B6C084A5A
:10AC800043F480731364064B1B6C03F48073BB6046
:10AC9000BB6800BF2837BD4680BD00BF0004004030
:10ACA000003802400008004000100040001400403E
:10ACB0000044014000480140001C004000200040CA
:10ACC00080B588B000AF786007F10C0300221A60ED
:10ACD0005A609A60DA601A617B681B68124A934274
:10ACE0001ED10023BB60114B1B6B104A43F00803BD
:10ACF00013630E4B1B6B03F00803BB60BB684FF480
:10AD00008053FB6002233B6100237B610023BB6116
:10AD10000223FB6107F10C031946054802F06EFCA3
:10AD200000BF2037BD4680BD00080040003802400B
:10AD3000000C024080B500AF114B124A1A60104B54
:10AD40004FF4E1325A600E4B00229A600C4B002205
:10AD5000DA600B4B00221A61094B0C225A61084B36
:10AD600000229A61064B0022DA61054806F09AFA41
:10AD70000346002B01D0FFF749FA00BF80BD00BF9A
:10AD8000B41C00200010014080B500AF114B124AE6
:10AD90001A60104B4FF4E1325A600E4B00229A6059
:10ADA0000C4B0022DA600B4B00221A61094B0C227B
:10ADB0005A61084B00229A61064B0022DA6105486D
:10ADC00006F070FA0346002B01D0FFF71FFA00BF10
:10ADD00080BD00BFFC1C00200044004080B58CB04A
:10ADE00000AF786007F11C0300221A605A609A6075
:10ADF000DA601A617B681B683A4A934235D10023B6
:10AE0000BB61394B5B6C384A43F010035364364BDB
:10AE10005B6C03F01003BB61BB6900237B61324BA9
:10AE20001B6B314A43F0010313632F4B1B6B03F081
:10AE300001037B617B694FF4C063FB6102233B62CA
:10AE400000237B620323BB620723FB6207F11C0321
:10AE50001946264802F0D2FB00220621252002F0E6
:10AE60003AF8252002F053F838E07B681B68204A46
:10AE7000934233D100233B611B4B1B6C1A4A43F4B2
:10AE800000331364184B1B6C03F400333B613B69C4
:10AE90000023FB60144B1B6B134A43F0080313633E
:10AEA000114B1B6B03F00803FB60FB686023FB6125
:10AEB00002233B6200237B620323BB620723FB6206
:10AEC00007F11C0319460B4802F098FB00220621EB
:10AED000262002F000F8262002F019F800BF3037D3
:10AEE000BD4680BD00100140003802400000024015
:10AEF00000440040000C0240DFF834D0FFF71CFC97
:10AF00000C480D490D4A002302E0D458C4500433C4
:10AF1000C4188C42F9D30A4A0A4C002301E013609A
:10AF20000432A242FBD30FF03FFBFFF761F87047FA
:10AF300000000320000000203C040020E8E9010894
:10AF40003C04002058630020FEE780B582B000AFCB
:10AF500078607B6820330121184601F0E0F9034650
:10AF6000002B02D04FF0FF3360E07B6820330121DB
:10AF7000184601F0FAF90346002B02D04FF0FF33D8
:10AF800054E07B6820330121184601F001F90346A3
:10AF9000002B02D04FF0FF3348E07B6820330021C4
:10AFA000184601F008FA0346002B02D04FF0FF3399
:10AFB0003CE07B68042283F833207B682033002147
:10AFC000184600F067FF0346002B02D04FF0FF3316
:10AFD0002CE07B6820330021184600F0FDFE03467C
:10AFE000002B02D04FF0FF3320E07B68042283F86F
:10AFF00034207B6820330021184601F041F80346D5
:10B00000002B02D04FF0FF3310E07B682033062185
:10B01000184600F0CDFF0346002B02D04FF0FF335F
:10B0200004E07B68012283F83020002318460837AB
:10B03000BD4680BD80B582B000AF7860786800F012
:10B0400089F80346002B02D04FF0FF3315E07868F3
:10B0500000F09BFA0346002B02D04FF0FF330CE0C8
:10B060007B68002283F833207B68002283F8342039
:10B070007B68002283F83020002318460837BD463D
:10B0800080BD80B582B000AF786039607B682033C6
:10B090003968184601F032F90346002B02D04FF010
:10B0A000FF3300E0002318460837BD4680BD00008E
:10B0B00080B483B000AF786039603B6801221A70B9
:10B0C0003B6801225A703B6800229A703B6800225C
:10B0D000DA703B684FF4FA625A603B6810229A605B
:10B0E0003B680022DA603B68074A1A613B68064AFF
:10B0F0005A613B684FF000029A61002318460C37F2
:10B10000BD465DF8047B70470020D04580B582B015
:10B1100000AF78607B6893F83130012B01D10023B8
:10B1200014E07B6803F120027B6893F83330194602
:10B13000104600F0AFFE0346002B02D04FF0FF3365
:10B1400004E07B68012283F8312000231846083789
:10B15000BD4680BD80B582B000AF78607B6893F853
:10B160003130002B01D100231FE07B6803F1200266
:10B170007B6833331946104600F0B2FE0346002BBD
:10B1800002D04FF0FF3310E07B68203300211846D7
:10B1900000F080FE0346002B02D04FF0FF3304E0A6
:10B1A0007B68002283F83120002318460837BD460B
:10B1B00080BD000080B584B000AF786039600023A6
:10B1C000FB607B68203307F10B021146184600F044
:10B1D00029FE0346002B02D04FF0FF3323E0FB7A19
:10B1E000032B1BD801A252F823F000BFFDB10008C9
:10B1F00015B2000805B200080DB200083B680C4A01
:10B200001A600FE03B680B4A1A600BE03B680A4A81
:10B210001A6007E03B68094A1A6003E04FF0FF3309
:10B22000FB6000BFFB6818461037BD4680BD00BFFD
:10B2300023DB793D23DBF93D23DB793E23DBF93E3C
:10B2400080B584B000AF786039600023FB607B6814
:10B25000203307F10B021146184600F041FE034669
:10B26000002B02D04FF0FF3354E0FB7A0B2B4CD86D
:10B2700001A252F823F000BFA9B20008BBB2000837
:10B28000C3B20008CBB20008D3B20008DBB200089A
:10B29000E3B20008EBB20008F3B20008FBB200080A
:10B2A00003B30008B3B200083B684FF000021A6015
:10B2B0002FE03B68194A1A602BE03B68184A1A6075
:10B2C00027E03B68174A1A6023E03B68164A1A6079
:10B2D0001FE03B68154A1A601BE03B68144A1A607D
:10B2E00017E03B68134A1A6013E03B68124A1A6081
:10B2F0000FE03B68114A1A600BE03B68104A1A6085
:10B3000007E03B680F4A1A6003E04FF0FF33FB6031
:10B3100000BFFB6818461037BD4680BDCDCCCC3F82
:10B32000000048410000D041000050420000D042DF
:10B33000000050430000D043004050440080CF4400
:10B34000002050450020D04580B582B000AF786025
:10B3500087ED000A7B6893F83130012B06D197ED19
:10B36000000A786800F01CFB034605E097ED000A30
:10B37000786800F0A1FB034618460837BD4680BD3B
:10B3800080B584B000AF786039600023FB607B68D3
:10B39000203307F10B021146184600F043FD034627
:10B3A000002B02D04FF0FF3323E0FB7A032B1BD896
:10B3B00001A252F823F000BFC9B30008E1B30008AE
:10B3C000D1B30008D9B300083B6802221A600FE02D
:10B3D0003B6804221A600BE03B6808221A6007E011
:10B3E0003B6810221A6003E04FF0FF33FB6000BFA0
:10B3F000FB6818461037BD4680BD00BF80B584B0DD
:10B4000000AF786039603B68022B0BDD3B68042B92
:10B4100006DD3B68082B01DC032304E0012302E086
:10B42000022300E00023FB737B682033FA7B114684
:10B43000184600F0D1FC0346002B02D04FF0FF333A
:10B4400000E0002318461037BD4680BD80B584B0AB
:10B4500000AF786039607B68203307F1080211463D
:10B46000184600F003FF0346002B02D04FF0FF33D5
:10B470000CE0B7F908203B681A80B7F90A203B684E
:10B480005A80B7F90C203B689A8000231846103781
:10B49000BD4680BD80B586B000AF786039604FF0A2
:10B4A0000003FB607B68203307F110021146184649
:10B4B00000F0DCFE0346002B02D04FF0FF333CE0EF
:10B4C00007F10C0319467868FFF774FE0346002B5A
:10B4D00002D04FF0FF3330E0B7F9103007EE903A6A
:10B4E000B8EEE77AD7ED037A67EE277AFDEEE77AD2
:10B4F00017EE902A3B681A60B7F9123007EE903ABF
:10B50000B8EEE77AD7ED037A67EE277AFDEEE77AB1
:10B5100017EE902A3B685A60B7F9143007EE903A5C
:10B52000B8EEE77AD7ED037A67EE277AFDEEE77A91
:10B5300017EE902A3B689A60002318461837BD46DC
:10B5400080BD80B582B000AF78607B6893F8323000
:10B55000012B01D1002314E07B6803F120027B68FA
:10B5600093F834301946104600F08AFD0346002B4C
:10B5700002D04FF0FF3304E07B68012283F83220D1
:10B58000002318460837BD4680BD80B582B000AFA5
:10B5900078607B6893F83230002B01D100231FE0E4
:10B5A0007B6803F120027B6834331946104600F0B3
:10B5B0008DFD0346002B02D04FF0FF3310E07B6877
:10B5C00020330021184600F05BFD0346002B02D01B
:10B5D0004FF0FF3304E07B68002283F83220002321
:10B5E00018460837BD4680BD80B584B000AF78608E
:10B5F00039600023FB607B68203307F10B021146A2
:10B60000184600F0FBFC0346002B02D04FF0FF333E
:10B610002DE0FB7A062B25D801A252F823F000BFBB
:10B6200045B600083DB600084DB6000865B60008EE
:10B6300055B6000865B600085DB600083B680E4ABE
:10B640001A6013E03B680D4A1A600FE03B680C4A31
:10B650001A600BE03B680B4A1A6007E03B680A4A35
:10B660001A6003E04FF0FF33FB6000BFFB68184631
:10B670001037BD4680BD00BF00008C4000000C416B
:10B6800000008C4100000C4200008C4280B584B068
:10B6900000AF786039600023FB607B68203307F1DE
:10B6A0000B021146184600F011FD0346002B02D094
:10B6B0004FF0FF334EE0FB7A0A2B46D801A252F836
:10B6C00023F000BFF1B60008FBB6000803B700087E
:10B6D0000BB7000813B700081BB7000823B7000812
:10B6E0002BB7000833B700083BB7000843B7000882
:10B6F0003B684FF000021A602BE03B68174A1A6063
:10B7000027E03B68164A1A6023E03B68154A1A6036
:10B710001FE03B68144A1A601BE03B68134A1A603A
:10B7200017E03B68124A1A6013E03B68114A1A603E
:10B730000FE03B68104A1A600BE03B680F4A1A6042
:10B7400007E03B680E4A1A6003E04FF0FF33FB60EE
:10B7500000BFFB6818461037BD4680BD0000484159
:10B760000000D041000050420000D0420000504391
:10B770000000D043004050440080CF44002050459A
:10B780000020D04580B582B000AF786087ED000A18
:10B790007B6893F83230012B06D197ED000A786868
:10B7A00000F00CFA034605E097ED000A786800F017
:10B7B00091FA034618460837BD4680BD80B584B06F
:10B7C00000AF786039600023FB607B68203307F1AD
:10B7D0000B021146184600F011FC0346002B02D064
:10B7E0004FF0FF3330E0FB7A062B28D801A252F845
:10B7F00023F000BF19B8000811B8000821B80008EC
:10B800003FB800082BB800083FB8000835B800085A
:10B810003B687D221A6016E03B68FA221A6012E04B
:10B820003B684FF4FA721A600DE03B684FF47A728D
:10B830001A6008E03B684FF4FA621A6003E04FF0C8
:10B84000FF33FB6000BFFB6818461037BD4680BD64
:10B8500080B584B000AF786039603B687D2B12DD25
:10B860003B68FA2B0DDD3B68B3F5FA7F07DD3B68DB
:10B87000B3F57A7F01DC042306E0062304E002230B
:10B8800002E0002300E00123FB737B682033FA7B96
:10B890001146184600F08CFB0346002B02D04FF0F7
:10B8A000FF3300E0002318461037BD4680BD80B549
:10B8B00084B000AF786039607B68203307F10802FC
:10B8C0001146184600F08AFC0346002B02D04FF0C8
:10B8D000FF330CE0B7F908203B681A80B7F90A205B
:10B8E0003B685A80B7F90C203B689A8000231846C1
:10B8F0001037BD4680BD80B586B000AF7860396036
:10B900007B68203307F110021146184600F066FCF0
:10B910000346002B02D04FF0FF333CE007F10C034D
:10B9200019467868FFF760FE0346002B02D04FF0FF
:10B93000FF3330E0B7F9103007EE903AB8EEE77A0F
:10B94000D7ED037A67EE277AFDEEE77A17EE902AB5
:10B950003B681A60B7F9123007EE903AB8EEE77A12
:10B96000D7ED037A67EE277AFDEEE77A17EE902A95
:10B970003B685A60B7F9143007EE903AB8EEE77AB0
:10B98000D7ED037A67EE277AFDEEE77A17EE902A75
:10B990003B689A60002318461837BD4680BD0000FA
:10B9A00080B584B000AF786087ED000AD7ED007AEB
:10B9B000B2EE097AF4EEC77AF1EE10FA01D801235B
:10B9C00058E0D7ED007AB3EE0A7AF4EEC77AF1EEDA
:10B9D00010FA01D802234DE0D7ED007A9FED2F7ABF
:10B9E000F4EEC77AF1EE10FA01D8032342E0D7ED66
:10B9F000007A9FED2B7AF4EEC77AF1EE10FA01D8B7
:10BA0000042337E0D7ED007A9FED267AF4EEC77A6B
:10BA1000F1EE10FA01D805232CE0D7ED007A9FED66
:10BA2000227AF4EEC77AF1EE10FA01D8062321E06B
:10BA3000D7ED007A9FED1D7AF4EEC77AF1EE10FA99
:10BA400001D8072316E0D7ED007A9FED197AF4EEBE
:10BA5000C77AF1EE10FA01D808230BE0D7ED007A8F
:10BA60009FED147AF4EEC77AF1EE10FA01D80923AB
:10BA700000E00A23FB737B682033FA7B11461846EB
:10BA800000F008FA0346002B02D04FF0FF3300E02D
:10BA9000002318461037BD4680BD00BF000050424D
:10BAA0000000D042000050430000D043004050440A
:10BAB0000080CF440020504580B483B000AF786050
:10BAC00087ED000AD7ED007AB2EE097AF4EEC77A74
:10BAD000F1EE10FA01D8012358E0D7ED007AB3EE69
:10BAE0000A7AF4EEC77AF1EE10FA01D802234DE09B
:10BAF000D7ED007A9FED2A7AF4EEC77AF1EE10FACC
:10BB000001D8032342E0D7ED007A9FED267AF4EEC8
:10BB1000C77AF1EE10FA01D8042337E0D7ED007AA6
:10BB20009FED217AF4EEC77AF1EE10FA01D80523E1
:10BB30002CE0D7ED007A9FED1D7AF4EEC77AF1EE96
:10BB400010FA01D8062321E0D7ED007A9FED187A8C
:10BB5000F4EEC77AF1EE10FA01D8072316E0D7ED1C
:10BB6000007A9FED147AF4EEC77AF1EE10FA01D85C
:10BB700008230BE0D7ED007A9FED0F7AF4EEC77A39
:10BB8000F1EE10FA01D8092300E00A237A6882F85E
:10BB90003330002318460C37BD465DF8047B7047F0
:10BBA000000050420000D042000050430000D0434B
:10BBB000004050440080CF440020504580B584B000
:10BBC00000AF786087ED000AD7ED007AB2EE097A0F
:10BBD000F4EEC77AF1EE10FA01D8012358E0D7ED60
:10BBE000007AB3EE0A7AF4EEC77AF1EE10FA01D8D1
:10BBF00002234DE0D7ED007A9FED2F7AF4EEC77A5D
:10BC0000F1EE10FA01D8032342E0D7ED007A9FED60
:10BC10002B7AF4EEC77AF1EE10FA01D8042337E05C
:10BC2000D7ED007A9FED267AF4EEC77AF1EE10FA9E
:10BC300001D805232CE0D7ED007A9FED227AF4EEAF
:10BC4000C77AF1EE10FA01D8062321E0D7ED007A89
:10BC50009FED1D7AF4EEC77AF1EE10FA01D80723B2
:10BC600016E0D7ED007A9FED197AF4EEC77AF1EE7F
:10BC700010FA01D808230BE0D7ED007A9FED147A73
:10BC8000F4EEC77AF1EE10FA01D8092300E00A2396
:10BC9000FB737B682033FA7B1146184600F0F0F9FD
:10BCA0000346002B02D04FF0FF3300E0002318467C
:10BCB0001037BD4680BD00BF000050420000D0429A
:10BCC000000050430000D043004050440080CF4467
:10BCD0000020504580B483B000AF786087ED000A43
:10BCE000D7ED007AB2EE097AF4EEC77AF1EE10FAE7
:10BCF00001D8012358E0D7ED007AB3EE0A7AF4EECA
:10BD0000C77AF1EE10FA01D802234DE0D7ED007AA0
:10BD10009FED2A7AF4EEC77AF1EE10FA01D80323E8
:10BD200042E0D7ED007A9FED267AF4EEC77AF1EE85
:10BD300010FA01D8042337E0D7ED007A9FED217A7D
:10BD4000F4EEC77AF1EE10FA01D805232CE0D7ED16
:10BD5000007A9FED1D7AF4EEC77AF1EE10FA01D861
:10BD6000062321E0D7ED007A9FED187AF4EEC77A2A
:10BD7000F1EE10FA01D8072316E0D7ED007A9FED17
:10BD8000147AF4EEC77AF1EE10FA01D808230BE02A
:10BD9000D7ED007A9FED0F7AF4EEC77AF1EE10FA44
:10BDA00001D8092300E00A237A6882F8343000239E
:10BDB00018460C37BD465DF8047B704700005042C2
:10BDC0000000D042000050430000D04300405044E7
:10BDD0000080CF440020504580B584B000AF78602B
:10BDE0000B46FB7007F1080201231021786808F068
:10BDF0006BFBF860FB68002B0FD1FB7803F00303AB
:10BE0000DAB23B7A62F383033B7207F10802012343
:10BE10001021786808F072FBF860FB68184610374C
:10BE2000BD4680BD80B584B000AF7860396007F151
:10BE3000080201231021786808F046FBF8603B7A7D
:10BE4000C3F38103DBB2032B1AD801A252F823F00B
:10BE500061BE000869BE000871BE000879BE000816
:10BE60003B6800221A700FE03B6801221A700BE059
:10BE70003B6802221A7007E03B6803221A7003E055
:10BE80003B6800221A7000BFFB6818461037BD4699
:10BE900080BD00BF80B584B000AF78600B46FB70FA
:10BEA00007F1080201231021786808F00DFBF86003
:10BEB000FB68002B0FD1FB7803F00F03DAB23B7A5B
:10BEC00062F307133B7207F108020123102178681F
:10BED00008F014FBF860FB6818461037BD4680BDBB
:10BEE00080B584B000AF7860396007F108020123A3
:10BEF0001021786808F0E8FAF8603B7AC3F303137E
:10BF0000DBB20B2B4AD801A252F823F03DBF000848
:10BF100045BF00084DBF000855BF00085DBF0008C1
:10BF200065BF00086DBF000875BF00087DBF000831
:10BF300085BF00088DBF000895BF00083B68002240
:10BF40001A702FE03B6801221A702BE03B68022236
:10BF50001A7027E03B6803221A7023E03B68042232
:10BF60001A701FE03B6805221A701BE03B6806222E
:10BF70001A7017E03B6807221A7013E03B6808222A
:10BF80001A700FE03B6809221A700BE03B680A2226
:10BF90001A7007E03B680B221A7003E03B6800222E
:10BFA0001A7000BFFB6818461037BD4680BD00BF41
:10BFB00080B584B000AF78600B46FB7007F10802D3
:10BFC00001231121786808F07FFAF860FB68002BE4
:10BFD0000FD1FB7803F00703DAB23B7A62F3430335
:10BFE0003B7207F1080201231121786808F086FAF4
:10BFF000F860FB6818461037BD4680BD80B584B038
:10C0000000AF7860396007F10802012311217868D8
:10C0100008F05AFAF8603B7AC3F34203DBB2062B0E
:10C0200024D801A252F823F045C000084DC00008F2
:10C0300055C000086DC000085DC000086DC0000854
:10C0400065C000083B6800221A7013E03B680122BB
:10C050001A700FE03B6802221A700BE03B68042262
:10C060001A7007E03B6806221A7003E03B68002262
:10C070001A7000BFFB6818461037BD4680BD00BF70
:10C0800080B584B000AF78600B46FB7007F1080202
:10C0900001231121786808F017FAF860FB68002B7B
:10C0A0000FD1FB7803F00F03DAB23B7A62F3071388
:10C0B0003B7207F1080201231121786808F01EFA8B
:10C0C000F860FB6818461037BD4680BD80B584B067
:10C0D00000AF7860396007F1080201231121786808
:10C0E00008F0F2F9F8603B7AC3F30313DBB20A2BD2
:10C0F00044D801A252F823F025C100082DC1000840
:10C1000035C100083DC1000845C100084DC1000807
:10C1100055C100085DC1000865C100086DC1000877
:10C1200075C100083B6800221A702BE03B680122B1
:10C130001A7027E03B6802221A7023E03B68032252
:10C140001A701FE03B6804221A701BE03B6805224E
:10C150001A7017E03B6806221A7013E03B6807224A
:10C160001A700FE03B6808221A700BE03B68092246
:10C170001A7007E03B680A221A7003E03B6800224D
:10C180001A7000BFFB6818461037BD4680BD00BF5F
:10C1900080B584B000AF78600B46FB7007F10802F1
:10C1A00001231221786808F08FF9F860FB68002BF2
:10C1B0000FD1FB7803F00103DAB23B7A62F3861306
:10C1C0003B7207F1080201231221786808F096F902
:10C1D000F860FB6818461037BD4680BD80B586B054
:10C1E00000AF7860396007F10C02062322217868DD
:10C1F00008F06AF978617B7B1AB23B681A803B6869
:10C20000B3F900309BB21B029BB23A7B13449BB242
:10C210001AB23B681A80FA7B3B68023312B21A806A
:10C220003B680233B3F900309BB21B029BB2BA7B6E
:10C2300013449AB23B68023312B21A807A7C3B688C
:10C24000043312B21A803B680433B3F900309BB256
:10C250001B029BB23A7C13449AB23B68043312B27D
:10C260001A807B6918461837BD4680BD80B586B0F8
:10C2700000AF7860396007F10C0206232821786846
:10C2800008F022F978617B7B1AB23B681A803B6820
:10C29000B3F900309BB21B029BB23A7B13449BB2B2
:10C2A0001AB23B681A80FA7B3B68023312B21A80DA
:10C2B0003B680233B3F900309BB21B029BB2BA7BDE
:10C2C00013449AB23B68023312B21A807A7C3B68FC
:10C2D000043312B21A803B680433B3F900309BB2C6
:10C2E0001B029BB23A7C13449AB23B68043312B2ED
:10C2F0001A807B6918461837BD4680BD80B584B06A
:10C3000000AF7860396001233A680F21786808F03F
:10C31000DBF8F860FB6818461037BD4680BD80B575
:10C3200084B000AF78600B46FB7007F10802012370
:10C330001221786808F0C8F8F860FB68002B0FD16C
:10C34000FB7803F00103DAB23B7A62F300033B723D
:10C3500007F1080201231221786808F0CFF8F8608D
:10C36000FB6818461037BD4680BD80B584B000AF6D
:10C3700078600B46FB7007F10802012312217868F0
:10C3800008F0A2F8F860FB68002B0FD1FB7803F0EF
:10C390000103DAB23B7A62F382033B7207F10802CF
:10C3A00001231221786808F0A9F8F860FB681846A4
:10C3B0001037BD4680BD80B584B000AF78600B46B5
:10C3C000FB7007F1080201230A21786808F07CF865
:10C3D000F860FB68002B0FD1FB7803F00703DAB29B
:10C3E0003B7A62F302033B7207F1080201230A2140
:10C3F000786808F083F8F860FB6818461037BD4687
:10C4000080BD000080B500AF0E4B1B680D4A43F4A1
:10C41000007313600B4B1B680A4A43F4806313607C
:10C42000084B1B68074A43F480731360032000F035
:10C4300047FD0520FDF7D0FFFDF7A2FF00231846BA
:10C4400080BD00BF003C024080B400AF064B1B78AB
:10C450001A46064B1B681344044A136000BFBD46CE
:10C460005DF8047B704700BFD4000020441D00200D
:10C4700080B400AF034B1B681846BD465DF8047BD3
:10C48000704700BF441D002080B584B000AF7860C5
:10C49000FFF7EEFFB8607B68FB60FB68B3F1FF3F1E
:10C4A00005D00A4B1B781A46FB681344FB6000BF9B
:10C4B000FFF7DEFF0246BB68D31AFA689A42F7D844
:10C4C00000BF00BF1037BD4680BD00BFD4000020B4
:10C4D00080B400AF034B1B681846BD465DF8047B73
:10C4E000704700BF107AFF1F80B400AF034B1B687A
:10C4F0001846BD465DF8047B704700BF147AFF1FE5
:10C5000080B400AF034B1B681846BD465DF8047B42
:10C51000704700BF187AFF1F80B584B000AF786005
:10C520000023FB737B68002B01D1012333E07B6880
:10C530001B6C002B09D17868FDF7AEFA7B680022EE
:10C540005A647B68002283F83C207B681B6C03F0F4
:10C550001003002B18D17B681B6C23F4885323F045
:10C56000020343F002027B681A64786800F0E8FA7C
:10C570007B6800225A647B681B6C23F0030343F042
:10C5800001027B681A6401E00123FB737B680022CF
:10C5900083F83C20FB7B18461037BD4680BD000069
:10C5A00080B485B000AF78600023BB607B6893F8EF
:10C5B0003C30012B01D10223B2E07B68012283F8D9
:10C5C0003C207B681B689B6803F00103012B18D09B
:10C5D0007B681B689A687B681B6842F001029A605E
:10C5E000524B1B68524AA2FB03239A0C13465B0072
:10C5F0001344BB6002E0BB68013BBB60BB68002B1F
:10C60000F9D17B681B689B6803F00103012B7AD189
:10C610007B681B6C23F4E06323F0010343F4807216
:10C620007B681A647B681B685B6803F48063002B7B
:10C6300007D07B681B6C23F4405343F480527B6823
:10C640001A647B681B6C03F48053B3F5805F06D1DA
:10C650007B685B6C23F006027B685A6402E07B68AF
:10C6600000225A647B68002283F83C20314BFB6037
:10C670007B681B686FF022021A60FB685B6803F03E
:10C680001F03002B2AD17B681B682B4A934215D0CD
:10C690007B681B68294A934205D1264B5B6803F0EF
:10C6A0001F03002B0AD07B681B68254A934236D1B2
:10C6B000204B5B6803F01003002B30D17B681B68B4
:10C6C0009B6803F04053002B29D17B681B689A6854
:10C6D0007B681B6842F080429A6020E07B681B68A0
:10C6E000154A93421BD17B681B689B6803F040533B
:10C6F000002B14D17B681B689A687B681B6842F02A
:10C7000080429A600BE07B681B6C43F010027B68F0
:10C710001A647B685B6C43F001027B685A640023F7
:10C7200018461437BD465DF8047B7047740000203E
:10C7300083DE1B4300230140002001400021014013
:10C740000022014080B483B000AF78607B6893F82A
:10C750003C30012B01D1022321E07B68012283F8C8
:10C760003C207B681B689A687B681B6822F001028A
:10C770009A607B681B689B6803F00103002B09D15A
:10C780007B681B6C23F4885323F0010343F0010200
:10C790007B681A647B68002283F83C2000231846DB
:10C7A0000C37BD465DF8047B704780B584B000AFA0
:10C7B000786039600023FB607B681B689B6803F42A
:10C7C0008063B3F5806F13D17B681B689B6803F4AB
:10C7D0008073B3F5807F0BD17B681B6C43F0200224
:10C7E0007B681A647B68002283F83C20012363E0A5
:10C7F000FFF73EFEF86021E03B68B3F1FF3F1DD03C
:10C800003B68002B07D0FFF733FE0246FB68D31AC4
:10C810003A689A4212D27B681B681B6803F00203D5
:10C82000022B0BD07B681B6C43F004027B681A64FC
:10C830007B68002283F83C2003233DE07B681B6873
:10C840001B6803F00203022BD6D17B681B686FF0D4
:10C8500012021A607B681B6C43F400727B681A64D6
:10C860007B681B689B6803F04053002B23D17B68D7
:10C870001B7E002B1FD17B681B68DB6A03F47003EF
:10C88000002B06D07B681B689B6803F48063002B39
:10C8900011D17B681B6C23F480727B681A647B68FF
:10C8A0001B6C03F48053002B05D17B681B6C43F099
:10C8B00001027B681A64002318461037BD4680BD0C
:10C8C00080B483B000AF78607B681B68DB6C18466F
:10C8D0000C37BD465DF8047B7047000080B485B01E
:10C8E00000AF786039600023BB607B6893F83C3010
:10C8F000012B01D1022313E17B68012283F83C2044
:10C900003B681B68092B25D97B681B68D9683B6885
:10C910001B689BB21A4613465B0013441E3B07225A
:10C9200002FA03F3DA437B681B680A40DA607B682B
:10C930001B68D9683B689A683B681B689BB21846BD
:10C9400003465B0003441E3B9A407B681B680A4316
:10C95000DA6022E07B681B6819693B681B689BB240
:10C960001A4613465B001344072202FA03F3DA4324
:10C970007B681B680A401A617B681B6819693B6801
:10C980009A683B681B689BB2184603465B000344E9
:10C990009A407B681B680A431A613B685B68062BF8
:10C9A00024D87B681B68596B3B685A6813469B0008
:10C9B0001344053B1F2202FA03F3DA437B681B682A
:10C9C0000A405A637B681B68596B3B681B689BB2C3
:10C9D00018463B685A6813469B001344053B00FA0F
:10C9E00003F27B681B680A435A634CE03B685B6850
:10C9F0000C2B24D87B681B68196B3B685A6813465C
:10CA00009B001344233B1F2202FA03F3DA437B68A3
:10CA10001B680A401A637B681B68196B3B681B68BC
:10CA20009BB218463B685A6813469B001344233B4D
:10CA300000FA03F27B681B680A431A6323E07B68F1
:10CA40001B68D96A3B685A6813469B001344413BF4
:10CA50001F2202FA03F3DA437B681B680A40DA629A
:10CA60007B681B68D96A3B681B689BB218463B68A9
:10CA70005A6813469B001344413B00FA03F27B685B
:10CA80001B680A43DA62294BFB607B681B68284AF3
:10CA900093420FD13B681B68122B0BD1FB685B687C
:10CAA00023F40002FB685A60FB685B6843F4800271
:10CAB000FB685A607B681B681D4A93422BD13B6818
:10CAC0001B681C4A934203D03B681B68112B22D180
:10CAD000FB685B6823F48002FB685A60FB685B6854
:10CAE00043F40002FB685A603B681B68114A93429A
:10CAF00011D1114B1B68114AA2FB03239A0C134658
:10CB00009B0013445B00BB6002E0BB68013BBB6061
:10CB1000BB68002BF9D17B68002283F83C200023FE
:10CB200018461437BD465DF8047B7047002301406A
:10CB300000200140120000107400002083DE1B431F
:10CB400080B485B000AF7860794BFB60FB685B68B0
:10CB500023F44032FB685A60FB685A687B685B6864
:10CB60001A43FB685A607B681B685A687B681B68BD
:10CB700022F480725A607B681B6859687B681B6965
:10CB80001A027B681B680A435A607B681B685A68F4
:10CB90007B681B6822F040725A607B681B6859688A
:10CBA0007B689A687B681B680A435A607B681B68CD
:10CBB0009A687B681B6822F400629A607B681B6835
:10CBC00099687B68DA687B681B680A439A607B68AF
:10CBD0009B6A584A934222D07B681B689A687B689C
:10CBE0001B6822F070629A607B681B6899687B689A
:10CBF0009A6A7B681B680A439A607B681B689A681C
:10CC00007B681B6822F040529A607B681B689968B9
:10CC10007B68DA6A7B681B680A439A600FE07B686E
:10CC20001B689A687B681B6822F070629A607B6858
:10CC30001B689A687B681B6822F040529A607B6888
:10CC40001B689A687B681B6822F002029A607B6806
:10CC50001B6899687B681B7E5A007B681B680A43C7
:10CC60009A607B6893F82030002B1BD07B681B6890
:10CC70005A687B681B6842F400625A607B681B68D4
:10CC80005A687B681B6822F460425A607B681B68A4
:10CC900059687B685B6A013B5A037B681B680A43DF
:10CCA0005A6007E07B681B685A687B681B6822F43F
:10CCB00000625A607B681B68DA6A7B681B6822F432
:10CCC0007002DA627B681B68D96A7B68DB69013BAA
:10CCD0001A057B681B680A43DA627B681B689A68DE
:10CCE0007B681B6822F400729A607B681B689968F5
:10CCF0007B6893F830305A027B681B680A439A605D
:10CD00007B681B689A687B681B6822F480629A6063
:10CD10007B681B6899687B685B699A027B681B6803
:10CD20000A439A6000BF1437BD465DF8047B704724
:10CD3000002301400100000F80B485B000AF78608F
:10CD40007B6803F00703FB600C4BDB68BB60BA68D1
:10CD50004FF6FF031340BB60FB681A02BB68134326
:10CD600043F0BF6343F40033BB60044ABB68D36045
:10CD700000BF1437BD465DF8047B704700ED00E04E
:10CD800080B400AF044BDB681B0A03F007031846AE
:10CD9000BD465DF8047B704700ED00E080B483B0D1
:10CDA00000AF0346FB7197F90730002B0BDBFB79D3
:10CDB00003F01F02074997F907305B09012000FAC9
:10CDC00002F241F8232000BF0C37BD465DF8047B1A
:10CDD000704700BF00E100E080B483B000AF0346BD
:10CDE0003960FB7197F90730002B0ADB3B68DAB238
:10CDF0000C4997F907301201D2B20B4483F8002393
:10CE00000AE03B68DAB20849FB7903F00F03043B00
:10CE10001201D2B20B441A7600BF0C37BD465DF842
:10CE2000047B704700E100E000ED00E080B489B0D1
:10CE300000AFF860B9607A60FB6803F00703FB613C
:10CE4000FB69C3F10703042B28BF0423BB61FB6903
:10CE50000433062B02D9FB69033B00E000237B610E
:10CE60004FF0FF32BB6902FA03F3DA43BB681A40A2
:10CE70007B699A404FF0FF317B6901FA03F3D94394
:10CE80007B680B40134318462437BD465DF8047B8E
:10CE90007047000080B400AFBFF34F8F00BF064B58
:10CEA000DB6803F4E0620449044B1343CB60BFF337
:10CEB0004F8F00BF00BFFDE700ED00E00400FA0562
:10CEC00080B582B000AF78607868FFF735FF00BFAB
:10CED0000837BD4680BD80B586B000AF0346B96057
:10CEE0007A60FB7300237B61FFF74AFF78617A6801
:10CEF000B9687869FFF79AFF024697F90F30114633
:10CF00001846FFF769FF00BF1837BD4680BD80B5E2
:10CF100082B000AF0346FB7197F907301846FFF760
:10CF20003DFF00BF0837BD4680BD80B500AFFFF7AD
:10CF3000B1FF80B582B000AF78607B68002B01D173
:10CF400001230EE07B685B79DBB2002B05D17B68A7
:10CF500000221A717868FCF72FFE7B6801225A7153
:10CF6000002318460837BD4680BD80B487B000AFA7
:10CF7000F860B9607A6000233B61FB6802225A7155
:10CF8000FB681B689A68FB681B6842F001029A60A4
:10CF900000237B610AE07B699B00BA681A44FB6846
:10CFA0001B6812681A607B6901337B617A697B6850
:10CFB0009A42F0D3FB681B681B683B61FB68012247
:10CFC0005A713B6918461C37BD465DF8047B7047B3
:10CFD00080B582B000AF78607B68002B01D101235F
:10CFE0002AE07B6893F85130DBB2002B06D17B68D6
:10CFF000002283F850207868FCF72AFE7B681B68C3
:10D000001B6823F4002323F47E737A6851687A68DE
:10D01000926811437A68526911437A6812680B4327
:10D0200013607B6800225A657B68012283F85120D7
:10D030007B6801225A64002318460837BD4680BD2C
:10D0400080B584B000AF78607B689B6DFB60FFF7B4
:10D050000FFAB8607B6893F83530DBB2022B08D04A
:10D060007B6880225A657B68002283F83420012384
:10D0700052E07B681B681A687B681B6822F0160206
:10D080001A607B681B685A697B681B6822F0800203
:10D090005A617B681B6C002B03D17B689B6C002B57
:10D0A00007D07B681B681A687B681B6822F008023F
:10D0B0001A607B681B681A687B681B6822F0010293
:10D0C0001A6013E0FFF7D4F90246BB68D31A052BA8
:10D0D0000CD97B6820225A657B68032283F83520AF
:10D0E0007B68002283F83420032315E07B681B68EB
:10D0F0001B6803F00103002BE4D17B68DB6D3F224A
:10D100009A40FB689A607B68012283F835207B682F
:10D11000002283F83420002318461037BD4680BD16
:10D1200080B483B000AF78607B6893F83530DBB2B1
:10D13000022B04D07B6880225A6501230CE07B68B7
:10D14000052283F835207B681B681A687B681B689A
:10D1500022F001021A60002318460C37BD465DF824
:10D16000047B704780B586B000AFF860B960C7E94E
:10D1700000230123FB75234B1B7E012B01D10223CE
:10D180003BE0204B01221A764CF2503000F0A8F818
:10D190000346FB75FB7D002B2BD1FB68002B05D1D3
:10D1A0003B781946B86800F053F916E0FB68012B8C
:10D1B00005D13B881946B86800F026F90DE0FB68F8
:10D1C000022B05D13B681946B86800F0FBF804E073
:10D1D000D7E90023B86800F0C3F84CF2503000F0F3
:10D1E0007FF80346FB75084B1B69074A23F00103D0
:10D1F0001361044B00221A76FB7D18461837BD4692
:10D2000080BD00BF481D0020003C024080B483B0B8
:10D2100000AF0023FB710B4B1B69002B0BDA094B92
:10D22000094A5A60074B094A5A60064B1B69002B92
:10D2300001DA0123FB71FB7918460C37BD465DF816
:10D24000047B7047003C024023016745AB89EFCD6A
:10D2500080B400AF054B1B69044A43F000431361DF
:10D2600000231846BD465DF8047B7047003C024031
:10D2700080B400AF094B5B6903F00103002B07D0BA
:10D28000064B074A9A60054B064A9A60002300E065
:10D2900001231846BD465DF8047B7047003C024000
:10D2A0003B2A19087F6E5D4C80B400AF054B5B696B
:10D2B000044A43F00103536100231846BD465DF85C
:10D2C000047B7047003C024080B400AF034BDB6935
:10D2D0001846BD465DF8047B704700BF481D00201E
:10D2E00080B584B000AF78600023FB601A4B002249
:10D2F000DA61FFF7BDF8F86010E07B68B3F1FF3F3B
:10D300000CD07B68002B07D0FFF7B2F80246FB6811
:10D31000D31A7A689A4201D2032319E00F4BDB68D3
:10D3200003F48033002BE8D10C4BDB6803F00103DE
:10D33000002B02D0094B0122DA60084BDB6803F4B2
:10D34000F973002B03D000F0A5F8012300E00023BF
:10D3500018461037BD4680BD481D0020003C0240E5
:10D3600080B485B000AFF860C7E90023144B1B6997
:10D37000134A23F440731361114B1B69104A43F4A1
:10D38000407313610E4B1B690D4A43F00103136197
:10D39000FB683A681A60BFF36F8F00BFD7E90001DE
:10D3A0004FF000024FF000030A000023F968043137
:10D3B00013460B6000BF1437BD465DF8047B704711
:10D3C000003C024080B483B000AF786039600D4B00
:10D3D0001B690C4A23F4407313610A4B1B69094A09
:10D3E00043F400731361074B1B69064A43F00103C2
:10D3F00013617B683A681A6000BF0C37BD465DF860
:10D40000047B7047003C024080B483B000AF78607A
:10D410000B467B800D4B1B690C4A23F44073136150
:10D420000A4B1B69094A43F480731361074B1B695C
:10D43000064A43F0010313617B687A881A8000BFB3
:10D440000C37BD465DF8047B704700BF003C0240CE
:10D4500080B483B000AF78600B46FB700C4B1B6947
:10D460000B4A23F440731361094B094A1B6913618A
:10D47000074B1B69064A43F0010313617B68FA7886
:10D480001A7000BF0C37BD465DF8047B704700BFC3
:10D49000003C024080B400AF2F4BDB6803F0100368
:10D4A000002B08D02D4BDB6943F010032B4AD361CE
:10D4B000294B1022DA60284BDB6803F02003002B95
:10D4C00008D0264BDB6943F00803244AD361224B82
:10D4D0002022DA60204BDB6803F04003002B08D0E9
:10D4E0001E4BDB6943F004031C4AD3611A4B4022F4
:10D4F000DA60194BDB6803F08003002B08D0174B70
:10D50000DB6943F00203154AD361134B8022DA60D2
:10D51000114BDB6803F48073002B09D00F4BDB69E0
:10D5200043F001030D4AD3610B4B4FF48072DA6074
:10D53000094BDB6803F00203002B08D0074BDB69C3
:10D5400043F02003054AD361034B0222DA6000BF97
:10D55000BD465DF8047B7047003C0240481D00203A
:10D5600080B485B000AF78600B46FB700023FB6091
:10D57000FB78002B02D10023FB6010E0FB78012B2D
:10D5800003D14FF48073FB6009E0FB78022B03D1D9
:10D590004FF40073FB6002E04FF44073FB607B6864
:10D5A0000B2B02D97B6804337B60134B1B69124A37
:10D5B00023F440731361104B1A690F49FB6813433E
:10D5C0000B610D4B1B690C4A23F0F80313610A4BE6
:10D5D0001A697B68DB001343074A43F002031361B7
:10D5E000054B1B69044A43F48033136100BF1437B1
:10D5F000BD465DF8047B7047003C024080B489B0B2
:10D6000000AF7860396000237B6100233B61002319
:10D61000BB610023FB6177E10122FB6902FA03F39E
:10D620007B613B681B687A6913403B613A697B699F
:10D630009A4240F066813B685B6803F00303012B6C
:10D6400005D03B685B6803F00303022B30D17B6895
:10D650009B68BB61FB695B00032202FA03F3DB43B7
:10D66000BA691340BB613B68DA68FB695B0002FA88
:10D6700003F3BA691343BB617B68BA699A607B683C
:10D680005B68BB610122FB6902FA03F3DB43BA6901
:10D690001340BB613B685B681B0903F00102FB6937
:10D6A00002FA03F3BA691343BB617B68BA695A6033
:10D6B0003B685B6803F00303032B17D07B68DB68D0
:10D6C000BB61FB695B00032202FA03F3DB43BA6927
:10D6D0001340BB613B689A68FB695B0002FA03F385
:10D6E000BA691343BB617B68BA69DA603B685B68FF
:10D6F00003F00303022B23D1FB69DA087B680832AD
:10D7000053F82230BB61FB6903F007039B000F2233
:10D7100002FA03F3DB43BA691340BB613B681A6941
:10D72000FB6903F007039B0002FA03F3BA69134392
:10D73000BB61FB69DA087B680832B96943F82210DB
:10D740007B681B68BB61FB695B00032202FA03F381
:10D75000DB43BA691340BB613B685B6803F00302BB
:10D76000FB695B0002FA03F3BA691343BB617B6890
:10D77000BA691A603B685B6803F44033002B00F021
:10D78000C0800023FB60664B5B6C654A43F48043BA
:10D790005364634B5B6C03F48043FB60FB68614A3A
:10D7A000FB699B08023352F82330BB61FB6903F02D
:10D7B00003039B000F2202FA03F3DB43BA69134011
:10D7C000BB617B68584A934237D07B68574A934283
:10D7D00031D07B68564A93422BD07B68554A93429E
:10D7E00025D07B68544A93421FD07B68534A9342AA
:10D7F00019D07B68524A934213D07B68514A9342B6
:10D800000DD07B68504A934207D07B684F4A9342C1
:10D8100001D1092312E00A2310E008230EE00723B8
:10D820000CE006230AE0052308E0042306E00323B6
:10D8300004E0022302E0012300E00023FA6902F081
:10D84000030292009340BA691343BB613549FB69F7
:10D850009B080233BA6941F823203D4B9B68BB61AA
:10D860003B69DB43BA691340BB613B685B6803F407
:10D870008013002B03D0BA693B691343BB61344A60
:10D88000BB699360324BDB68BB613B69DB43BA69C0
:10D890001340BB613B685B6803F40013002B03D0AB
:10D8A000BA693B691343BB61294ABB69D360284B02
:10D8B0005B68BB613B69DB43BA691340BB613B6892
:10D8C0005B6803F40033002B03D0BA693B69134350
:10D8D000BB611F4ABB6953601D4B1B68BB613B6941
:10D8E000DB43BA691340BB613B685B6803F4803378
:10D8F000002B03D0BA693B691343BB61144ABB696F
:10D900001360FB690133FB61FB690F2B7FF684AE6B
:10D9100000BF00BF2437BD465DF8047B704700BFE1
:10D92000003802400038014000000240000402407C
:10D9300000080240000C02400010024000140240A7
:10D9400000180240001C0240002002400024024057
:10D95000003C014080B485B000AF78600B467B800E
:10D960007B681A697B881340002B02D00123FB736C
:10D9700001E00023FB73FB7B18461437BD465DF8BE
:10D98000047B704780B483B000AF78600B467B8027
:10D9900013467B707B78002B03D07A887B689A6172
:10D9A00003E07B881A047B689A6100BF0C37BD4690
:10D9B0005DF8047B704780B485B000AF78600B469B
:10D9C0007B807B685B69FB607A88FB6813401A0484
:10D9D000FB68D9437B880B401A437B689A6100BF80
:10D9E0001437BD465DF8047B7047000080B582B0F7
:10D9F00000AF0346FB80084B5A69FB881340002B9D
:10DA000006D0054AFB885361FB881846FCF798FB53
:10DA100000BF0837BD4680BD003C014080B584B0E2
:10DA200000AF78607B68002B01D101232BE17B687C
:10DA300093F83D30DBB2002B06D17B68002283F8DF
:10DA40003C207868FCF78CFA7B68242283F83D2020
:10DA50007B681B681A687B681B6822F001021A60E9
:10DA60007B681B681A687B681B6842F400421A6076
:10DA70007B681B681A687B681B6822F400421A6086
:10DA800001F002FDF8607B685B68814A934207D829
:10DA9000FB68804A934294BF01230023DBB206E077
:10DAA000FB687D4A934294BF01230023DBB2002B25
:10DAB00001D00123E7E0FB68784AA2FB03239B0C1B
:10DAC000BB607B681B685B6823F03F017B681B6859
:10DAD000BA680A435A607B681B681B6A23F03F01DF
:10DAE0007B685B686A4A934202D8BB68013309E0ED
:10DAF000BB684FF4967202FB03F3694AA2FB03234F
:10DB00009B0901337A6812680B4313627B681B68B8
:10DB1000DB6923F44F4222F0FF027B685B685C49BB
:10DB20008B4219D8FB68591E7B685B685B00B1FBB0
:10DB3000F3F3591C40F6FC730B40002B0AD0FB6832
:10DB4000591E7B685B685B00B1FBF3F30133C3F3E1
:10DB50000B0351E004234FE07B689B68002B11D13D
:10DB6000FB68581E7B6859680B465B000B44B0FB92
:10DB7000F3F30133C3F30B03002B0CBF012300238A
:10DB8000DBB212E0FB68581E7B6859680B469B00AD
:10DB90000B4499000B44B0FBF3F30133C3F30B03C5
:10DBA000002B0CBF01230023DBB2002B01D001238B
:10DBB00022E07B689B68002B0ED1FB68581E7B68B7
:10DBC00059680B465B000B44B0FBF3F30133C3F31E
:10DBD0000B0343F400430FE0FB68581E7B68596851
:10DBE0000B469B000B4499000B44B0FBF3F301334D
:10DBF000C3F30B0343F44043796809681343CB61D3
:10DC00007B681B681B6823F0C0017B68DA697B684E
:10DC10001B6A1A437B681B680A431A607B681B688F
:10DC20009B6823F4034323F0FF037A6811697A6841
:10DC3000D26811437A6812680B4393607B681B6853
:10DC4000DB6823F0FF017B685A697B689B691A4394
:10DC50007B681B680A43DA607B681B681A687B680C
:10DC60001B6842F001021A607B6800221A647B681C
:10DC7000202283F83D207B6800221A637B68002203
:10DC800083F83E20002318461037BD4680BD00BFF4
:10DC9000A08601007F841E00FF083D0083DE1B4339
:10DCA000D34D621080B588B002AFF8607A601A4632
:10DCB0000B467B8113463B81FEF7DAFB7861FB68FC
:10DCC00093F83D30DBB2202B40F0E0807B6900937D
:10DCD000192301227049F86800F064FC0346002B08
:10DCE00001D00223D3E0FB6893F83C30012B01D133
:10DCF0000223CCE0FB68012283F83C20FB681B6810
:10DD00001B6803F00103012B07D0FB681B681A682E
:10DD1000FB681B6842F001021A60FB681B681A6806
:10DD2000FB681B6822F400621A60FB68212283F8FA
:10DD30003D20FB68102283F83E20FB6800221A6415
:10DD4000FB687A685A62FB683A895A85FB685B8D82
:10DD50009AB2FB681A85FB68504ADA6279897B6956
:10DD60003A6AF86800F0CEFA0346002B01D001238E
:10DD70008DE000233B61FB681B685B693B61FB68CE
:10DD80001B689B693B613B6966E07A69396AF868A0
:10DD900000F022FD0346002B0DD0FB681B6C042B0A
:10DDA00007D1FB681B681A68FB681B6842F40072A5
:10DDB0001A6001236BE0FB685B6A1A78FB681B68DA
:10DDC0001A61FB685B6A5A1CFB685A62FB685B8DD0
:10DDD0009BB2013B9AB2FB685A85FB681B8D013BE5
:10DDE0009AB2FB681A85FB681B685B6903F0040341
:10DDF000042B1BD1FB681B8D002B17D0FB685B6AC3
:10DE00001A78FB681B681A61FB685B6A5A1CFB681E
:10DE10005A62FB685B8D9BB2013B9AB2FB685A85E4
:10DE2000FB681B8D013B9AB2FB681A857A69396AD7
:10DE3000F86800F019FD0346002B0DD0FB681B6C41
:10DE4000042B07D1FB681B681A68FB681B6842F447
:10DE500000721A6001231AE0FB681B8D002B94D11D
:10DE6000FB681B681A68FB681B6842F400721A6042
:10DE7000FB68202283F83D20FB68002283F83E20C7
:10DE8000FB68002283F83C20002300E002231846B0
:10DE90001837BD4680BD00BF020010000000FFFF24
:10DEA00080B58CB002AFF8607A601A460B467B8171
:10DEB00013463B81FEF7DCFA7862FB6893F83D304D
:10DEC000DBB2202B40F017827B6A009319230122DA
:10DED0007C49F86800F066FB0346002B01D0022362
:10DEE0000AE2FB6893F83C30012B01D1022303E2E4
:10DEF000FB68012283F83C20FB681B681B6803F069
:10DF00000103012B07D0FB681B681A68FB681B68BC
:10DF100042F001021A60FB681B681A68FB681B6804
:10DF200022F400621A60FB68222283F83D20FB681D
:10DF3000102283F83E20FB6800221A64FB687A688E
:10DF40005A62FB683A895A85FB685B8D9AB2FB6816
:10DF50001A85FB685C4ADA6279897B6A3A6BF868F1
:10DF600000F052FA0346002B01D00123C4E1FB6804
:10DF70001B8D002B13D100233B62FB681B685B6980
:10DF80003B62FB681B689B693B623B6AFB681B68E2
:10DF90001A68FB681B6842F400721A6098E1FB681B
:10DFA0001B8D012B1BD1FB681B681A68FB681B6863
:10DFB00022F480621A600023FB61FB681B685B69C6
:10DFC000FB61FB681B689B69FB61FB69FB681B6865
:10DFD0001A68FB681B6842F400721A6078E1FB68FB
:10DFE0001B8D022B1BD1FB681B681A68FB681B6822
:10DFF00022F480621A60FB681B681A68FB681B6861
:10E0000042F400621A600023BB61FB681B685B6915
:10E01000BB61FB681B689B69BB61BB6958E1FB681E
:10E020001B681A68FB681B6842F480621A60002350
:10E030007B61FB681B685B697B61FB681B689B6994
:10E040007B617B6944E1FB681B8D032B00F2F1804F
:10E05000FB681B8D012B23D17A6A396BF86800F0BD
:10E060004BFC0346002B01D0012345E1FB681B68F4
:10E070001A69FB685B6AD2B21A70FB685B6A5A1C49
:10E08000FB685A62FB681B8D013B9AB2FB681A85DC
:10E09000FB685B8D9BB2013B9AB2FB685A8517E126
:10E0A000FB681B8D022B4ED17B6A00933B6B0022D9
:10E0B0000649F86800F076FA0346002B08D00123E1
:10E0C0001AE100BF020010000000FFFF0400010081
:10E0D000FB681B681A68FB681B6842F400721A60D0
:10E0E000FB681B681A69FB685B6AD2B21A70FB682E
:10E0F0005B6A5A1CFB685A62FB681B8D013B9AB233
:10E10000FB681A85FB685B8D9BB2013B9AB2FB688A
:10E110005A85FB681B681A69FB685B6AD2B21A7081
:10E12000FB685B6A5A1CFB685A62FB681B8D013BEB
:10E130009AB2FB681A85FB685B8D9BB2013B9AB271
:10E14000FB685A85C4E07B6A00933B6B00226C49F4
:10E15000F86800F027FA0346002B01D00123CBE03A
:10E16000FB681B681A68FB681B6822F480621A60EF
:10E17000FB681B681A69FB685B6AD2B21A70FB689D
:10E180005B6A5A1CFB685A62FB681B8D013B9AB2A2
:10E19000FB681A85FB685B8D9BB2013B9AB2FB68FA
:10E1A0005A857B6A00933B6B00225549F86800F062
:10E1B000F9F90346002B01D001239DE0FB681B68A1
:10E1C0001A68FB681B6842F400721A60FB681B68DF
:10E1D0001A69FB685B6AD2B21A70FB685B6A5A1CE8
:10E1E000FB685A62FB681B8D013B9AB2FB681A857B
:10E1F000FB685B8D9BB2013B9AB2FB685A85FB685A
:10E200001B681A69FB685B6AD2B21A70FB685B6AAA
:10E210005A1CFB685A62FB681B8D013B9AB2FB6873
:10E220001A85FB685B8D9BB2013B9AB2FB685A85ED
:10E230004EE07A6A396BF86800F05EFB0346002B0B
:10E2400001D0012358E0FB681B681A69FB685B6A10
:10E25000D2B21A70FB685B6A5A1CFB685A62FB6890
:10E260001B8D013B9AB2FB681A85FB685B8D9BB2E4
:10E27000013B9AB2FB685A85FB681B685B6903F037
:10E280000403042B24D1FB681B8D032B07D1FB68EF
:10E290001B681A68FB681B6822F480621A60FB68BE
:10E2A0001B681A69FB685B6AD2B21A70FB685B6A0A
:10E2B0005A1CFB685A62FB681B8D013B9AB2FB68D3
:10E2C0001A85FB685B8D9BB2013B9AB2FB685A854D
:10E2D000FB681B8D002B7FF4B6AEFB68202283F811
:10E2E0003D20FB68002283F83E20FB68002283F873
:10E2F0003C20002300E0022318462837BD4680BD9D
:10E300000400010080B588B002AFF8607A603B601D
:10E310000B467B81FB68DB6A7B617B69082B06D03F
:10E320007B69012B03D07B6913F5803F08D1FB6823
:10E330001B681A68FB681B6842F480721A600BE065
:10E34000FB681B6B122B07D1FB681B681A68FB6804
:10E350001B6842F480721A603B6800937B6800225D
:10E360004FF00111F86800F01DF90346002B0DD0A5
:10E37000FB681B681B6803F48073B3F5807F03D1CF
:10E38000FB684FF400721A64032335E0FB681B69D5
:10E39000B3F5804F08D17B89DBB21A46FB681B6856
:10E3A00002F0FE021A611BE07B89DB11DBB203F095
:10E3B0000603DBB263F00F03DAB2FB681B681A6175
:10E3C0003B687A680E49F86800F066F90346002B4E
:10E3D00001D0012310E07B89DAB2FB681B681A6167
:10E3E0003B687A680749F86800F056F90346002B45
:10E3F00001D0012300E0002318461837BD4680BD38
:10E40000080001000200010080B588B002AFF8608A
:10E410007A603B600B467B81FB68DB6A7B61FB6853
:10E420001B681A68FB681B6842F480621A607B698B
:10E43000082B06D07B69012B03D07B6913F5803F45
:10E4400008D1FB681B681A68FB681B6842F480727D
:10E450001A600BE0FB681B6B112B07D1FB681B6874
:10E460001A68FB681B6842F480721A603B6800936C
:10E470007B6800224FF00111F86800F093F8034622
:10E48000002B0DD0FB681B681B6803F48073B3F589
:10E49000807F03D1FB684FF400721A64032379E094
:10E4A000FB681B69B3F5804F08D17B89DBB243F071
:10E4B0000103DAB2FB681B681A615FE07B89DB113C
:10E4C000DBB203F00603DBB263F00F03DAB2FB68E2
:10E4D0001B681A613B687A683049F86800F0DCF81C
:10E4E0000346002B01D0012354E07B89DAB2FB689C
:10E4F0001B681A613B687A682949F86800F0CCF813
:10E500000346002B01D0012344E000233B61FB685C
:10E510001B685B693B61FB681B689B693B613B69EE
:10E52000FB681B681A68FB681B6842F480721A60FB
:10E530003B6800937B6800224FF00111F86800F0FF
:10E5400031F80346002B0DD0FB681B681B6803F4F1
:10E550008073B3F5807F03D1FB684FF400721A64B7
:10E56000032317E07B89DB11DBB203F00603DBB288
:10E5700063F00E03DAB2FB681B681A613B687A68C5
:10E580000749F86800F088F80346002B01D0012302
:10E5900000E0002318461837BD4680BD0800010082
:10E5A0000200010080B584B000AFF860B9603B6044
:10E5B0001346FB7148E03B68B3F1FF3F44D0FDF7E1
:10E5C00057FF0246BB69D31A3A689A4202D33B68A6
:10E5D000002B39D1BB681B0CDBB2012B0DD1FB68C2
:10E5E0001B685B69DA43BB6813409BB2002B0CBF0E
:10E5F00001230023DBB21A460CE0FB681B689B6911
:10E60000DA43BB6813409BB2002B0CBF01230023ED
:10E61000DBB21A46FB799A4216D1FB6800221A63D4
:10E62000FB68202283F83D20FB68002283F83E200F
:10E63000FB681B6C43F02002FB681A64FB68002235
:10E6400083F83C20012323E0BB681B0CDBB2012BC9
:10E650000DD1FB681B685B69DA43BB6813409BB252
:10E66000002B0CBF01230023DBB21A460CE0FB6831
:10E670001B689B69DA43BB6813409BB2002B0CBF3D
:10E6800001230023DBB21A46FB799A4293D0002380
:10E6900018461037BD4680BD80B584B000AFF86025
:10E6A000B9607A603B6071E0FB681B685B6903F4EA
:10E6B0008063B3F5806F23D1FB681B681A68FB6821
:10E6C0001B6842F400721A60FB681B686FF480627A
:10E6D0005A61FB6800221A63FB68202283F83D2000
:10E6E000FB68002283F83E20FB681B6C43F00402A9
:10E6F000FB681A64FB68002283F83C20012367E072
:10E700007B68B3F1FF3F41D0FDF7B2FE02463B68A4
:10E71000D31A7A689A4202D37B68002B36D1BB6841
:10E720001B0CDBB2012B0CD1FB681B685B69DA4365
:10E73000BB6813409BB2002B14BF01230023DBB244
:10E740000BE0FB681B689B69DA43BB6813409BB214
:10E75000002B14BF01230023DBB2002B16D0FB6873
:10E7600000221A63FB68202283F83D20FB68002208
:10E7700083F83E20FB681B6C43F02002FB681A64A0
:10E78000FB68002283F83C20012321E0BB681B0CBE
:10E79000DBB2012B0CD1FB681B685B69DA43BB68F9
:10E7A00013409BB2002B14BF01230023DBB20BE00C
:10E7B000FB681B689B69DA43BB6813409BB2002B64
:10E7C00014BF01230023DBB2002B7FF46DAF0023C5
:10E7D00018461037BD4680BD80B584B000AFF860E4
:10E7E000B9607A6034E0F86800F0E3F80346002B83
:10E7F00001D0012334E0BB68B3F1FF3F28D0FDF71F
:10E8000037FE02467B68D31ABA689A4202D3BB68C5
:10E81000002B1DD1FB681B685B6903F08003802B14
:10E8200016D0FB6800221A63FB68202283F83D2083
:10E83000FB68002283F83E20FB681B6C43F020023B
:10E84000FB681A64FB68002283F83C20012307E080
:10E85000FB681B685B6903F08003802BC3D1002336
:10E8600018461037BD4680BD80B584B000AFF86053
:10E87000B9607A6034E0F86800F09BF80346002B3A
:10E8800001D0012334E0BB68B3F1FF3F28D0FDF78E
:10E89000EFFD02467B68D31ABA689A4202D3BB687E
:10E8A000002B1DD1FB681B685B6903F00403042B7C
:10E8B00016D0FB6800221A63FB68202283F83D20F3
:10E8C000FB68002283F83E20FB681B6C43F02002AB
:10E8D000FB681A64FB68002283F83C20012307E0F0
:10E8E000FB681B685B6903F00403042BC3D100239E
:10E8F00018461037BD4680BD80B584B000AFF860C3
:10E90000B9607A6049E0FB681B685B6903F010033B
:10E91000102B19D1FB681B686FF010025A61FB685D
:10E9200000221A63FB68202283F83D20FB68002246
:10E9300083F83E20FB681A6CFB681A64FB680022AF
:10E9400083F83C20012330E0FDF792FD02467B680E
:10E95000D31ABA689A4202D3BB68002B1DD1FB6858
:10E960001B685B6903F04003402B16D0FB68002254
:10E970001A63FB68202283F83D20FB68002283F89D
:10E980003E20FB681B6C43F02002FB681A64FB68A6
:10E99000002283F83C20012307E0FB681B685B69C9
:10E9A00003F04003402BAED1002318461037BD467C
:10E9B00080BD80B483B000AF78607B681B685B6902
:10E9C00003F48063B3F5806F1BD17B681B686FF421
:10E9D00080625A617B6800221A637B68202283F878
:10E9E0003D207B68002283F83E207B681B6C43F04F
:10E9F00004027B681A647B68002283F83C200123B0
:10EA000000E0002318460C37BD465DF8047B7047D4
:10EA100080B483B000AF786039607B6893F83D3094
:10EA2000DBB2202B29D17B68242283F83D207B6830
:10EA30001B681A687B681B6822F001021A607B68F9
:10EA40001B685A6A7B681B6822F010025A627B6856
:10EA50001B68596A7B681B683A680A435A627B687C
:10EA60001B681A687B681B6842F001021A607B68A9
:10EA7000202283F83D20002300E0022318460C37B3
:10EA8000BD465DF8047B704780B485B000AF786008
:10EA900039600023FB817B6893F83D30DBB2202B8B
:10EAA0002AD17B68242283F83D207B681B681A6882
:10EAB0007B681B6822F001021A607B681B685B6A36
:10EAC000FB81FB8923F00F03FB813B689AB2FB8932
:10EAD0001343FB817B681B68FA895A627B681B6859
:10EAE0001A687B681B6842F001021A607B6820226A
:10EAF00083F83D20002300E0022318461437BD466A
:10EB00005DF8047B7047000080B582B000AF002341
:10EB10007B6000233B60204B1B6C1F4A43F08053FB
:10EB200013641D4B1B6C03F080533B603B681B4B15
:10EB300001221A60FDF79CFC786009E0FDF798FC63
:10EB400002467B68D31AB3F57A7F01D903231FE00D
:10EB5000134B5B6803F48033B3F5803FEED1114B68
:10EB600001221A60FDF784FC786009E0FDF780FC63
:10EB700002467B68D31AB3F57A7F01D9032307E0F5
:10EB8000074B5B6803F40033B3F5003FEED100237D
:10EB900018460837BD4680BD0038024040000E428E
:10EBA0000070004044000E4280B586B000AF78602F
:10EBB0007B68002B01D1012367E27B681B6803F0AF
:10EBC0000103002B75D0884B9B6803F00C03042BCA
:10EBD0000CD0854B9B6803F00C03082B12D1824BA1
:10EBE0005B6803F48003B3F5800F0BD17E4B1B6889
:10EBF00003F40033002B5BD07B685B68002B57D19C
:10EC0000012342E27B685B68B3F5803F06D1764B17
:10EC10001B68754A43F4803313601DE07B685B68B2
:10EC2000B3F5A02F0CD1704B1B686F4A43F48023BF
:10EC300013606D4B1B686C4A43F4803313600BE028
:10EC4000694B1B68684A23F480331360664B1B686A
:10EC5000654A23F4802313607B685B68002B13D024
:10EC6000FDF706FC386108E0FDF702FC02463B694F
:10EC7000D31A642B01D9032307E25B4B1B6803F40F
:10EC80000033002BF0D014E0FDF7F2FB386108E010
:10EC9000FDF7EEFB02463B69D31A642B01D903232F
:10ECA000F3E1514B1B6803F40033002BF0D100E07B
:10ECB00000BF7B681B6803F00203002B63D04A4B44
:10ECC0009B6803F00C03002B0BD0474B9B6803F0B1
:10ECD0000C03082B1CD1444B5B6803F48003002B0E
:10ECE00016D1414B1B6803F00203002B05D07B6853
:10ECF000DB68012B01D00123C7E13B4B1B6823F0EC
:10ED0000F8027B681B69DB00374913430B603AE06C
:10ED10007B68DB68002B20D0344B01221A60FDF7A2
:10ED2000A7FB386108E0FDF7A3FB02463B69D31A55
:10ED3000022B01D90323A8E12B4B1B6803F002032C
:10ED4000002BF0D0284B1B6823F0F8027B681B696E
:10ED5000DB00254913430B6015E0244B00221A60A9
:10ED6000FDF786FB386108E0FDF782FB02463B6950
:10ED7000D31A022B01D9032387E11B4B1B6803F035
:10ED80000203002BF0D17B681B6803F00803002B03
:10ED900036D07B685B69002B16D0154B01221A60B8
:10EDA000FDF766FB386108E0FDF762FB02463B6950
:10EDB000D31A022B01D9032367E10B4B5B6F03F0DE
:10EDC0000203002BF0D01BE0094B00221A60FDF774
:10EDD0004FFB38610EE0FDF74BFB02463B69D31A4F
:10EDE000022B07D9032350E10038024000004742BC
:10EDF000800E4742884B5B6F03F00203002BEAD181
:10EE00007B681B6803F00403002B00F0978000234D
:10EE1000FB75814B1B6C03F08053002B0FD100233B
:10EE2000BB607D4B1B6C7C4A43F0805313647A4B70
:10EE30001B6C03F08053BB60BB680123FB75774BF1
:10EE40001B6803F48073002B18D1744B1B68734A42
:10EE500043F480731360FDF70BFB386108E0FDF7A6
:10EE600007FB02463B69D31A022B01D903230CE1AD
:10EE70006A4B1B6803F48073002BF0D07B689B689F
:10EE8000012B06D1644B1B6F634A43F001031367E8
:10EE90001CE07B689B68052B0CD15F4B1B6F5E4AA7
:10EEA00043F0040313675C4B1B6F5B4A43F00103A1
:10EEB00013670BE0584B1B6F574A23F0010313678E
:10EEC000554B1B6F544A23F0040313677B689B6800
:10EED000002B15D0FDF7CCFA38610AE0FDF7C8FA2F
:10EEE00002463B69D31A41F28832934201D9032387
:10EEF000CBE0494B1B6F03F00203002BEED014E074
:10EF0000FDF7B6FA38610AE0FDF7B2FA02463B694E
:10EF1000D31A41F28832934201D90323B5E03E4B24
:10EF20001B6F03F00203002BEED1FB7D012B05D1FB
:10EF3000394B1B6C384A23F0805313647B689B6900
:10EF4000002B00F0A180344B9B6803F00C03082BCE
:10EF50005CD07B689B69022B41D1314B00221A6047
:10EF6000FDF786FA386108E0FDF782FA02463B6950
:10EF7000D31A022B01D9032387E0274B1B6803F028
:10EF80000073002BF0D17B68DA697B681B6A1A4337
:10EF90007B685B6A9B011A437B689B6A5B08013B49
:10EFA0001B041A437B68DB6A1B061B4913434B6037
:10EFB0001B4B01221A60FDF75BFA386108E0FDF790
:10EFC00057FA02463B69D31A022B01D903235CE0AE
:10EFD000114B1B6803F00073002BF0D054E0104B72
:10EFE00000221A60FDF744FA386108E0FDF740FAA4
:10EFF00002463B69D31A022B01D9032345E0064B95
:10F000001B6803F00073002BF0D13DE07B689B6927
:10F01000012B07D1012338E0003802400070004086
:10F02000600047421B4B5B68FB607B689B69012B60
:10F0300028D0FB6803F480027B68DB699A4221D107
:10F04000FB6803F03F027B681B6A9A421AD1FA6898
:10F0500047F6C07313407A68526A9201934211D105
:10F06000FB6803F440327B689B6A5B08013B1B042E
:10F070009A4207D1FB6803F070627B68DB6A1B066B
:10F080009A4201D0012300E0002318461837BD46FC
:10F0900080BD00BF0038024080B584B000AF78600A
:10F0A00039607B68002B01D10123CCE0684B1B68E1
:10F0B00003F00F033A689A420CD9654B3A68D2B212
:10F0C0001A70634B1B6803F00F033A689A4201D031
:10F0D0000123B8E07B681B6803F00203002B20D0FB
:10F0E0007B681B6803F00403002B05D0594B9B6819
:10F0F000584A43F4E05393607B681B6803F00803AD
:10F10000002B05D0534B9B68524A43F460439360F5
:10F11000504B9B6823F0F0027B689B684D4913437A
:10F120008B607B681B6803F00103002B44D07B6875
:10F130005B68012B07D1474B1B6803F40033002B9E
:10F1400019D101237FE07B685B68022B03D07B68C9
:10F150005B68032B07D13F4B1B6803F00073002B48
:10F1600009D101236FE03B4B1B6803F00203002B26
:10F1700001D1012367E0374B9B6823F003027B68D2
:10F180005B68344913438B60FDF772F9F8600AE05D
:10F19000FDF76EF90246FB68D31A41F288329342BA
:10F1A00001D903234FE02B4B9B6803F00C027B68D3
:10F1B0005B689B009A42EBD1254B1B6803F00F0361
:10F1C0003A689A420CD2224B3A68D2B21A70204B5B
:10F1D0001B6803F00F033A689A4201D0012332E022
:10F1E0007B681B6803F00403002B08D0194B9B6855
:10F1F00023F4E0527B68DB68164913438B607B681D
:10F200001B6803F00803002B09D0124B9B6823F402
:10F2100060427B681B69DB000E4913438B6000F082
:10F2200021F802460B4B9B681B0903F00F030A49A8
:10F23000CB5C22FA03F3094A1360094B1B6818469A
:10F24000FBF7CAF8002318461037BD4680BD00BF43
:10F25000003C024000380240B0E201087400002087
:10F26000D00000202DE9B04F94B000AF00237B64A4
:10F270000023FB6400233B640023BB64794B9B6841
:10F2800003F00C03082B0DD0082B00F2E180002BBB
:10F2900002D0042B03D0DBE0734BBB64DBE0734B89
:10F2A000BB64D8E06F4B5B6803F03F037B646D4B3E
:10F2B0005B6803F48003002B63D06A4B5B689B0997
:10F2C0000022BB63FA63BB6BC3F308033B630023F9
:10F2D0007B63D7E90C4522462B464FF000004FF0E8
:10F2E0000001590141EAD261500102460B46214614
:10F2F000511A3961294663EB01037B614FF000022B
:10F300004FF00003D7E904AB59468B01514643EA5D
:10F31000916351468A015146B2EB0108594663EBAD
:10F3200001094FF000024FF000034FEAC90343EA1E
:10F3300058734FEAC80290469946234618EB0303D8
:10F34000BB602B4649EB0303FB604FF000024FF01C
:10F350000003D7E9024529464B02214643EAD1532F
:10F3600021464A02104619467B6C0022BB62FA62B3
:10F37000D7E90A23F1F798FC02460B461346FB64D3
:10F3800058E0384B5B689B09002218461146C0F3D1
:10F3900008033B6200237B62D7E9088942464B465B
:10F3A0004FF000004FF00001590141EAD2615001D5
:10F3B00002460B464146B2EB010A494663EB010B9C
:10F3C0004FF000024FF000034FEA8B1343EA9A63B9
:10F3D0004FEA8A12B2EB0A0463EB0B054FF000020E
:10F3E0004FF00003EB0043EA5473E20014461D465D
:10F3F0004346E3183B604B4645EB03037B604FF00D
:10F4000000024FF00003D7E9004529468B02214650
:10F4100043EA915321468A02104619467B6C00222A
:10F42000BB61FA61D7E90623F1F73EFC02460B46C1
:10F430001346FB640B4B5B681B0C03F003030133A7
:10F440005B003B64FA6C3B6CB2FBF3F3BB6402E021
:10F45000054BBB6400BFBB6C18465037BD46BDE8CA
:10F46000B08F00BF003802400024F40000127A0080
:10F4700080B400AF034B1B681846BD465DF8047BA3
:10F48000704700BF7400002080B500AFFFF7F0FFA9
:10F490000246054B9B689B0A03F007030349CB5CBC
:10F4A00022FA03F3184680BD00380240C0E201088A
:10F4B00080B500AFFFF7DCFF0246054B9B685B0B96
:10F4C00003F007030349CB5C22FA03F3184680BD1F
:10F4D00000380240C0E2010880B483B000AF786019
:10F4E00039607B680F221A60124B9B6803F003029D
:10F4F0007B685A600F4B9B6803F0F0027B689A6050
:10F500000C4B9B6803F4E0527B68DA60094B9B6804
:10F51000DB0803F4E0527B681A61074B1B6803F0B9
:10F520000F023B681A6000BF0C37BD465DF8047BD4
:10F53000704700BF00380240003C024080B582B0F6
:10F5400000AF78607B68002B01D101231CE07B6851
:10F550005B79DBB2002B05D17B6800221A717868D9
:10F56000FAF76EFE7B6802225A717B681B681A6884
:10F570007B681B6842F004021A607B6801225A71A2
:10F580007B6800229A60002318460837BD4680BD7C
:10F5900080B584B000AF786039600023FB737B686E
:10F5A0001B79012B01D1022344E07B6801221A71EF
:10F5B0007B685B79DBB2012B33D17B6802225A7105
:10F5C000FCF756FFB86018E0FCF752FF0246BB6834
:10F5D000D31A022B11D97B681B685B6803F0010307
:10F5E000012B0AD07B6801225A717B6802229A6043
:10F5F0007B6800221A7101231CE07B681B685B6832
:10F6000003F00103012BDFD17B681B689A687B68DC
:10F61000DA607B68DA683B681A607B6801225A719D
:10F6200004E07B6804229A600123FB737B6800225C
:10F630001A71FB7B18461037BD4680BD80B582B07D
:10F6400000AF78607B68002B01D101237BE07B68F1
:10F650005B6A002B08D17B685B68B3F5827F09D0B9
:10F660007B680022DA6105E07B6800221A617B6812
:10F6700000225A617B6800229A627B6893F85130BD
:10F68000DBB2002B06D17B68002283F8502078681B
:10F69000FAF72EFE7B68022283F851207B681B68F4
:10F6A0001A687B681B6822F040021A607B685B68FE
:10F6B00003F482727B689B6803F404431A437B68FB
:10F6C000DB6803F400631A437B681B6903F00203E1
:10F6D0001A437B685B6903F001031A437B689B69EB
:10F6E00003F400731A437B68DB6903F038031A43A1
:10F6F0007B681B6A03F0800342EA03017B689B6A14
:10F7000003F400527B681B680A431A607B689B699C
:10F710001B0C03F004017B685B6A03F010027B683A
:10F720001B680A435A607B681B68DA697B681B6840
:10F7300022F40062DA617B6800225A657B6801224C
:10F7400083F85120002318460837BD4680BD80B598
:10F7500088B000AFF860B9603B601346FB800023BF
:10F76000FB77FB6893F85030012B01D102232DE188
:10F77000FB68012283F85020FCF77AFEB861FB8811
:10F78000FB82FB6893F85130DBB2012B02D00223DD
:10F79000FB7716E1BB68002B02D0FB88002B02D15F
:10F7A0000123FB770DE1FB68032283F85120FB68FE
:10F7B00000225A65FB68BA681A63FB68FA889A8661
:10F7C000FB68FA88DA86FB6800229A63FB680022ED
:10F7D0009A87FB680022DA87FB6800225A64FB687C
:10F7E00000221A64FB689B68B3F5004F0FD1FB68D9
:10F7F0001B681A68FB681B6822F040021A60FB68ED
:10F800001B681A68FB681B6842F480421A60FB6838
:10F810001B681B6803F04003402B07D0FB681B6884
:10F820001A68FB681B6842F040021A60FB68DB68DC
:10F83000B3F5006F4FD1FB685B68002B02D0FB8AE9
:10F84000012B42D1FB681B6B1A88FB681B68DA60CE
:10F85000FB681B6B9A1CFB681A63FB68DB8E9BB210
:10F86000013B9AB2FB68DA862FE0FB681B689B6855
:10F8700003F00203022B12D1FB681B6B1A88FB6892
:10F880001B68DA60FB681B6B9A1CFB681A63FB68D9
:10F89000DB8E9BB2013B9AB2FB68DA8615E0FCF77F
:10F8A000E7FD0246BB69D31A3A689A4203D83B681F
:10F8B000B3F1FF3F02D13B68002B06D10323FB7756
:10F8C000FB68012283F851207BE0FB68DB8E9BB252
:10F8D000002BCAD150E0FB685B68002B02D0FB8A8A
:10F8E000012B44D1FB681A6BFB681B680C33127840
:10F8F0001A70FB681B6B5A1CFB681A63FB68DB8E73
:10F900009BB2013B9AB2FB68DA8630E0FB681B6869
:10F910009B6803F00203022B13D1FB681A6BFB6890
:10F920001B680C3312781A70FB681B6B5A1CFB683F
:10F930001A63FB68DB8E9BB2013B9AB2FB68DA86E6
:10F9400015E0FCF795FD0246BB69D31A3A689A4266
:10F9500003D83B68B3F1FF3F02D13B68002B06D1CF
:10F960000323FB77FB68012283F8512029E0FB6821
:10F97000DB8E9BB2002BC9D1BA693968F86800F0F8
:10F98000DFFB0346002B02D0FB6820225A65FB6890
:10F990009B68002B0AD100233B61FB681B68DB6876
:10F9A0003B61FB681B689B683B613B69FB685B6D67
:10F9B000002B02D00123FB7703E0FB68012283F8D0
:10F9C0005120FB68002283F85020FB7F1846203727
:10F9D000BD4680BD80B588B002AFF860B9603B60BD
:10F9E0001346FB800023FB75FB6893F85130DBB2B4
:10F9F000012B02D00223FB75FBE0FB685B68B3F5CB
:10FA0000827F12D1FB689B68002B0ED1FB68042219
:10FA100083F85120FA883B6800931346BA68B968A6
:10FA2000F86800F0EFF80346E8E0FB6893F8503020
:10FA3000012B01D10223E1E0FB68012283F8502071
:10FA4000FCF716FD3861BB68002B02D0FB88002B49
:10FA500002D10123FB75CCE0FB68042283F851201E
:10FA6000FB6800225A65FB68BA689A63FB68FA88EB
:10FA70009A87FB68FA88DA87FB6800221A63FB68BA
:10FA800000229A86FB680022DA86FB6800221A644C
:10FA9000FB6800225A64FB689B68B3F5004F0FD1E6
:10FAA000FB681B681A68FB681B6822F040021A603A
:10FAB000FB681B681A68FB681B6822F480421A60A6
:10FAC000FB681B681B6803F04003402B07D0FB68F2
:10FAD0001B681A68FB681B6842F040021A60FB68EA
:10FAE000DB68002B6AD132E0FB681B689B6803F07F
:10FAF0000103012B15D1FB681B6803F10C02FB68A5
:10FB00009B6B1278D2B21A70FB689B6B5A1CFB6815
:10FB10009A63FB68DB8F9BB2013B9AB2FB68DA8782
:10FB200015E0FCF7A5FC02463B69D31A3A689A42F5
:10FB300003D83B68B3F1FF3F02D13B68002B06D1ED
:10FB40000323FB75FB68012283F8512051E0FB6819
:10FB5000DB8F9BB2002BC7D135E0FB681B689B682D
:10FB600003F00103012B13D1FB681B68DA68FB6803
:10FB70009B6B92B21A80FB689B6B9A1CFB689A6322
:10FB8000FB68DB8F9BB2013B9AB2FB68DA8715E01A
:10FB9000FCF76EFC02463B69D31A3A689A4203D8D6
:10FBA0003B68B3F1FF3F02D13B68002B06D1032332
:10FBB000FB75FB68012283F851201AE0FB68DB8F9C
:10FBC0009BB2002BC9D13A693968F86800F052FA43
:10FBD0000346002B02D0FB6820225A65FB685B6D50
:10FBE000002B02D00123FB7503E0FB68012283F8A0
:10FBF0005120FB68002283F85020FB7D18461837FF
:10FC0000BD4680BD80B58CB000AFF860B9607A6049
:10FC10007B800123FB62002387F82B30FB6893F87D
:10FC20005030012B01D1022398E1FB68012283F8B7
:10FC30005020FCF71DFC7862FB6893F8513087F880
:10FC40002330FB685B68FB617B887B8397F82330FC
:10FC5000012B0FD0FB69B3F5827F07D1FB689B684E
:10FC6000002B03D197F82330042B03D0022387F80D
:10FC70002B306DE1BB68002B05D07B68002B02D0D8
:10FC80007B88002B03D1012387F82B3060E1FB68D0
:10FC900093F85130DBB2042B03D0FB68052283F8C4
:10FCA0005120FB6800225A65FB687A689A63FB68FA
:10FCB0007A88DA87FB687A889A87FB68BA681A6359
:10FCC000FB687A88DA86FB687A889A86FB68002265
:10FCD0001A64FB6800225A64FB681B681B6803F007
:10FCE0004003402B07D0FB681B681A68FB681B6841
:10FCF00042F040021A60FB68DB68B3F5006F7CD10C
:10FD0000FB685B68002B02D07B8B012B6AD1FB6800
:10FD10001B6B1A88FB681B68DA60FB681B6B9A1CFC
:10FD2000FB681A63FB68DB8E9BB2013B9AB2FB68EF
:10FD3000DA8657E0FB681B689B6803F00203022B1E
:10FD40001BD1FB68DB8E9BB2002B16D0FB6A012B0C
:10FD500013D1FB681B6B1A88FB681B68DA60FB68B1
:10FD60001B6B9A1CFB681A63FB68DB8E9BB2013B22
:10FD70009AB2FB68DA860023FB62FB681B689B680B
:10FD800003F00103012B19D1FB68DB8F9BB2002B21
:10FD900014D0FB681B68DA68FB689B6B92B21A8010
:10FDA000FB689B6B9A1CFB689A63FB68DB8F9BB2BA
:10FDB000013B9AB2FB68DA870123FB62FCF758FB30
:10FDC00002467B6AD31ABA6B9A420BD8BB6BB3F16B
:10FDD000FF3F07D0032387F82B30FB68012283F80D
:10FDE0005120B5E0FB68DB8E9BB2002BA2D1FB68F3
:10FDF000DB8F9BB2002B9DD180E0FB685B68002B02
:10FE000002D07B8B012B6FD1FB681A6BFB681B68E0
:10FE10000C3312781A70FB681B6B5A1CFB681A6350
:10FE2000FB68DB8E9BB2013B9AB2FB68DA865BE033
:10FE3000FB681B689B6803F00203022B1CD1FB6864
:10FE4000DB8E9BB2002B17D0FB6A012B14D1FB6811
:10FE50001A6BFB681B680C3312781A70FB681B6BFB
:10FE60005A1CFB681A63FB68DB8E9BB2013B9AB29B
:10FE7000FB68DA860023FB62FB681B689B6803F063
:10FE80000103012B19D1FB68DB8F9BB2002B14D02F
:10FE9000FB681B68DA68FB689B6BD2B21A70FB6860
:10FEA0009B6B5A1CFB689A63FB68DB8F9BB2013B20
:10FEB0009AB2FB68DA870123FB62FCF7D9FA0246A3
:10FEC0007B6AD31ABA6B9A4203D8BB6BB3F1FF3F7C
:10FED00002D1BB6B002B07D1032387F82B30FB68C3
:10FEE000012283F8512033E0FB68DB8E9BB2002BAC
:10FEF0009ED1FB68DB8F9BB2002B99D17A6AB96BDC
:10FF0000F86800F01DF90346002B06D0012387F89E
:10FF10002B30FB6820225A651AE0FB689B68002B97
:10FF20000AD100237B61FB681B68DB687B61FB688F
:10FF30001B689B687B617B69FB685B6D002B03D052
:10FF4000012387F82B3003E0FB68012283F851205E
:10FF5000FB68002283F8502097F82B301846303782
:10FF6000BD4680BD80B588B000AFF860B9603B6029
:10FF70001346FB71FCF77CFA0246BB6A9B1A3A688F
:10FF80001344FB61FCF774FAB861394B1B685B01E1
:10FF90001B0DFA6902FB03F37B6154E03B68B3F18C
:10FFA000FF3F50D0FCF764FA0246BB69D31AFA69E6
:10FFB0009A4202D9FB69002B3DD1FB681B685A6845
:10FFC000FB681B6822F0E0025A60FB685B68B3F5CF
:10FFD000827F11D1FB689B68B3F5004F04D0FB68AA
:10FFE0009B68B3F5806F07D1FB681B681A68FB68D4
:10FFF0001B6822F040021A60FB689B6AB3F5005F41
:020000040801F1
:100000000FD1FB681B681A68FB681B6822F400525A
:100010001A60FB681B681A68FB681B6842F4005290
:100020001A60FB68012283F85120FB68002283F8E4
:100030005020032317E07B69002B01D10023FB61D3
:100040007B69013B7B61FB681B689A68BB68134056
:10005000BA689A420CBF01230023DBB21A46FB792F
:100060009A429BD1002318462037BD4680BD00BF71
:100070007400002080B586B002AFF860B9607A6085
:10008000FB685B68B3F5827F11D1FB689B68B3F5B1
:10009000004F04D0FB689B68B3F5806F07D1FB6805
:1000A0001B681A68FB681B6822F040021A60FB6834
:1000B0005B68B3F5827F2AD1FB689B68B3F5806FDC
:1000C00012D07B680093BB6800228021F868FFF79C
:1000D00049FF0346002B2DD0FB685B6D43F02002E7
:1000E000FB685A65032326E07B680093BB68002207
:1000F0000121F868FFF736FF0346002B1AD0FB6892
:100100005B6D43F02002FB685A65032313E07B68B4
:100110000093BB6800220121F868FFF723FF034624
:10012000002B07D0FB685B6D43F02002FB685A652B
:10013000032300E0002318461037BD4680BD0000B1
:1001400080B588B002AFF860B9607A607B680093D0
:10015000BB6801220221F868FFF704FF0346002B69
:1001600007D0FB685B6D43F02002FB685A650323F0
:1001700032E01B4B1B681B4AA2FB03235B0D4FF4B1
:100180007A7202FB03F37B61FB685B68B3F5827FE5
:1001900012D17B680093BB6800228021F868FFF7CA
:1001A000E1FE0346002B16D0FB685B6D43F0200296
:1001B000FB685A6503230FE07B69002B0AD07B693B
:1001C000013B7B61FB681B689B6803F08003802B0D
:1001D000F2D000E000BF002318461837BD4680BDAE
:1001E00074000020819F5E1680B582B000AF7860F9
:1001F0007B68002B01D1012341E07B6893F83D30FF
:10020000DBB2002B06D17B68002283F83C207868A3
:10021000FAF76CFC7B68022283F83D207B681A6841
:100220007B6804331946104600F090FC7B6801227D
:1002300083F846207B68012283F83E207B680122F8
:1002400083F83F207B68012283F840207B680122ED
:1002500083F841207B68012283F842207B680122D9
:1002600083F843207B68012283F844207B680122C5
:1002700083F845207B68012283F83D20002318463F
:100280000837BD4680BD000080B485B000AF7860FF
:100290007B6893F83D30DBB2012B01D001234EE0A7
:1002A0007B68022283F83D207B681B68DA687B68E4
:1002B0001B6842F00102DA607B681B68234A9342A4
:1002C00022D07B681B68B3F1804F1DD07B681B6810
:1002D0001F4A934218D07B681B681E4A934213D072
:1002E0007B681B681C4A93420ED07B681B681B4AC4
:1002F000934209D07B681B68194A934204D07B68FB
:100300001B68184A934211D17B681B689B6803F0F5
:100310000703FB60FB68062B10D07B681B681A681C
:100320007B681B6842F001021A6007E07B681B686B
:100330001A687B681B6842F001021A6000231846A5
:100340001437BD465DF8047B704700BF00000140D4
:100350000004004000080040000C00400004014080
:10036000004001400018004080B483B000AF7860C6
:100370007B681B68DA687B681B6822F00102DA6020
:100380007B681B681A6A41F211131340002B0FD1CE
:100390007B681B681A6A40F244431340002B07D164
:1003A0007B681B681A687B681B6822F001021A6070
:1003B0007B68012283F83D20002318460C37BD4698
:1003C0005DF8047B704780B582B000AF78607B68D1
:1003D000002B01D1012341E07B6893F83D30DBB273
:1003E000002B06D17B68002283F83C20786800F05F
:1003F00039F87B68022283F83D207B681A687B68A5
:1004000004331946104600F0A1FB7B68012283F8F3
:1004100046207B68012283F83E207B68012283F816
:100420003F207B68012283F840207B68012283F80B
:1004300041207B68012283F842207B68012283F8F7
:1004400043207B68012283F844207B68012283F8E3
:1004500045207B68012283F83D2000231846083799
:10046000BD4680BD80B483B000AF786000BF0C375C
:10047000BD465DF8047B704780B584B000AF7860FE
:1004800039603B68002B09D17B6893F83E30DBB2C2
:10049000012B14BF01230023DBB222E03B68042BB5
:1004A00009D17B6893F83F30DBB2012B14BF0123E5
:1004B0000023DBB215E03B68082B09D17B6893F879
:1004C0004030DBB2012B14BF01230023DBB208E074
:1004D0007B6893F84130DBB2012B14BF012300236A
:1004E000DBB2002B01D001237CE03B68002B04D160
:1004F0007B68022283F83E2013E03B68042B04D182
:100500007B68022283F83F200BE03B68082B04D174
:100510007B68022283F8402003E07B68022283F894
:1005200041207B681B6801223968184600F004FEF0
:100530007B681B682D4A934204D07B681B682C4A59
:10054000934201D1012300E00023002B07D07B68F8
:100550001B685A6C7B681B6842F400425A647B68D3
:100560001B68224A934222D07B681B68B3F1804FFC
:100570001DD07B681B681F4A934218D07B681B689C
:100580001D4A934213D07B681B681C4A93420ED0CD
:100590007B681B68164A934209D07B681B68184A1F
:1005A000934204D07B681B68164A934211D17B6842
:1005B0001B689B6803F00703FB60FB68062B10D0E9
:1005C0007B681B681A687B681B6842F001021A602E
:1005D00007E07B681B681A687B681B6842F00102B1
:1005E0001A60002318461037BD4680BD0000014048
:1005F000000401400004004000080040000C0040DE
:10060000004001400018004080B584B000AF786021
:100610007B681B68DB68FB607B681B681B69BB60D1
:10062000BB6803F00203002B20D0FB6803F0020339
:10063000002B1BD07B681B686FF002021A617B687D
:1006400001221A777B681B689B6903F00303002B68
:1006500003D0786800F05BFA05E0786800F04DFAA6
:10066000786800F05EFA7B6800221A77BB6803F0B6
:100670000403002B20D0FB6803F00403002B1BD0E5
:100680007B681B686FF004021A617B6802221A778C
:100690007B681B689B6903F44073002B03D0786868
:1006A00000F035FA05E0786800F027FA786800F085
:1006B00038FA7B6800221A77BB6803F00803002B26
:1006C00020D0FB6803F00803002B1BD07B681B685D
:1006D0006FF008021A617B6804221A777B681B6836
:1006E000DB6903F00303002B03D0786800F00FFAF6
:1006F00005E0786800F001FA786800F012FA7B688B
:1007000000221A77BB6803F01003002B20D0FB688F
:1007100003F01003002B1BD07B681B686FF01002E6
:100720001A617B6808221A777B681B68DB6903F40F
:100730004073002B03D0786800F0E9F905E0786891
:1007400000F0DBF9786800F0ECF97B6800221A779A
:10075000BB6803F00103002B0CD0FB6803F001031E
:10076000002B07D07B681B686FF001021A61786864
:10077000F9F7F4FCBB6803F08003002B0CD0FB6896
:1007800003F08003002B07D07B681B686FF08002AA
:100790001A61786800F07CFDBB6803F04003002B11
:1007A0000CD0FB6803F04003002B07D07B681B686C
:1007B0006FF040021A61786800F0BDF9BB6803F081
:1007C0002003002B0CD0FB6803F02003002B07D084
:1007D0007B681B686FF020021A61786800F04EFD9C
:1007E00000BF1037BD4680BD80B586B000AFF86051
:1007F000B9607A600023FB75FB6893F83C30012BED
:1008000001D10223AEE0FB68012283F83C207B6823
:100810000C2B00F29F8001A252F823F0510801082E
:1008200055090108550901085509010891080108F1
:10083000550901085509010855090108D30801089F
:10084000550901085509010855090108130901084E
:10085000FB681B68B968184600F024FAFB681B683F
:100860009A69FB681B6842F008029A61FB681B6882
:100870009A69FB681B6822F004029A61FB681B6896
:100880009969BB681A69FB681B680A439A6164E04E
:10089000FB681B68B968184600F074FAFB681B68AF
:1008A0009A69FB681B6842F400629A61FB681B68E6
:1008B0009A69FB681B6822F480629A61FB681B6876
:1008C0009969BB681B691A02FB681B680A439A6135
:1008D00043E0FB681B68B968184600F0C9FAFB687A
:1008E0001B68DA69FB681B6842F00802DA61FB6882
:1008F0001B68DA69FB681B6822F00402DA61FB6896
:100900001B68D969BB681A69FB681B680A43DA610E
:1009100023E0FB681B68B968184600F01DFBFB6804
:100920001B68DA69FB681B6842F40062DA61FB68E5
:100930001B68DA69FB681B6822F48062DA61FB6875
:100940001B68D969BB681B691A02FB681B680A43EC
:10095000DA6102E00123FB7500BFFB68002283F827
:100960003C20FB7D18461837BD4680BD80B584B05D
:1009700000AF786039600023FB737B6893F83C30EC
:10098000012B01D10223B4E07B68012283F83C20D3
:100990007B68022283F83D207B681B689B68BB60F4
:1009A000BB6823F07703BB60BB6823F47F43BB6065
:1009B0007B681B68BA689A603B681B68B3F5005F88
:1009C0003ED0B3F5005F00F28780B3F5805F00F0A2
:1009D0008680B3F5805F7FD8702B1AD0702B7BD8C0
:1009E000602B50D0602B77D8502B3CD0502B73D835
:1009F000402B58D0402B6FD8302B64D0302B6BD885
:100A0000202B60D0202B67D8002B5CD0102B5AD025
:100A100062E07B6818683B6899683B685A683B6885
:100A2000DB6800F069FB7B681B689B68BB60BB6888
:100A300043F07703BB607B681B68BA689A604FE03D
:100A40007B6818683B6899683B685A683B68DB6854
:100A500000F052FB7B681B689A687B681B6842F455
:100A600080429A603CE07B6818683B6859683B6844
:100A7000DB681A4600F0C6FA7B681B6850211846EE
:100A800000F01FFB2CE07B6818683B6859683B68E6
:100A9000DB681A4600F0E5FA7B681B68602118469F
:100AA00000F00FFB1CE07B6818683B6859683B68E6
:100AB000DB681A4600F0A6FA7B681B6840211846DE
:100AC00000F0FFFA0CE07B681A683B681B68194667
:100AD000104600F0F6FA03E00123FB7300E000BFCC
:100AE0007B68012283F83D207B68002283F83C204C
:100AF000FB7B18461037BD4680BD80B483B000AF85
:100B0000786000BF0C37BD465DF8047B704780B449
:100B100083B000AF786000BF0C37BD465DF8047B42
:100B2000704780B483B000AF786000BF0C37BD461B
:100B30005DF8047B704780B483B000AF786000BF7D
:100B40000C37BD465DF8047B7047000080B485B06B
:100B500000AF786039607B681B68FB607B68464A41
:100B6000934213D07B68B3F1804F0FD07B68434A28
:100B700093420BD07B68424A934207D07B68414A3C
:100B8000934203D07B68404A934208D1FB6823F02C
:100B90007003FB603B685B68FA681343FB607B682B
:100BA000354A93422BD07B68B3F1804F27D07B68C6
:100BB000324A934223D07B68314A93421FD07B68EC
:100BC000304A93421BD07B682F4A934217D07B68F0
:100BD0002E4A934213D07B682D4A93420FD07B68F4
:100BE0002C4A93420BD07B682B4A934207D07B68F8
:100BF0002A4A934203D07B68294A934208D1FB6872
:100C000023F44073FB603B68DB68FA681343FB60C6
:100C1000FB6823F080023B685B691343FB607B68E1
:100C2000FA681A603B689A687B68DA623B681A68FF
:100C30007B689A627B68104A934203D07B68124AB1
:100C4000934203D13B681A697B681A637B6801226F
:100C50005A617B681B6903F00103012B05D17B6896
:100C60001B6923F001027B681A6100BF1437BD467F
:100C70005DF8047B704700BF0000014000040040A5
:100C800000080040000C004000040140004001400A
:100C9000004401400048014000180040001C004092
:100CA0000020004080B487B000AF786039607B6876
:100CB0001B6A7B617B681B6A23F001027B681A62F6
:100CC0007B685B683B617B689B69FB60FB6823F02A
:100CD0007003FB60FB6823F00303FB603B681B6849
:100CE000FA681343FB607B6923F002037B613B6876
:100CF0009B687A6913437B617B68204A934203D0E7
:100D00007B681F4A93420CD17B6923F008037B6107
:100D10003B68DB687A6913437B617B6923F00403DA
:100D20007B617B68154A934203D07B68144A9342E7
:100D300011D13B6923F480733B613B6923F4007359
:100D40003B613B685B693A6913433B613B689B6964
:100D50003A6913433B617B683A695A607B68FA6879
:100D60009A613B685A687B685A637B687A691A6241
:100D700000BF1C37BD465DF8047B70470000014092
:100D80000004014080B487B000AF786039607B68B0
:100D90001B6A7B617B681B6A23F010027B681A6206
:100DA0007B685B683B617B689B69FB60FB6823F445
:100DB000E043FB60FB6823F44073FB603B681B6807
:100DC0001B02FA681343FB607B6923F020037B61FD
:100DD0003B689B681B017A6913437B617B68224AED
:100DE000934203D07B68214A93420DD17B6923F063
:100DF00080037B613B68DB681B017A6913437B617D
:100E00007B6923F040037B617B68174A934203D0E0
:100E10007B68164A934213D13B6923F480633B619C
:100E20003B6923F400633B613B685B699B003A6963
:100E300013433B613B689B699B003A6913433B61E9
:100E40007B683A695A607B68FA689A613B685A68BD
:100E50007B689A637B687A691A6200BF1C37BD465B
:100E60005DF8047B704700BF0000014000040140B2
:100E700080B487B000AF786039607B681B6A7B61A3
:100E80007B681B6A23F480727B681A627B685B68EC
:100E90003B617B68DB69FB60FB6823F07003FB60F0
:100EA000FB6823F00303FB603B681B68FA6813438D
:100EB000FB607B6923F400737B613B689B681B02CA
:100EC0007A6913437B617B68214A934203D07B6834
:100ED000204A93420DD17B6923F400637B613B6818
:100EE000DB681B027A6913437B617B6923F48063AF
:100EF0007B617B68164A934203D07B68154A934214
:100F000013D13B6923F480533B613B6923F40053C5
:100F10003B613B685B691B013A6913433B613B687A
:100F20009B691B013A6913433B617B683A695A60CC
:100F30007B68FA68DA613B685A687B68DA637B68C9
:100F40007A691A6200BF1C37BD465DF8047B7047A2
:100F5000000001400004014080B487B000AF786019
:100F600039607B681B6A3B617B681B6A23F4805293
:100F70007B681A627B685B687B617B68DB69FB600E
:100F8000FB6823F4E043FB60FB6823F44073FB60E1
:100F90003B681B681B02FA681343FB603B6923F440
:100FA00000533B613B689B681B033A6913433B61F9
:100FB0007B68124A934203D07B68114A934209D15D
:100FC0007B6923F480437B613B685B699B017A69A1
:100FD00013437B617B687A695A607B68FA68DA61DF
:100FE0003B685A687B681A647B683A691A6200BF7A
:100FF0001C37BD465DF8047B704700BF0000014010
:101000000004014080B487B000AFF860B9607A6036
:10101000FB681B6A7B61FB681B6A23F00102FB68AB
:101020001A62FB689B693B613B6923F0F0033B61FB
:101030007B681B013A6913433B617B6923F00A0318
:101040007B617A69BB6813437B61FB683A699A618B
:10105000FB687A691A6200BF1C37BD465DF8047BE5
:10106000704780B487B000AFF860B9607A60FB6801
:101070001B6A7B61FB681B6A23F01002FB681A6223
:10108000FB689B693B613B6923F470433B617B6870
:101090001B033A6913433B617B6923F0A0037B6127
:1010A000BB681B017A6913437B61FB683A699A61EB
:1010B000FB687A691A6200BF1C37BD465DF8047B85
:1010C000704780B485B000AF786039607B689B68FA
:1010D000FB60FB6823F07003FB603A68FB68134316
:1010E00043F00703FB607B68FA689A6000BF14371F
:1010F000BD465DF8047B704780B487B000AFF860F0
:10110000B9607A603B60FB689B687B617B6923F414
:101110007F437B613B681A027B681A43BB681343B9
:101120007A6913437B61FB687A699A6000BF1C3758
:10113000BD465DF8047B704780B487B000AFF860AF
:10114000B9607A60BB6803F01F03012202FA03F35F
:101150007B61FB681A6A7B69DB431A40FB681A6291
:10116000FB681A6ABB6803F01F03796801FA03F38E
:101170001A43FB681A6200BF1C37BD465DF8047B4A
:101180007047000080B485B000AF786039607B683C
:1011900093F83C30012B01D102235AE07B680122F5
:1011A00083F83C207B68022283F83D207B681B6823
:1011B0005B68FB607B681B689B68BB60FB6823F017
:1011C0007003FB603B681B68FA681343FB607B6835
:1011D0001B68FA685A607B681B68214A934222D0D8
:1011E0007B681B68B3F1804F1DD07B681B681D4A6C
:1011F000934218D07B681B681B4A934213D07B68CC
:101200001B681A4A93420ED07B681B68184A9342A7
:1012100009D07B681B68174A934204D07B681B681F
:10122000154A93420CD1BB6823F08003BB603B6836
:101230005B68BA681343BB607B681B68BA689A60D6
:101240007B68012283F83D207B68002283F83C20E4
:10125000002318461437BD465DF8047B704700BF75
:10126000000001400004004000080040000C004065
:1012700000040140004001400018004080B483B0E9
:1012800000AF786000BF0C37BD465DF8047B704747
:1012900080B483B000AF786000BF0C37BD465DF806
:1012A000047B704780B582B000AF78607B68002B0C
:1012B00001D1012342E07B6893F84130DBB2002B7F
:1012C00006D17B68002283F840207868F9F786FD14
:1012D0007B68242283F841207B681B68DA687B687E
:1012E0001B6822F40052DA60786800F0D1FD7B6858
:1012F0001B681A697B681B6822F490421A617B683C
:101300001B685A697B681B6822F02A025A617B6855
:101310001B68DA687B681B6842F40052DA607B68FD
:1013200000225A647B68202283F841207B682022B7
:1013300083F842207B6800225A630023184608374E
:10134000BD4680BD80B58AB002AFF860B9603B6031
:101350001346FB8000237B61FB6893F84130DBB2CE
:10136000202B75D1BB68002B02D0FB88002B01D14C
:1013700001236EE0FB6800225A64FB68212283F897
:101380004120FBF775F87861FB68FA889A84FB685E
:10139000FA88DA84FB689B68B3F5805F08D1FB6844
:1013A0001B69002B04D10023FB61BB68BB6103E018
:1013B000BB68FB610023BB612EE03B6800937B6947
:1013C00000228021F86800F033FB0346002B05D093
:1013D000FB68202283F8412003233AE0FB69002BBD
:1013E0000BD1BB691B881A46FB681B68C2F3080255
:1013F0005A60BB690233BB6107E0FB691A78FB687E
:101400001B685A60FB690133FB61FB68DB8C9BB294
:10141000013B9AB2FB68DA84FB68DB8C9BB2002B41
:10142000CBD13B6800937B6900224021F86800F033
:10143000FFFA0346002B05D0FB68202283F84120E9
:10144000032306E0FB68202283F84120002300E00C
:10145000022318462037BD4680BD80B584B000AF5A
:10146000F860B9601346FB80FB6893F84230DBB24A
:10147000202B12D1BB68002B02D0FB88002B01D19E
:1014800001230BE0FB6800221A63FB881A46B96847
:10149000F86800F026FB034600E0022318461037E8
:1014A000BD4680BD80B5BAB000AF78607B681B6870
:1014B0001B68C7F8E4307B681B68DB68C7F8E0305E
:1014C0007B681B685B69C7F8DC300023C7F8D8303D
:1014D0000023C7F8D430D7F8E43003F00F03C7F87F
:1014E000D830D7F8D830002B0FD1D7F8E43003F03C
:1014F0002003002B09D0D7F8E03003F02003002BA5
:1015000003D0786800F006FC5BE2D7F8D830002BF7
:1015100000F0DE80D7F8DC3003F00103002B06D1A9
:10152000D7F8E03003F49073002B00F0D180D7F8A7
:10153000E43003F00103002B0BD0D7F8E03003F4C4
:101540008073002B05D07B685B6C43F001027B68E5
:101550005A64D7F8E43003F00403002B0BD0D7F81B
:10156000DC3003F00103002B05D07B685B6C43F09B
:1015700002027B685A64D7F8E43003F00203002BC0
:101580000BD0D7F8DC3003F00103002B05D07B68CB
:101590005B6C43F004027B685A64D7F8E43003F0D4
:1015A0000803002B11D0D7F8E03003F02003002B04
:1015B00005D1D7F8DC3003F00103002B05D07B68A0
:1015C0005B6C43F008027B685A647B685B6C002BA1
:1015D00000F0F281D7F8E43003F02003002B08D0AC
:1015E000D7F8E03003F02003002B02D0786800F039
:1015F00091FB7B681B685B6903F04003402B0CBFC9
:1016000001230023DBB2C7F8D4307B685B6C03F0A6
:101610000803002B03D1D7F8D430002B4FD07868C3
:1016200000F099FA7B681B685B6903F04003402B6C
:1016300041D17B681B681433C7F89C30D7F89C30C5
:1016400053E8003FC7F89830D7F8983023F04003AC
:10165000C7F8D0307B681B681433D7F8D020C7F8A0
:10166000A820C7F8A430D7F8A410D7F8A82041E8DC
:101670000023C7F8A030D7F8A030002BD9D17B6861
:10168000DB6B002B13D07B68DB6B7E4A1A657B68B3
:10169000DB6B1846FBF744FD0346002B16D07B6836
:1016A000DB6B1B6D7A68D26B104698470EE078684A
:1016B00000F08AF90AE0786800F086F906E07868B8
:1016C00000F082F97B6800225A6475E100BF73E183
:1016D0007B681B6B012B40F04F81D7F8E43003F09F
:1016E0001003002B00F04881D7F8E03003F010031E
:1016F000002B00F041810023BB607B681B681B68E6
:10170000BB607B681B685B68BB60BB687B681B68F1
:101710005B6903F04003402B40F0B6807B68DB6BD5
:101720001B685B68A7F8BE30B7F8BE30002B00F02E
:1017300045817B689B8DB7F8BE209A4280F03E8140
:101740007B68B7F8BE20DA857B68DB6BDB69B3F5B5
:10175000807F00F088807B681B680C33C7F8883076
:10176000D7F8883053E8003FC7F88430D7F8843082
:1017700023F48073C7F8B8307B681B680C33D7F844
:10178000B820C7F89420C7F89030D7F89010D7F851
:10179000942041E80023C7F88C30D7F88C30002B18
:1017A000D9D17B681B6814337B677B6F53E8003F9C
:1017B0003B673B6F23F00103C7F8B4307B681B68BD
:1017C0001433D7F8B420C7F88020FB67F96FD7F837
:1017D000802041E80023BB67BB6F002BE1D17B6811
:1017E0001B6814333B663B6E53E8003FFB65FB6DA3
:1017F00023F04003C7F8B0307B681B681433D7F878
:10180000B020FA66BB66B96EFA6E41E800237B66CB
:101810007B6E002BE3D17B68202283F842207B681B
:1018200000221A637B681B680C33FB64FB6C53E873
:10183000003FBB64BB6C23F01003C7F8AC307B687F
:101840001B680C33D7F8AC20BA657B65796DBA6D2F
:1018500041E800233B653B6D002BE3D17B68DB6BEC
:101860001846FBF7EDFB7B6802225A637B689A8D72
:101870007B68DB8D9BB2D31A9BB21946786800F067
:10188000ADF89BE01D1C01087B689A8D7B68DB8DA1
:101890009BB2D31AA7F8CE307B68DB8D9BB2002BAE
:1018A00000F08E80B7F8CE30002B00F089807B6886
:1018B0001B680C33BB63BB6B53E8003F7B637B6BE4
:1018C00023F49073C7F8C8307B681B680C33D7F8D3
:1018D000C8207A643B64396C7A6C41E80023FB636E
:1018E000FB6B002BE3D17B681B6814337B627B6A44
:1018F00053E8003F3B623B6A23F00103C7F8C43062
:101900007B681B681433D7F8C4203A63FB62F96A1A
:101910003A6B41E80023BB62BB6A002BE3D17B68D2
:10192000202283F842207B6800221A637B681B68B0
:101930000C333B613B6953E8003FFB60FB6823F0DD
:101940001003C7F8C0307B681B680C33D7F8C02081
:10195000FA61BB61B969FA6941E800237B617B697F
:10196000002BE3D17B6802225A63B7F8CE301946C8
:10197000786800F033F823E0D7F8E43003F0800310
:10198000002B09D0D7F8E03003F08003002B03D000
:10199000786800F057F914E0D7F8E43003F040031A
:1019A000002B0ED0D7F8E03003F04003002B08D016
:1019B000786800F097F904E000BF02E000BF00E0A3
:1019C00000BFE837BD4680BD80B483B000AF78600B
:1019D00000BF0C37BD465DF8047B704780B483B010
:1019E00000AF78600B467B8000BF0C37BD465DF8CA
:1019F000047B704780B485B000AF78600023FB6043
:101A00000023BB607B6893F84130DBB2FB607B68EE
:101A100093F84230DBB2BB60FB68DAB2BB68DBB282
:101A20001343DBB218461437BD465DF8047B70479C
:101A300080B586B000AFF860B9603B601346FB71BB
:101A40003BE03B6AB3F1FF3F37D0FAF711FD0246A6
:101A50003B68D31A3A6A9A4202D33B6A002B01D1FF
:101A600003233AE0FB681B68DB6803F00403002BE8
:101A700023D0BB68802B20D0BB68402B1DD0FB68D7
:101A80001B681B6803F00803082B16D100237B6139
:101A9000FB681B681B687B61FB681B685B687B617C
:101AA0007B69F86800F057F8FB6808225A64FB6805
:101AB000002283F8402001230FE0FB681B681A68AE
:101AC000BB681340BA689A420CBF01230023DBB203
:101AD0001A46FB799A42B4D0002318461837BD46FF
:101AE00080BD80B485B000AFF860B9601346FB805C
:101AF000FB68BA689A62FB68FA889A85FB68FA887C
:101B0000DA85FB6800225A64FB68222283F84220AF
:101B1000FB681B69002B07D0FB681B68DA68FB6851
:101B20001B6842F48072DA60FB681B685A69FB68C4
:101B30001B6842F001025A61FB681B68DA68FB68A7
:101B40001B6842F02002DA60002318461437BD46B5
:101B50005DF8047B704780B495B000AF78607B6817
:101B60001B680C337B637B6B53E8003F3B633B6B31
:101B700023F49073FB647B681B680C33FA6C3A6443
:101B8000FB63F96B3A6C41E80023BB63BB6B002B32
:101B9000E5D17B681B6814333B623B6A53E8003F26
:101BA000FB61FB6923F00103BB647B681B68143392
:101BB000BA6CFA62BB62B96AFA6A41E800237B62D6
:101BC0007B6A002BE5D17B681B6B012B19D17B68ED
:101BD0001B680C33FB60FB6853E8003FBB60BB68CD
:101BE00023F010037B647B681B680C337A6CBA614A
:101BF0007B617969BA6941E800233B613B69002B4D
:101C0000E5D17B68202283F842207B6800221A639A
:101C100000BF5437BD465DF8047B704780B584B083
:101C200000AF78607B689B6BFB60FB680022DA8505
:101C3000FB680022DA84F868FFF7C6FE00BF1037A1
:101C4000BD4680BD80B485B000AF78607B6893F8F6
:101C50004130DBB2212B3ED17B689B68B3F5805FBE
:101C600014D17B681B69002B10D17B681B6AFB6059
:101C7000FB681B881A467B681B68C2F308025A601F
:101C80007B681B6A9A1C7B681A6208E07B681B6A87
:101C9000591C7A6811621A787B681B685A607B68E5
:101CA000DB8C9BB2013B9BB27A681946D184002B36
:101CB0000FD17B681B68DA687B681B6822F08002A2
:101CC000DA607B681B68DA687B681B6842F0400258
:101CD000DA60002300E0022318461437BD465DF8A1
:101CE000047B704780B582B000AF78607B681B686A
:101CF000DA687B681B6822F04002DA607B68202289
:101D000083F84120786803F087F8002318460837E5
:101D1000BD4680BD80B58CB000AF78607B6893F81D
:101D20004230DBB2222B40F0AE807B689B68B3F57B
:101D3000805F17D17B681B69002B13D10023FB62E6
:101D40007B689B6ABB627B681B685B689BB2C3F362
:101D500008039AB2BB6A1A807B689B6A9A1C7B68EC
:101D60009A6226E07B689B6AFB620023BB627B6809
:101D70009B68B3F5805F07D07B689B68002B0AD116
:101D80007B681B69002B06D17B681B685B68DAB235
:101D9000FB6A1A7008E07B681B685B68DBB203F0C3
:101DA0007F03DAB2FB6A1A707B689B6A5A1C7B68F5
:101DB0009A627B68DB8D9BB2013B9BB27A681946C5
:101DC000D185002B5DD17B681B68DA687B681B6856
:101DD00022F02002DA607B681B68DA687B681B6887
:101DE00022F48072DA607B681B685A697B681B6822
:101DF00022F001025A617B68202283F842207B682E
:101E000000225A637B681B6B012B35D17B68002253
:101E10001A637B681B680C337B617B6953E8003F66
:101E20003B613B6923F010037B627B681B680C33CA
:101E30007A6A3A62FB61F9693A6A41E80023BB6158
:101E4000BB69002BE5D17B681B681B6803F010039E
:101E5000102B0AD10023FB607B681B681B68FB60AA
:101E60007B681B685B68FB60FB687B689B8D194621
:101E70007868FFF7B3FD02E0786802F0B5FF002351
:101E800002E0002300E0022318463037BD4680BD43
:101E90002DE9B04FC0B000AFC7F8F400D7F8F43068
:101EA0001B681B6923F44050D7F8F430D968D7F881
:101EB000F4301A6840EA01031361D7F8F4309A68E5
:101EC000D7F8F4301B691A43D7F8F4305B691A432A
:101ED000D7F8F430DB691343C7F8F830D7F8F4309B
:101EE0001B68DB6823F4164121F00C01D7F8F430AD
:101EF0001A68D7F8F8300B43D360D7F8F4301B6872
:101F00005B6923F44070D7F8F4309969D7F8F4305E
:101F10001A6840EA01035361D7F8F4301A688F4B0E
:101F20009A4205D0D7F8F4301A688D4B9A4204D102
:101F3000FDF7BEFAC7F8FC0003E0FDF7A5FAC7F805
:101F4000FC00D7F8F430DB69B3F5004F40F00C81AA
:101F5000D7F8FC300022C7F8E830C7F8EC20D7E902
:101F60003A4522462B469118B9655B41FB65D7E996
:101F70001623214612EB0108294643EB01094FF0D5
:101F800000024FF000034FEAC90343EA58734FEAD7
:101F9000C80290469946234618EB0303C7F8E03081
:101FA0002B4649EB0303C7F8E430D7F8F4305B68FD
:101FB0000022C7F8D830C7F8DC20D7E936120B4624
:101FC000DB183B65134642EB03037B65D7E914231B
:101FD000D7E93801EEF768FE02460B46614BA3FBDA
:101FE00002235B091C01D7F8FC300022C7F8D0306F
:101FF000C7F8D420D7E9348942464B469118B964D2
:102000005B41FB64D7E91223414612EB010A4946C2
:1020100043EB010B4FF000024FF000034FEACB03FC
:1020200043EA5A734FEACA0292469B4643461AEB6A
:102030000303C7F8C8304B464BEB0303C7F8CC305B
:10204000D7F8F4305B680022C7F8C030C7F8C42066
:10205000D7E930120B46DB183B64134642EB03030F
:102060007B64D7E91023D7E93201EEF71DFE024663
:102070000B4611463B4BA3FB01235B09642202FB89
:1020800003F3CB1ADB0003F13202364BA3FB02232E
:102090005B095B0003F4F8731C44D7F8FC300022A2
:1020A000C7F8B830C7F8BC20D7E92E8942464B465E
:1020B0009118B9635B41FB63D7E90E234146511880
:1020C000396349464B417B634FF000024FF00003F8
:1020D000D7E90CAB5946CB00514643EA5173514600
:1020E000CA0010461946034642469B18C7F8B0304E
:1020F0004B460A4642EB0303C7F8B430D7F8F43036
:102100005B680022C7F8A830C7F8AC20D7E92A12CC
:102110000B46DB18BB62134642EB0303FB62D7E9B5
:102120000A23D7E92C01EEF7BFFD02460B460D4B03
:10213000A3FB02135B09642101FB03F3D31ADB0049
:102140003233084AA2FB03235B0903F00702D7F8E6
:10215000F4301B6822449A6006E100BF0010014081
:10216000001401401F85EB51D7F8FC300022C7F85E
:10217000A030C7F8A420D7E9288942464B469118D9
:1021800039625B417B62D7E90823414654184946CE
:1021900043EB01054FF000024FF00003EB0043EA70
:1021A0005473E20014461D464346E318C7F89830BE
:1021B0004B4645EB0303C7F89C30D7F8F4305B6817
:1021C0000022C7F89030C7F894204FF000024FF07B
:1021D0000003D7E9244529468B00214643EA917341
:1021E00021468A00D7E92601EEF75EFD02460B463E
:1021F000604BA3FB02235B091C01D7F8FC300022D3
:10220000C7F88830C7F88C20D7E9228942464B4668
:102210009118B9615B41FB61D7E90623414651182A
:10222000396149464B417B614FF000024FF000039A
:10223000D7E904AB5946CB00514643EA51735146A6
:10224000CA0010461946034642469B18C7F880301C
:102250004B460A4642EB0303C7F88430D7F8F43004
:102260005B680022BB67FA674FF000024FF0000383
:10227000D7E91E8949468B00414643EA917341469E
:102280008A00D7E92001EEF70FFD02460B46114602
:10229000384BA3FB01235B09642202FB03F3CB1A37
:1022A0001B013233334AA2FB03235B0903F0F00323
:1022B0001C44D7F8FC3000223B677A67D7E91C89B9
:1022C00042464B469118B9605B41FB60D7E9022357
:1022D00041465118396049464B417B604FF000023E
:1022E0004FF00003D7E900AB5946CB00514643EA13
:1022F00051735146CA0010461946034642469B1880
:10230000BB664B460A4642EB0303FB66D7F8F43044
:102310005B6800223B667A664FF000024FF00003D4
:10232000D7E9188949468B00414643EA91734146F3
:102330008A00D7E91A01EEF7B7FC02460B460D4BAF
:10234000A3FB02135B09642101FB03F3D31A1B01F6
:102350003233084AA2FB03235B0903F00F02D7F8CC
:10236000F4301B6822449A6000BF07F58077BD46B1
:10237000BDE8B08F1F85EB5180B584B000AF7860A9
:10238000786800F025F8114B1B681846FAF708F931
:102390000E4B1B684FF4FA711846FAF706FA0B4B0E
:1023A0001B681846FAF78CFA03469BB2184600F0F1
:1023B00029F80346FB81054B1B681846FAF7C2F95A
:1023C000FB8918461037BD4680BD00BFD8000020ED
:1023D00080B582B000AF7860084B1B687A689A427B
:1023E00008D0064A7B681360054B1B6803491846F2
:1023F000FAF774FA00BF0837BD4680BDDC00002044
:10240000D800002080B52DED028B82B000AF0346CE
:10241000FB80FB884FF47A7202FB03F307EE903ADD
:10242000F8EEE77A9FED0B7A27EE878A00F014F832
:10243000034607EE903AB8EEE77AC8EE077AFCEE6C
:10244000E77A17EE903A9BB218460837BD46BDECC6
:10245000028B80BD3333534080B400AF134B1B88D5
:10246000002B1CD1124B1B689B68002B13D0104B08
:102470001B689B68B3F1807F0AD00D4B1B689B687B
:10248000B3F1007F02D14FF4807306E0402304E0F3
:102490004FF4806301E04FF48053044A1380034BF0
:1024A0001B881846BD465DF8047B7047681D0020F8
:1024B000D800002080B584B000AF0346FB71FB79E3
:1024C000184602F0C7F8052003F0FAFC0020FFF7D9
:1024D00053FF0346FB81FB8918461037BD4680BD7C
:1024E00080B400AF044B00221A7000231846BD468A
:1024F0005DF8047B704700BF6A1D002080B483B084
:1025000000AF0346FB71044B1B7818460C37BD46E1
:102510005DF8047B704700BF6A1D002080B582B063
:1025200000AF7860044B00221A7000F045F800BF3D
:102530000837BD4680BD00BF6A1D002080B582B04F
:1025400000AF0346FB800822FB88934204D1044B72
:1025500001221A7000F006F800BF0837BD4680BDA2
:102560006A1D002080B500AF124B1B79002B1ED1D5
:10257000104B01221A710F4B1B681B686FF0010290
:102580001A610C4B1B681846FDF7EEFE094B1B68E1
:102590001B684FF4FA725A62064B1B681B686FF097
:1025A00001021A61034B1B681846FDF76DFE00BF60
:1025B00080BD00BFEC00002080B500AF044B1B685D
:1025C0001846FDF7D1FE024B00221A7100BF80BDF4
:1025D000EC00002080B584B000AF78600023FB736E
:1025E0004FF6FF73BB813B896FF308033B817B7A16
:1025F00023F07E037B727B7A43F080037B7207F1CA
:102600000C0202230021786800F028FB0346FB73CC
:10261000FB7B002B04D1786800F01CF80346FB73A9
:10262000FB7B002B08D107F10802022330217868D8
:1026300000F014FB0346FB73FB7B002B02D1044B21
:1026400001221A70FB7B18461037BD4680BD00BFC3
:102650006B1D002080B58AB000AF7860002387F83A
:1026600027300023BB8497F8253023F0C00387F878
:10267000253097F82530012262F3051387F82530BD
:1026800097F8253023F00F0387F8253097F824308A
:1026900023F0800387F8243097F82430032262F374
:1026A000061387F8243097F824300A2262F30303D4
:1026B00087F8243000233B8497F8213023F08003EF
:1026C00087F8213097F82130022262F3061387F849
:1026D000213097F8213043F00F0387F8213097F825
:1026E000203023F0800387F8203097F82030032231
:1026F00062F3061387F8203097F820300B2262F33C
:10270000030387F820300023BB837B7F23F0C003C3
:102710007B777B7F23F020037B777B7F23F0100385
:102720007B777B7F23F008037B777B7F43F0040379
:102730007B777B7F23F003037B773B7F012262F370
:1027400087133B773B7F23F038033B773B7F23F0B6
:1027500007033B7700233B837B7E23F080037B765C
:102760007B7E23F040037B767B7E042262F3C503ED
:102770007B767B7E042262F302037B763B7E112212
:1027800062F3C7033B763B7E43F007033B760023AF
:10279000BB827B7D23F0C0037B757B7D23F001032F
:1027A0007B757B7D23F002037B757B7D23F0040327
:1027B0007B757B7D43F008037B757B7D43F01003C5
:1027C0007B757B7D43F020037B753B7D23F0F0031D
:1027D0003B753B7D43F00E033B753B7D43F00103AE
:1027E0003B7500233B827B7C23F080037B747B7CE6
:1027F00023F040037B747B7C43F030037B747B7C51
:1028000043F008037B747B7C43F004037B747B7C84
:1028100023F002037B747B7C23F001037B743B7CFD
:1028200023F080033B743B7C042262F306133B7469
:102830003B7C23F00C033B743B7C43F003033B7471
:102840000023BB817B7B23F0C0037B737B7B23F066
:102850003C037B737B7B012262F301037B733B7B35
:1028600023F080033B733B7B43F060033B733B7B74
:102870000A2262F304033B73786800F042FA0346CD
:1028800087F8273097F82730002B09D107F1240269
:1028900002239021786800F0E1F9034687F8273099
:1028A00097F82730002B09D107F124020223902149
:1028B000786800F0FEF9034687F8273097F827304C
:1028C000002B09D107F1200202239121786800F042
:1028D000C5F9034687F8273097F82730002B09D130
:1028E00007F1200202239121786800F0E2F9034603
:1028F00087F8273097F82730002B09D107F11C0201
:1029000002239221786800F0A9F9034687F827305E
:1029100097F82730002B09D107F11C0202239221DE
:10292000786800F0C6F9034687F8273097F8273013
:10293000002B09D107F1180202239321786800F0D7
:102940008DF9034687F8273097F82730002B09D1F7
:1029500007F1180202239321786800F0AAF90346D0
:1029600087F8273097F82730002B09D107F1140298
:1029700002239421786800F071F9034687F8273024
:1029800097F82730002B09D107F114020223942174
:10299000786800F08EF9034687F8273097F82730DB
:1029A000002B09D107F1100202239521786800F06D
:1029B00055F9034687F8273097F82730002B09D1BF
:1029C00007F1100202239521786800F072F903469E
:1029D00087F8273097F82730002B09D107F10C0230
:1029E00002239621786800F039F9034687F82730EA
:1029F00097F82730002B09D107F10C02022396210A
:102A0000786800F056F9034687F8273097F82730A2
:102A1000002B05D1786800F0C2F9034687F827300B
:102A200097F82730002B05D1786800F0E8F90346C5
:102A300087F8273000237B8197F82730002B0DD1B2
:102A400007F10A0202236021786800F007F90346C3
:102A50001A4697F82730134387F8273097F827301E
:102A600018462837BD4680BD80B584B000AF786079
:102A700039601D4B1B78002B01D1052330E000236A
:102A8000BB8107F10C0202230421786800F011F9E0
:102A90000346FB73BB89C3F309039BB240F2FF32C9
:102AA00093420FD1BB89C3F309039BB21A4640F688
:102AB000B83303FB02F20D4B13445B0A9AB23B6836
:102AC0001A800CE0BB89C3F309039BB21A4640F697
:102AD000B83302FB03F35B0A9AB23B681A80FB7BB4
:102AE00018461037BD4680BD6B1D0020B82BD1FFA6
:102AF00080B584B000AF78603960124B1B78002B32
:102B000001D105231AE00023BB8107F10C02022347
:102B10003021786800F0CDF80346FB73BB89C3F31E
:102B200008039BB21A46642302FB03F3064AA2FB86
:102B30000323DB091AB23B681A80FB7B1846103767
:102B4000BD4680BD6B1D00201F85EB5180B584B054
:102B500000AF78600B467B80244B1B78002B01D1A3
:102B600005233FE0B7F9023013F1640FB4BF01232E
:102B70000023DAB2B7F90230642BCCBF0123002363
:102B8000DBB21343DBB2002B01D001232AE0B7F9FB
:102B90000230002B08DA7B885B429BB27B800121EC
:102BA000786800F031F803E00021786800F02CF834
:102BB0000023BB817B88C3F308039BB29B00C3F354
:102BC00008039AB2BB8962F30803BB817B7B43F0A5
:102BD00080037B7307F10C0202233021786800F038
:102BE0003DF8034618461037BD4680BD6B1D0020DA
:102BF00080B483B000AF78607B681B7A18460C37CE
:102C0000BD465DF8047B704780B582B000AF786048
:102C10000B46FB70FB78002B0AD100224FF4805149
:102C20000D48FAF7AFFE7B6800221A7200230EE00F
:102C3000FB78012B0AD101224FF480510648FAF7A4
:102C4000A1FE7B6801221A72002300E001231846CE
:102C50000837BD4680BD00BF0004024080B586B085
:102C600000AFF860B9607A603B6000233B822820A7
:102C700003F026F97B687B617B691B881B0A9BB28A
:102C8000DBB23B747B691B88DBB27B74F868BB6882
:102C9000D9B23B68DBB207F1100200F0EAF9034653
:102CA000002B01D0012300E0002318461837BD4651
:102CB00080BD80B586B000AFF860B9607A603B60D7
:102CC00000233B82282003F0FBF8F868BB68D9B2E8
:102CD0003B68DBB207F1100200F086F90346002BD7
:102CE00001D0012309E07B687B617A7C7B691A70E3
:102CF0007B6901333A7C1A70002318461837BD46A9
:102D000080BD80B584B000AF78604FF400437B8114
:102D10000023FB8107F10A02022360217868FFF794
:102D20009DFF03467B7300237B8107F10A02022388
:102D300031217868FFF792FF03461A467B7B1343E5
:102D40007B734CF2DE037B8107F10A0202233121FF
:102D50007868FFF783FF03461A467B7B13437B7338
:102D600007F10A02022332217868FFF7A2FF034627
:102D70001A467B7B13437B73FB895A1CFA8105221D
:102D8000934202D87B7B002B01D0012303E07B8997
:102D9000002BE5D07B7B18461037BD4680BD80B543
:102DA00084B000AF786006237B810023FB8107F1AC
:102DB0000A02022335217868FFF750FF03467B7330
:102DC00007F10A02022332217868FFF772FF0346F7
:102DD0001A467B7B13437B73FB895A1CFA810522BD
:102DE000934202D87B7B002B01D0012303E07B8937
:102DF000002BE5D07B7B18461037BD4680BD80B5E3
:102E000084B000AF786002237B810023FB8107F14F
:102E10000A02022335217868FFF720FF03467B73FF
:102E200007F10A02022332217868FFF742FF0346C6
:102E30001A467B7B13437B73FB895A1CFA8105225C
:102E4000934202D87B7B002B01D0012303E07B89D6
:102E5000002BE5D07B7B18461037BD4680BD0000B7
:102E600080B500AF054B1B6800211846FDF704FB39
:102E7000372000F005F80023184680BDF40000203C
:102E800080B483B000AF0346FB71FB79642B01D99A
:102E9000012305E0054B1B681B68FA795A63002380
:102EA00018460C37BD465DF8047B7047F4000020DF
:102EB00080B400AF044B1B681B685B6BDBB2184629
:102EC000BD465DF8047B7047F400002080B584B0F7
:102ED00000AF78600A231846FFF74EFA0346FB81DD
:102EE000FB890C4A82FB0312D210DB17D31ABB8179
:102EF000BB89642B28BF6423BB81BB89DBB2C3F1D0
:102F00006403DAB27B681A70002318461037BD4696
:102F100080BD00BFE1830F3E80B500AF01221021CC
:102F20000248FAF72FFD0023184680BD000C02402E
:102F300080B582B000AF0346FB71FB79002B0AD14C
:102F40000F4B00221A700F4B1B68082100221846F5
:102F5000FAF718FD0FE0FB79012B0AD1084B01228B
:102F60001A70084B1B68082101221846FAF70AFD5F
:102F700001E0012300E0002318460837BD4680BD6C
:102F8000FC000020F800002080B400AF034B1B7849
:102F90001846BD465DF8047B704700BFFC0000206A
:102FA00080B582B000AF0B231846FFF7E5F9034662
:102FB000FB80FB8807EE903AF8EE677A9FED087A7F
:102FC00027EE877ADFED076AC7EE267AFDEEE77A0D
:102FD00017EE903A1BB218460837BD4680BD00BFB9
:102FE000CDCC4C3D8FC2753C80B588B002AFF86047
:102FF0007A601A460B46FB721346BB72FB7A3B752E
:10300000FB685868FB681B78194607F114026423B3
:1030100000930123FAF746FE0346FB75FB7D022B66
:103020000CD1FB685B6893F83C30002B06D1FB6841
:103030005B681846FAF7F2FC042316E0FB7D002BD0
:1030400001D0042311E0FB685868FB681B7819461F
:10305000BB7A9BB2642200927A68FAF721FF03469A
:10306000002B01D0042300E0002318461837BD468A
:1030700080BD2DE9F0438BB002AFF8607A601A464C
:103080000B46FB721346BB726B461E46BB7A591C3D
:103090004B1EFB610A460023904699464FF0000202
:1030A0004FF000034FEAC90343EA58734FEAC802DE
:1030B0000A46002314461D464FF000024FF000035D
:1030C000EB0043EA5473E2000B460733DB08DB00F6
:1030D000ADEB030D02ABBB61BB69FA7A1A70BB6939
:1030E0000133BA7A7968184607F085FAFB685868A0
:1030F000FB681B781946BB7A9BB201339BB26422F2
:103100000092BA69FAF7CEFD0346FB75FB7D022BF0
:1031100006D1FB685B681846FAF780FC012300E0E3
:10312000FB7DB54618462437BD46BDE8F083000058
:1031300080B500AF084B00221A7000F0C3F8074BAF
:10314000DB68064A118900221846FAF71BFC00F0DA
:10315000B9F80023184680BD6C1D00200001002036
:1031600080B584B000AF0346FB804FF4AF62FB88AC
:10317000934204D341F66412FB88934203D900F0D2
:10318000A1F8012339E0FB884FF4AF629B1A07EEE8
:10319000903AF8EEE77A9FED1B7A67EE876ADFEDEB
:1031A0001A7AB8EEE77AC6EE877A9FED187A77EE4C
:1031B000877AC7ED037A97ED037AF0EE006AC7EEDF
:1031C000267AC7ED037AD7ED037AFCEEE77A17EE9D
:1031D000903A9AB20E4B1B68DA600D4B1B6818468A
:1031E000FDF702F80346002B01D0012305E0094A50
:1031F000FB88138000F050F8002318461037BD46B6
:1032000080BD00BF00EC9CC6EC1300000052C84615
:10321000200100206E1D002080B400AF034B1B88EE
:103220001846BD465DF8047B704700BF6E1D002048
:1032300080B582B000AF0620FFF73CF90346FB8063
:10324000FB8807EE903AF8EE677A9FED087A27EE52
:10325000877ADFED076AC7EE267AFDEEE77A17EE8A
:10326000903A1BB218460837BD4680BDCDCC4C3DC8
:103270008FC2753C80B582B000AF7860054B5B684B
:10328000044A128811461846FAF795FB00BF083722
:10329000BD4680BD0001002080B500AF084B1B6813
:1032A0001846FDF761F8064B1B681B6800225A623E
:1032B000034B1B681846FCF7E7FF00BF80BD00BF4B
:1032C0002001002080B500AF034B1B681846FDF7B6
:1032D0004BF800BF80BD00BF2001002080B500AFCB
:1032E00001224FF400411848FAF74CFB4FF4FA70F2
:1032F000F9F7CAF800224FF400411348FAF742FBED
:1033000001224FF480611148FAF73CFB4FF4FA7048
:10331000F9F7BAF800224FF480610C48FAF732FB53
:1033200001224FF400610948FAF72CFB4FF4FA70C0
:10333000F9F7AAF800224FF400610448FAF722FBDB
:103340000023184680BD00BF001002400004024068
:1033500080B500AF002000F003F800BF80BD000082
:1033600080B582B000AF0346FB71FB79052B01D914
:10337000012352E0FB791B012A4A13442A4A1360B5
:10338000294B1B681B7B23F00103DBB2002B0DD103
:10339000254B1B689868244B1B689B8800221946A4
:1033A000FAF7F0FA00F0ACF8002336E01E4B1B6889
:1033B0001B7B23F00103DBB2C82B0FD100F0DCF83C
:1033C000194B1B689868184B1B689B88012219468B
:1033D000FAF7D8FA00F094F800231EE000F0CCF8D9
:1033E000114B1B689868104B1B689B88012219467B
:1033F000FAF7C8FA0C4B1B681B7BC3F34603DBB21E
:10340000632B09D800F070F8074B1B68DB8918465E
:1034100000F038F8002300E0012318460837BD46C5
:1034200080BD00BFECE20108701D002080B400AF39
:10343000034B1B681B781846BD465DF8047B70473C
:10344000701D002080B582B000AF78600C4B1B6807
:10345000002B02D100F048F80FE0094B1B689A6876
:10346000074B1B689B8819461046FAF7A4FA044BD1
:103470001B68DB89184600F005F80837BD4680BD9B
:10348000701D002080B584B000AF0346FB80002390
:10349000FB73144B1B681B686FF001021A61114B20
:1034A0001B681846FCF760FF03461A46FB7B134374
:1034B000FB730C4B1B681B68FA885A62094B1B682C
:1034C0001B686FF001021A61064B1B681846FCF777
:1034D000DBFE03461A46FB7B1343FB7300BF10372A
:1034E000BD4680BD2401002080B500AF034B1B68A2
:1034F0001846FCF739FF00BF80BD00BF2401002043
:1035000080B500AF094B1B681846FCF72DFF074B31
:103510001B681B686FF001021A61044B1B681B6873
:103520006FF001021A6100BF80BD00BF24010020BE
:1035300080B500AF00224FF400410248FAF722FAAA
:1035400000BF80BD0010024080B500AF00224FF4E4
:1035500000610248FAF716FA00BF80BD000402407D
:1035600080B500AF00224FF480610248FAF70AFAF2
:1035700000BF80BD0004024080B500AFFFF7D8FF58
:10358000FFF7E2FFFFF7ECFF00BF80BD80B582B020
:1035900000AF0023FB7100F03BF9642002F090FCC7
:1035A00000F028F9642002F08BFC3349002000F081
:1035B000B6F80346FB71FB79002B05D12F4901209A
:1035C00000F0ADF80346FB71FB79002B06D14FF0FC
:1035D000FC41022000F0A3F80346FB71FB79002BAD
:1035E00006D14FF0FC41032000F099F80346FB712F
:1035F000FB79002B06D14FF0FC41042000F08FF83E
:103600000346FB71FB79002B06D14FF0FC410520EE
:1036100000F085F80346FB71FB79002B06D14FF0D3
:10362000FC41062000F07BF80346FB71FB79002B80
:1036300006D14FF0FC41072000F071F80346FB7102
:10364000FB79002B06D14FF0FC41082000F067F811
:103650000346FB7100233B60FB79002B06D13B4600
:103660001946002000F094F80346FB71FB791846D8
:103670000837BD4680BD00BF010004004000007E49
:1036800080B584B000AF03460A46FB711346BB7198
:1036900097F907305B005BB203F01E035BB263F087
:1036A0007E035BB2FB73FB7B184600F019F90346FF
:1036B000BB73BB1D01221946002000F0BDFD03466F
:1036C0001A46BB7B1343BB73BB7B18461037BD4602
:1036D00080BD80B584B000AF03463960FB7197F9B7
:1036E00007305B005BB203F01E035BB243F00103E3
:1036F0005BB2FB73FB7B184600F0F2F80346BB732A
:1037000001223968002000F077FD03461A46BB7B92
:103710001343BB73BB7B18461037BD4680BD80B5D5
:1037200084B000AF03463960FB7197F907305B0046
:103730005BB203F01E035BB263F07F035BB2FB730B
:103740000023BB603B68DBB23B723B681B0ADBB209
:103750007B723B681B0CDBB2BB723B681B0EDBB29F
:10376000FB72FB7B184600F0BBF80346BB7307F106
:10377000080304221946002000F05EFD03461A46A5
:10378000BB7B1343BB73BB7B18461037BD4680BD64
:1037900080B584B000AF03463960FB71FB795B00F4
:1037A000DBB203F01E03FB730023BB60FB7B1846F8
:1037B00000F096F80346BB7307F10803042219468C
:1037C000002000F019FD03461A46BB7B1343BB7370
:1037D0003B7A1A067B7A1B041A43BB7A1B021343FB
:1037E000FA7A1A433B681A60BB7B18461037BD460D
:1037F00080BD000080B500AF044B4FF40061012292
:103800001846FAF7BFF800BF80BD00BF00100240A5
:1038100080B500AF044B4FF4006100221846FAF760
:10382000B1F800BF80BD00BF0010024080B584B079
:1038300000AF03460A46FB711346BB71FB79072BA9
:1038400002D8BB79012B01D9FF232CE00023BB73E5
:1038500007F10E0319460020FFF73BFF0346FB73F9
:10386000FB79012202FA03F35BB2DB435AB2BB7B62
:103870005BB213405BB2DBB2BB73BA79FB7902FA7D
:1038800003F35AB2BB7B5BB213435BB2DBB2BB73D5
:10389000BB7B19460020FFF7F3FE03461A46FB7B6D
:1038A0001343FB73FB7B18461037BD4680BD80B5C4
:1038B00084B000AF0346FB7107F10F0319460020E7
:1038C000FFF707FFFB7B1A46FB7942FA03F3DBB2F3
:1038D00003F00103DBB218461037BD4680BD00007F
:1038E00080B584B000AF0346FB710D4B4FF400511F
:1038F00001221846FAF746F8FB1D0122194600205E
:1039000000F09AFC0346FB73054B4FF40051002274
:103910001846FAF737F8FB7B18461037BD4680BDCE
:103920000010024080B584B000AF78603960002399
:103930003B817B681B7807F108010222184600F0E2
:103940005BFC0346002B01D0032329E03B7ADB001C
:103950009BB223F4806323F00703FB817B7A5B092E
:10396000DBB2BB81FA89BB8913439BB27B813B7A73
:103970005BB2002B05DA7B89A3F580639BB21BB297
:1039800001E0B7F90A307B81B7F90A301946786847
:1039900000F060F8F0EE407A3B68C3ED007A002357
:1039A00018461037BD4680BDB0B584B000AF87ED76
:1039B000010AC7ED000A3868ECF7D6FD21A3D3E968
:1039C0000023ECF729FE02460B46104619461FA3BA
:1039D000D3E90023ECF76AFC02460B461046194671
:1039E000EDF712F90346FB607868ECF7BDFD04467D
:1039F0000D46F868ECF7B8FD02460B464FF00000A4
:103A00000F49ECF733FF02460B46104619464FF0BC
:103A100000020B4BECF748FC02460B4620462946B9
:103A2000ECF7FAFD02460B4610461946EDF7ECF8A6
:103A3000034607EE903AB0EE670A1037BD46B0BDB8
:103A40000000F03F94F6065F984C553F3411363C29
:103A5000BD52C63F80B586B000AF78600B467B8014
:103A60007B68D3ED017AB7F9023007EE103AB8EE71
:103A7000C77AF0EE470AB0EE670AFFF795FFF0EE5F
:103A8000407AFCEEE77A17EE903A3B617B689B68E0
:103A90005B683A699A4207D87B689B689B6807EE27
:103AA000903AF8EEE77A31E00123FB827B689B686D
:103AB0001B88FB8115E07B689A68FB8ADB00134456
:103AC0005B683A699A4209D8FB8ADBB23A691946BF
:103AD000786800F020F8F0EE407A17E0FB8A0133B6
:103AE000FB82FA8AFB899A42E5D37B689A687B68F5
:103AF0009B681B88013BDB0013449B6807EE903AF0
:103B0000F8EEE77AC7ED027AD7ED027AB0EE670AEF
:103B10001837BD4680BD80B487B000AFF8600B4653
:103B20007A60FB72FB689A68FB7ADB0013449B683F
:103B300007EE903AB8EEE77AFB689A68FB7A013BA9
:103B4000DB0013449B6807EE903AF8EEE77A77EED5
:103B5000676AFB689A68FB7ADB0013445B6807EED0
:103B6000903AB8EE677AFB689A68FB7A013BDB0013
:103B700013445B6807EE903AF8EE677A37EE677A9F
:103B8000C6EE877AC7ED057AFB689A68FB7ADB0098
:103B900013449B6807EE903AB8EEE77AFB689A68A0
:103BA000FB7ADB0013445B6807EE903AF8EE676A35
:103BB000D7ED057A66EEA77A77EE677AC7ED047AD5
:103BC0007B6807EE903AB8EE677AD7ED057A27EE74
:103BD000277AD7ED047A77EE277AB0EE670A1C379A
:103BE000BD465DF8047B704780B582B000AF786059
:103BF0007A68137A23F0030313727A68137A23F036
:103C00001C0313727A68137A23F0600313727A68C4
:103C1000137A23F0800313727A68537A43F0010316
:103C200053727A68537A23F0020353727A68537A94
:103C300043F0040353727A68537A23F008035372F3
:103C40007A68537A23F0100353727A68537A43F0F8
:103C5000800353727B6841225A817B6805221A7364
:103C6000786800F0A5F80346002B01D0012308E096
:103C7000786800F053F80346002B01D0012300E0E0
:103C8000002318460837BD4680BD000080B584B0CB
:103C900000AF78603960786807F10C0202230021D8
:103CA000FFF7A2F90346FB73FB7B002B03D03B68B5
:103CB000184A1A6028E03B7B07EE903AF8EE677AE4
:103CC000B3EE007A27EE877A7B7B07EE903AF8EE28
:103CD000676AB3EE006AC6EE867A77EE277A3B68AB
:103CE000C3ED007A3B7B5BB2002B07DA3B68D3ED78
:103CF000007A9FED097A77EEC77A02E03B68D3ED50
:103D0000007A3B68C3ED007AFB7B18461037BD464E
:103D100080BD00BFFFFF7F7F0000804580B582B07F
:103D200000AF786078687B6803F108020123062100
:103D3000FFF79FF90346002B01D0012334E0786898
:103D40007B6803F1090201230821FFF792F903467A
:103D5000002B01D0012327E078687B6803F109027A
:103D600001230921FFF785F90346002B01D0012328
:103D70001AE078687B6803F1090201230A21FFF742
:103D800078F90346002B01D001230DE078687B68A9
:103D900003F1090201230B21FFF76BF90346002B06
:103DA00001D0012300E0002318460837BD4680BD3E
:103DB00080B584B000AF78607B68B3F90A309BB2FD
:103DC0009B009BB2FB810023BB81B7F90E30002B17
:103DD00009DAB7F90E305B429B115BB263F07F03E7
:103DE0005BB2DBB204E0B7F90E309B111BB2DBB261
:103DF0003B73B7F90E30002B06DAFB89DBB25B426E
:103E0000DBB29B00DBB203E0FB89DBB29B00DBB2E1
:103E10007B73786807F10C0202231021FFF729F960
:103E20000346002B01D0012358E0786807F10C020B
:103E300002231121FFF71DF90346002B01D00123B6
:103E40004CE0786807F10C0202231221FFF711F908
:103E50000346002B01D0012340E0786807F10C02F3
:103E600002231321FFF705F90346002B01D001239C
:103E700034E078687B6803F10C0201230C21FFF722
:103E8000F8F80346002B01D0012327E078687B680F
:103E900003F10C0201230D21FFF7EBF80346002B81
:103EA00001D001231AE078687B6803F10C0201233A
:103EB0000E21FFF7DEF80346002B01D001230DE0B1
:103EC00078687B6803F10C0201230F21FFF7D1F81A
:103ED0000346002B01D0012300E0002318461037D1
:103EE000BD4680BD80B5A0B000AF3B46184600F08F
:103EF00005F8034618468037BD4680BD80B584B0BE
:103F000000AF786080237A6800210548FFF76CF8DD
:103F10000346FB73FB7B18461037BD4680BD00BFD0
:103F2000D4E3010880B582B000AF03463A60FB716C
:103F30000B46BB7197F90730002B03DB97F906306E
:103F4000002B01DA012306E0BB79F9793A680448CD
:103F5000FFF74AF8034618460837BD4680BD00BF44
:103F6000D4E3010880B582B000AF03463960FB712D
:103F700097F90730002B01DA012306E0F9790123D4
:103F80003A680448FFF730F8034618460837BD463C
:103F900080BD00BFD4E3010880B582B000AF034606
:103FA0000A46FB711346BB7197F90730002B01DA03
:103FB000012306E0BA1DF97901230448FFF759F8F7
:103FC000034618460837BD4680BD00BFD4E301084C
:103FD00080B582B000AF03463A60FB710B46BB71FF
:103FE00097F90730002B03DB97F90630002B01DA35
:103FF000012306E0BB79F9793A680448FFF739F8FC
:10400000034618460837BD4680BD00BFD4E301080B
:1040100080B584B000AF7860164B1B681846FEF779
:10402000ABF90346FB8164231A46FB899A4204DDFF
:104030007B6800221A80012318E0FB8907EE903A82
:10404000F8EE677A9FED0C7A67EE877A9FED0B7A30
:1040500077EE877A9FED0A7A67EE877AFDEEE77A48
:1040600017EE903A1AB27B681A8000231846103770
:10407000BD4680BD28010020AF94193D68C647C1E8
:104080000000C84280B500AF01224FF4005106483D
:10409000F9F778FC642001F013FF0448FEF79AFA60
:1040A0000346184680BD00BF000402402C010020DA
:1040B00080B582B000AF0346FB80B7F906301946E1
:1040C0000348FEF743FD034618460837BD4680BD4A
:1040D0002C01002080B582B000AFBB1D19461248EC
:1040E000FEF706FD0346002B02D04FF0FF3317E02A
:1040F0000D48FEF77DFD0346002B02D1B7F90630CF
:104100000EE00948FEF774FD0346012B06D1B7F90E
:1041100006309BB25B429BB21BB201E04FF0FF3313
:1041200018460837BD4680BD2C01002080B582B0FE
:1041300000AFBB1D19460748FEF796FC0346002B4F
:1041400001D0FF2301E0B7F9063018460837BD4615
:1041500080BD00BF2C01002080B584B000AF0346B5
:10416000FB71FB790E4A52F823301846FEF704F92A
:104170000346FB60FB6807EE903AB8EE677AFB797E
:10418000084A9B001344D3ED007A67EE277AFDEED0
:10419000E77A17EE903A1BB218461037BD4680BD3D
:1041A0001CE40108FCE3010880B584B000AF0346BD
:1041B000FB71FB790E4A52F823301846FEF7DCF803
:1041C0000346FB60FB6807EE903AB8EE677AFB792E
:1041D000084A9B001344D3ED007A67EE277AFDEE80
:1041E000E77A17EE903A1BB218461037BD4680BDED
:1041F0000CE40108ECE3010880B584B000AF03468D
:104200003960FB711346BB71FB79184600F034F836
:10421000BB799AB2642339680648FBF7DBFB034697
:10422000FB73FB79184600F041F8FB7B184610370A
:10423000BD4680BDD019002080B584B000AF0346D4
:104240003960FB711346BB71FB79184600F014F816
:10425000BB799AB2642339680648FBF778FA0346BB
:10426000FB73FB79184600F021F8FB7B18461037EA
:10427000BD4680BDD019002080B582B000AF034696
:10428000FB71FB79074A52F82300FB79064A32F8A2
:10429000133000221946F9F775FB00BF0837BD46F9
:1042A00080BD00BF440100203801002080B582B0ED
:1042B00000AF0346FB71FB79074A52F82300FB79F4
:1042C000064A32F8133001221946F9F75BFB00BFAA
:1042D0000837BD4680BD00BF4401002038010020E2
:1042E00080B500AF0448FFF77FFC044800F020F9D8
:1042F0000023184680BD00BF580100208C0100201B
:1043000080B582B000AF03463960FB71FB79396834
:10431000184600F005F8034618460837BD4680BD2C
:1043200080B584B000AF03463960FB714FF00003E5
:10433000BB6007F10802FB791146184600F028F827
:104340000346FB73D7ED027AB2EE027A27EE877A44
:10435000F1EE046AC7EE267A9FED0B7A77EE877A44
:10436000C7ED027AD7ED027A9FED087A67EE877A79
:10437000FDEEE77A17EE903A1AB23B681A80FB7BA3
:1043800018461037BD4680BD000000420000C842FC
:1043900080B584B000AF03463960FB710023FB7326
:1043A000FB79042B2FD801A252F823F0C143010856
:1043B000CF430108DD430108EB430108F94301083D
:1043C00039681448FFF762FC0346FB731CE0396848
:1043D0001148FFF7A7FA0346FB7315E039680F4849
:1043E000FFF7A0FA0346FB730EE039680C48FFF7AD
:1043F00099FA0346FB7307E039680A4800F0F0F8C1
:104400000346FB7300E000BFFB7B18461037BD4638
:1044100080BD00BF58010020680100207401002009
:10442000800100208C01002080B500AF0E4B1B687E
:104430000E4898470346002B01D0012312E00C4B95
:104440001B680A4898470346002B01D0012309E066
:10445000084B1B68054898470346002B01D00123F1
:1044600000E00023184680BD78000020741D002065
:1044700088000020AC00002080B582B000AF7860DA
:1044800079680648F7F706F80346002B01D00123A8
:1044900000E0002318460837BD4680BD741D00208B
:1044A00080B582B000AF786079680648F7F723FAE4
:1044B0000346002B01D0012300E0002318460837F3
:1044C000BD4680BD741D002080B586B000AFF86089
:1044D0007A601A460B46FB7213463B813B89DBB27E
:1044E000F97A7A680448FEF77FFD03467B617B69B1
:1044F00018461837BD4680BD2CE4010880B586B04B
:1045000000AFF8607A601A460B46FB7213463B8197
:104510003B89DBB2F97A7A680448FEF7AAFD0346C4
:104520007B617B6918461837BD4680BD2CE40108C5
:1045300080B582B000AF78607A68137A23F0010307
:1045400013727A68137A23F0020313727A68137A6B
:1045500023F0040313727A68137A23F0180313729A
:104560007A68537A23F0100353727A68537A0221DF
:1045700061F3871353727B684FF4C8625A817B687A
:104580004FF4B4629A8178687B6803F108020223D1
:104590000121FEF76EFD0346002B01D001231AE036
:1045A00078687B6803F10A0202230221FEF761FDAD
:1045B0000346002B01D001230DE078687B6803F1EE
:1045C0000C0202230321FEF754FD0346002B01D009
:1045D000012300E0002318460837BD4680BD0000D7
:1045E00080B584B000AF78603960786807F1080260
:1045F00002230021FEF7F8FC0346FB73FB7B002B34
:1046000003D03B68114A1A601AE03B7A1B01BB8158
:104610007B7A1B09DBB27B81BA897B89134407EE65
:10462000903AF8EEE77A3B68C3ED007A3B68D3ED49
:10463000007A9FED077A67EE877A3B68C3ED007AD0
:10464000FB7B18461037BD4680BD00BFFFFF7F7F54
:104650000000803DB0B582B000AF0346FB71FB792E
:10466000082B01D901232AE0174C4FF48075FB7900
:104670000021184600F02AF803461A46294620462B
:10468000F9F780F9104C4FF40075FB7901211846B9
:1046900000F01CF803461A4629462046F9F772F93D
:1046A000094C4FF48065FB790221184600F00EF8A2
:1046B00003461A4629462046F9F764F900231846AE
:1046C0000837BD46B0BD00BF0010024080B483B0C3
:1046D00000AF03460A46FB711346BB71FA79BB79FA
:1046E00042FA03F3DBB203F00103DBB218460C37E6
:1046F000BD465DF8047B704780B596B000AF78602A
:1047000000233B65002387F85730052387F8563090
:1047100007F10C0341220021184605F069FE07F15C
:1047200050031946786800F0C0F91B4B9A6807F1EE
:1047300050031146184600F0BBF80346002B26D064
:1047400007F10C0307F10C020221786800F026F84B
:1047500007F150031946786800F0A7F997F8573029
:104760005A1C87F8572097F856209A4201D1012306
:104770000EE00A20F7F788FE074B9A6807F150030E
:104780001146184600F094F80346002BE0D10023B0
:1047900018465837BD4680BDA401002080B586B0BC
:1047A00000AFF8607A603B600B46FB723B68002B01
:1047B00002D07B68002B01D101235EE07B68591C8D
:1047C0007B681B781A46F86800F0A6F80346002BB1
:1047D00001D0012351E00A20F7F756FE97F90B307C
:1047E0001946F86800F078F80346002B01D0012341
:1047F00043E00A20F7F748FE00237B6107F114032A
:104800001946F86800F0DDF808E00A20F7F73CFEEA
:1048100007F114031946F86800F0D3F897F90B3044
:10482000184A52F8232007F114031146184600F0E5
:104830002BF80346002BE8D100233B6107F110025F
:1048400007F114031146184600F01EF80346002B2A
:1048500008D13B6801333A681946F86800F0D1F88E
:1048600001230AE00A20F7F70FFE3B6801333A689C
:104870001946F86800F0C5F8034618461837BD46D3
:1048800080BD00BFB001002080B582B000AF78606D
:10489000396004223968786805F0C6FD0346002BAC
:1048A0000CBF01230023DBB218460837BD4680BD8C
:1048B00080B582B000AF78603960042239687868CA
:1048C00005F0B2FD0346002B0CBF01230023DBB231
:1048D00018460837BD4680BD80B584B000AF78600B
:1048E0000B46FB700423BB6000233B7397F9033036
:1048F000084A52F823301B68C7F80930786807F176
:10490000080205230821FEF7B4FB034618461037BA
:10491000BD4680BDB00100202DE9F04387B000AF57
:10492000F860B9601346FB806B461E46FB88402B3F
:1049300001D901233FE0FB88002B01D100233AE09D
:10494000FB88591C4B1E7B610A4600239046994602
:104950004FF000024FF000034FEAC90343EA5873D7
:104960004FEAC8020A46002314461D464FF00002D3
:104970004FF00003EB0043EA5473E2000B460733A9
:10498000DB08DB00ADEB030D6B463B61FB88DAB265
:104990003B691A703B690133FA88B968184605F01B
:1049A0002AFEF868FB88DBB20133DBB23A690921E1
:1049B000FEF75FFB0346B54618461C37BD46BDE80B
:1049C000F08380B584B000AF7860396007F10803E8
:1049D00000221A601A71786807F10802052308217D
:1049E000FEF702FB0346002B01D0012305E0D7F8B8
:1049F00009301A463B681A60002318461037BD4636
:104A000080BD2DE9F04389B000AFF860B9607A60ED
:104A10006B461E464023FB83FB8BBB61FB8B013344
:104A20000022984691464FF000024FF000034FEAF3
:104A3000C90343EA58734FEAC802FB8B01330022D3
:104A40001C4615464FF000024FF00003EB0043EA0E
:104A50005473E200FB8B01330733DB08DB00ADEB63
:104A6000030D6B467B61F868FB8BDBB20133DBB275
:104A70007A690921FEF7B8FA0346002B01D0012319
:104A80000DE07B69591C7B691B781A46B86805F0F4
:104A9000B2FD7B691B781A467B681A800023B546F5
:104AA00018462437BD46BDE8F08380B584B000AF1A
:104AB0007860396007F1080300221A601A7178687B
:104AC00007F1080205230321FEF78EFA0346002BA7
:104AD00001D0012305E0D7F809301A463B681A6077
:104AE000002318461037BD4680BD000080B584B055
:104AF00000AF0346FB71FB79184600F0FDF8034652
:104B0000FB81FA89FB791146184600F00BF9B86071
:104B1000FA79094913465B001344DB000B44043364
:104B20001B680122B9681846FCF797FC0346184633
:104B30001037BD4680BD00BF0C02002080B582B09A
:104B400000AF03463960FB711346BB80FA7909490F
:104B500013465B001344DB000B4404331868BA8827
:104B60004FF0FF333968FCF7EDFB03461846083772
:104B7000BD4680BD0C02002080B582B000AF7860D9
:104B800000F026F9104B1B6A0F4A928C1344002246
:104B90001A700D4B1B6A4FF400720021184605F085
:104BA00027FC094B00229A84084B1868064B196AA7
:104BB0000023002200F082FC054B00221A7000BF87
:104BC0000837BD4680BD00BF0C020020600C0020ED
:104BD000AC24002080B582B000AF424B9B8CFB71AF
:104BE000414B1B78022B4AD0022B73DC002B02D0E6
:104BF000012B1DD06EE03B4B1A6AFB7913441B78E6
:104C0000AA2B11D100F0C2F8374B01221A70374B92
:104C100000221A60364B00221A60FB799BB20133E6
:104C20009AB2304B9A8456E02E4B00229A8452E07E
:104C30002C4B1A6AFB7913441B781A462C4B1B68C1
:104C4000DB0002FA03F31A46284B1B681343274A7A
:104C50001360274B1B680133254A1360244B1B68E4
:104C6000032B05D9204B02221A70214B00221A6017
:104C7000FB799BB201339AB21A4B9A842BE01C4BFE
:104C80001B6801331A4A1360194B1A68174B1B68CB
:104C90009A4218D1144B00221A7000F099F8154B63
:104CA0001868104B196A0023002200F007FC0D4B16
:104CB0001B6A4FF400720021184605F099FB094B5E
:104CC00000229A8407E0FB799BB201339AB2054B2C
:104CD0009A8400E000BF0120FFF708FF00BF0837FB
:104CE000BD4680BD0C020020AC240020B024002072
:104CF000B4240020600C002080B483B000AF0346D1
:104D0000FB71FA79064913465B001344DB000B4440
:104D10000C331B8818460C37BD465DF8047B704782
:104D20000C02002080B483B000AF03460A46FB713A
:104D30001346BB80FA79084913465B001344DB0035
:104D40000B4408331A68BB88134418460C37BD4619
:104D50005DF8047B704700BF0C02002080B582B074
:104D600000AF0346FB71FA79074913465B00134411
:104D7000DB000B4404331B681846FCF73BFE03467C
:104D800018460837BD4680BD0C02002080B500AF34
:104D90000E4B1B681B686FF001021A610B4B1B68FE
:104DA0001846FBF7E1FA094B1B681B6800225A62A0
:104DB000064B1B681B686FF001021A61034B1B68EE
:104DC0001846FBF761FA00BF80BD00BF6C020020EF
:104DD00080B500AF034B1B681846FBF7C5FA00BF50
:104DE00080BD00BF6C02002080B582B000AF78604B
:104DF000084B5B687A689A4207D0064BDB697A6891
:104E00009A4202D10120FFF7E5FE00BF0837BD46F8
:104E100080BD00BF0C02002080B483B000AF78607A
:104E200000BF0C37BD465DF8047B704780B500AF0E
:104E3000FEF7ACFB0346184680BD000080B584B089
:104E400000AF03460A46FB711346BB71FF23FB7399
:104E50000023BB7304237B7311E0BB7B0F4A12F862
:104E60001330FA799A4205D1BB7B0C4A5B0013449C
:104E70005B7800E0FB7BFB73BB7B0133BB73BA7BCE
:104E80007B7B9A42E9D3BA79FB7B11461846FEF741
:104E9000CDFC034618461037BD4680BD34E40108FA
:104EA00080B584B000AF0346FB71FF23FB73002382
:104EB000BB7304237B7311E0BB7B0F4A12F81330E2
:104EC000FA799A4205D1BB7B0B4A5B0013445B78AD
:104ED00000E0FB7BFB73BB7B0133BB73BA7B7B7B4B
:104EE0009A42E9D3FB7B1846FEF7E1FC03461846DD
:104EF0001037BD4680BD00BF34E4010880B584B0E2
:104F000000AF0346FB710023FB81FB79032B23D801
:104F100001A252F823F000BF294F0108354F0108C4
:104F2000414F01084D4F01080520FDF7C3FA034624
:104F3000FB8114E00220FDF7BDFA0346FB810EE081
:104F40000120FDF7B7FA0346FB8108E00020FDF7DA
:104F5000B1FA0346FB8102E00023FB8100BFFB891D
:104F600007EE903AF8EE677A9FED067A67EE877A59
:104F7000FDEEE77A17EE903A1BB218461037BD46A1
:104F800080BD00BFD93DF93D80B483B000AF7860EB
:104F90007B6803F108027B685A607B684FF0FF3240
:104FA0009A607B6803F108027B68DA607B6803F132
:104FB00008027B681A617B6800221A6000BF0C3708
:104FC000BD465DF8047B704780B483B000AF786065
:104FD0007B6800221A6100BF0C37BD465DF8047B78
:104FE000704780B485B000AF786039607B685B68DB
:104FF000FB603B68FA685A60FB689A683B689A6095
:10500000FB689B683A685A60FB683A689A603B683C
:105010007A681A617B681B685A1C7B681A6000BF3B
:105020001437BD465DF8047B704780B485B000AF8F
:10503000786039603B681B68BB60BB68B3F1FF3FB9
:1050400003D17B681B69FB600CE07B680833FB6065
:1050500002E0FB685B68FB60FB685B681B68BA6822
:105060009A42F6D2FB685A683B685A603B685B68B4
:105070003A689A603B68FA689A60FB683A685A60D6
:105080003B687A681A617B681B685A1C7B681A60E7
:1050900000BF1437BD465DF8047B704780B485B00F
:1050A00000AF78607B681B69FB607B685B687A682F
:1050B00092689A607B689B687A6852685A60FB685D
:1050C0005B687A689A4203D17B689A68FB685A6089
:1050D0007B6800221A61FB681B685A1EFB681A6015
:1050E000FB681B6818461437BD465DF8047B7047A3
:1050F00080B584B000AF786039607B68FB60FB6886
:10510000002B0BD14FF0500383F31188BFF36F8F47
:10511000BFF34F8FBB6000BF00BFFDE701F064FD30
:10512000FB681A68FB68DB6BF968096C01FB03F329
:105130001A44FB689A60FB6800229A63FB681A684D
:10514000FB685A60FB681A68FB68DB6B013BF96817
:10515000096C01FB03F31A44FB68DA60FB68FF2269
:1051600083F84420FB68FF2283F845203B68002B2E
:1051700014D1FB681B69002B1AD0FB68103318464A
:1051800001F02EF90346002B12D00D4B4FF0805248
:105190001A60BFF34F8FBFF36F8F09E0FB681033C6
:1051A0001846FFF7F1FEFB6824331846FFF7ECFEC4
:1051B00001F04CFD012318461037BD4680BD00BFED
:1051C00004ED00E080B58AB002AFF860B960134624
:1051D000FB71FB68002B0BD14FF0500383F3118858
:1051E000BFF36F8FBFF34F8F3B6100BF00BFFDE781
:1051F000FB68BA6802FB03F3FB61FB694C3318469A
:1052000001F014FEB861BB69002B11D0BB697B6152
:105210007B694C337B61BB69002283F84620FA79B5
:10522000BB69009313467A69B968F86800F005F81D
:10523000BB6918462037BD4680BD80B584B000AF3D
:10524000F860B9607A60FB70BB68002B03D1BB6962
:10525000BA691A6002E0BB697A681A60BB69FA68C9
:10526000DA63BB69BA681A640121B869FFF740FFC5
:10527000BB6900229A6400BF1037BD4680BD0000A4
:1052800080B58EB000AFF860B9607A603B600023F3
:105290007B63FB683B633B6B002B0BD14FF05003F0
:1052A00083F31188BFF36F8FBFF34F8F7B6200BF13
:1052B00000BFFDE7BB68002B03D13B6B1B6C002BD1
:1052C00001D1012300E00023002B0BD14FF050034C
:1052D00083F31188BFF36F8FBFF34F8F3B6200BF23
:1052E00000BFFDE73B68022B03D13B6BDB6B012B5F
:1052F00001D1012300E00023002B0BD14FF050031C
:1053000083F31188BFF36F8FBFF34F8FFB6100BF33
:1053100000BFFDE701F02AFA0346002B02D17B68AB
:10532000002B01D1012300E00023002B0BD14FF013
:10533000500383F31188BFF36F8FBFF34F8FBB61AF
:1053400000BF00BFFDE701F04FFC3B6B9A6B3B6B6E
:10535000DB6B9A4202D33B68022B45D13B6B9B6BC4
:10536000FB623A68B968386B00F040FAB8623B6B90
:105370009B6C002B14D03B68022B02D1FB6A002BE4
:105380002ED1386B00F092FB0346002B28D04A4BFD
:105390004FF080521A60BFF34F8FBFF36F8F1FE043
:1053A0003B6B5B6A002B10D03B6B2433184601F03B
:1053B00017F80346002B13D03F4B4FF080521A6072
:1053C000BFF34F8FBFF36F8F0AE0BB6A002B07D08C
:1053D000394B4FF080521A60BFF34F8FBFF36F8F7E
:1053E00001F034FC012363E07B68002B03D101F062
:1053F0002DFC00235CE07B6B002B06D107F1100332
:10540000184601F051F801237B6301F01FFC00F006
:10541000F7FD01F0E9FB3B6B93F844305BB2B3F16D
:10542000FF3F03D13B6B002283F844203B6B93F892
:1054300045305BB2B3F1FF3F03D13B6B002283F8F1
:10544000452001F003FC3A1D07F1100311461846F0
:1054500001F040F80346002B24D1386B00F0CBFA62
:105460000346002B18D03B6B10337A681146184660
:1054700000F090FF386B00F049FA00F0CFFD0346D2
:10548000002B7FF460AF0C4B4FF080521A60BFF3DB
:105490004F8FBFF36F8F56E7386B00F037FA00F08D
:1054A000BDFD50E7386B00F031FA00F0B7FD002386
:1054B00018463837BD4680BD04ED00E080B590B099
:1054C00000AFF860B9607A603B60FB68BB63BB6BA0
:1054D000002B0BD14FF0500383F31188BFF36F8F74
:1054E000BFF34F8FBB6200BF00BFFDE7BB68002B5F
:1054F00003D1BB6B1B6C002B01D1012300E0002307
:10550000002B0BD14FF0500383F31188BFF36F8F43
:10551000BFF34F8F7B6200BF00BFFDE73B68022BEC
:1055200003D1BB6BDB6B012B01D1012300E0002316
:10553000002B0BD14FF0500383F31188BFF36F8F13
:10554000BFF34F8F3B6200BF00BFFDE701F02CFCB3
:10555000EFF311824FF0500383F31188BFF36F8F85
:10556000BFF34F8FFA61BB61FB697B63BB6B9A6BC7
:10557000BB6BDB6B9A4202D33B68022B46D1BB6B01
:1055800093F8453087F83330BB6B9B6BFB623A680E
:10559000B968B86B00F02AF997F93330B3F1FF3FDF
:1055A00029D1BB6B9B6C002B12D03B68022B02D124
:1055B000FB6A002B27D1B86B00F078FA0346002B6A
:1055C00021D07B68002B1ED07B6801221A601AE074
:1055D000BB6B5B6A002B16D0BB6B2433184600F004
:1055E000FFFE0346002B0ED07B68002B0BD07B68A0
:1055F00001221A6007E097F833300133DBB25AB268
:10560000BB6B83F845200123FB6301E00023FB63B0
:105610007B6B7B617B6983F3118800BFFB6B184652
:105620004037BD4680BD000080B58CB000AFF8604B
:10563000B9607A600023FB62FB68BB62BB6A002B27
:105640000BD14FF0500383F31188BFF36F8FBFF37B
:105650004F8F3B6200BF00BFFDE7BB68002B03D14B
:10566000BB6A1B6C002B01D1012300E00023002B3F
:105670000BD14FF0500383F31188BFF36F8FBFF34B
:105680004F8FFB6100BF00BFFDE701F06FF80346DD
:10569000002B02D17B68002B01D1012300E0002305
:1056A000002B0BD14FF0500383F31188BFF36F8FA2
:1056B000BFF34F8FBB6100BF00BFFDE701F094FA5D
:1056C000BB6A9B6B7B627B6A002B1FD0B968B86A90
:1056D00000F0F6F87B6A5A1EBB6A9A63BB6A1B69C4
:1056E000002B0FD0BB6A1033184600F079FE03463A
:1056F000002B07D03C4B4FF080521A60BFF34F8F06
:10570000BFF36F8F01F0A2FA012369E07B68002BE1
:1057100003D101F09BFA002362E0FB6A002B06D163
:1057200007F11003184600F0BFFE0123FB6201F0F1
:105730008DFA00F065FC01F057FABB6A93F844302B
:105740005BB2B3F1FF3F03D1BB6A002283F8442070
:10575000BB6A93F845305BB2B3F1FF3F03D1BB6A3C
:10576000002283F8452001F071FA3A1D07F1100379
:105770001146184600F0AEFE0346002B23D1B86A4E
:1057800000F023F90346002B17D0BB6A24337A6854
:105790001146184600F0FEFDB86A00F0B7F800F0B8
:1057A0003DFC0346002B89D10F4B4FF080521A600D
:1057B000BFF34F8FBFF36F8F80E7B86A00F0A6F892
:1057C00000F02CFC7AE7B86A00F0A0F800F026FCA4
:1057D000B86A00F0FAF80346002B3FF46FAF0023DD
:1057E00018463037BD4680BD04ED00E080B586B078
:1057F00000AFF860B9607A6000237B61FB689B6B47
:105800003B61FB681B6C002B0DD1FB681B68002BF8
:105810004DD1FB689B68184600F0C6FF7861FB68B5
:1058200000229A6043E07B68002B19D1FB6858681E
:10583000FB681B6C1A46B96804F0DDFEFB685A6809
:10584000FB681B6C1A44FB685A60FB685A68FB686B
:105850009B689A422BD3FB681A68FB685A6026E063
:10586000FB68D868FB681B6C1A46B96804F0C3FE75
:10587000FB68DA68FB681B6C5B421A44FB68DA6001
:10588000FB68DA68FB681B689A4207D2FB689A6873
:10589000FB681B6C5B421A44FB68DA607B68022B76
:1058A00005D13B69002B02D03B69013B3B613B6961
:1058B0005A1CFB689A637B6918461837BD4680BD41
:1058C00080B582B000AF786039607B681B6C002BBC
:1058D00018D07B68DA687B681B6C1A447B68DA60D6
:1058E0007B68DA687B689B689A4203D37B681A6896
:1058F0007B68DA607B68D9687B681B6C1A463868FD
:1059000004F079FE00BF0837BD4680BD80B584B085
:1059100000AF786001F068F97B6893F84530FB735D
:105920001EE07B689B6C002B08D0786800F0BEF806
:105930000346002B10D000F031FE0DE07B685B6A5F
:10594000002B12D07B682433184600F049FD034633
:10595000002B01D000F022FEFB7B013BDBB2FB738E
:1059600097F90F30002BDCDC00E000BF7B68FF22E2
:1059700083F8452001F06AF901F036F97B6893F865
:105980004430BB7311E07B681B69002B12D07B682D
:105990001033184600F024FD0346002B01D000F020
:1059A000FDFDBB7B013BDBB2BB7397F90E30002BD7
:1059B000E9DC00E000BF7B68FF2283F8442001F0AF
:1059C00045F900BF1037BD4680BD80B584B000AF3B
:1059D000786001F009F97B689B6B002B02D10123F1
:1059E000FB6001E00023FB6001F030F9FB68184622
:1059F0001037BD4680BD80B584B000AF786001F03F
:105A0000F3F87B689A6B7B68DB6B9A4202D10123C7
:105A1000FB6001E00023FB6001F018F9FB68184609
:105A20001037BD4680BD80B584B000AF78600022DD
:105A300004217868FFF7C6FBF860FB68184610374A
:105A4000BD4680BD80B584B000AF7860396001F09C
:105A5000CBF87B689B6C002B02D00023FB600BE033
:105A60007B689B6B002B02D00023FB6004E07B680B
:105A70003A689A640123FB6001F0E8F8FB68184675
:105A80001037BD4680BD80B584B000AF7860396006
:105A90000023FB6007F10C033A6819467868FFF7AA
:105AA000C3FDFB6818461037BD4680BD80B588B081
:105AB00000AF78607B689B6CBB610023FB61BB69B6
:105AC000002B0BD14FF0500383F31188BFF36F8F7E
:105AD000BFF34F8F3B6100BF00BFFDE7BB699A6B0F
:105AE000BB69DB6B9A420BD34FF0500383F31188F1
:105AF000BFF36F8FBFF34F8FFB6000BF00BFFDE7A9
:105B0000BB699A6BBB69DB6B9A4225D2BB6993F880
:105B10004530FB753B1D00221946B869FFF766FE4C
:105B2000F86197F91730B3F1FF3F0ED1BB695B6A9B
:105B3000002B11D0BB692433184600F051FC0346FA
:105B4000002B09D00123FB6106E0FB7D0133DBB2B2
:105B50005AB2BB6983F84520FB6918462037BD4619
:105B600080BD80B58EB004AFF860B9607A603B60EC
:105B70007B6B002B0BD14FF0500383F31188BFF3E5
:105B80006F8FBFF34F8F3B6200BF00BFFDE7BB6B62
:105B9000002B0BD14FF0500383F31188BFF36F8FAD
:105BA000BFF34F8FFB6100BF00BFFDE7A0233B6148
:105BB0003B69A02B0BD04FF0500383F31188BFF348
:105BC0006F8FBFF34F8FBB6100BF00BFFDE73B6925
:105BD000BB6B002B1ED07B6B002B1BD0BB6B7B6287
:105BE0007B6A7A6B1A637B6A022283F89D2000230A
:105BF00003937B6A029307F1140301933B6B0093B9
:105C00003B687A68B968F86800F050F8786A00F084
:105C1000EDF801E000237B617B6918462837BD461B
:105C200080BD80B58CB004AFF860B9603B601346AE
:105C3000FB80FB889B00184601F0F8F878617B69CF
:105C4000002B0ED0A02001F0F1F8F861FB69002BC9
:105C500003D0FB697A691A6305E0786901F0B4F949
:105C600001E00023FB61FB69002B17D0FB690022D8
:105C700083F89D20FA8800230393FB690293FB6A53
:105C80000193BB6A00933B68B968F86800F00EF8AE
:105C9000F86900F0ABF80123BB6102E04FF0FF337D
:105CA000BB61BB6918462037BD4680BD80B588B052
:105CB00000AFF860B9607A603B603B6B1A6B7B6841
:105CC00003F18043013B9B001344BB61BB6923F09C
:105CD0000703BB61BB6903F00703002B0BD04FF038
:105CE000500383F31188BFF36F8FBFF34F8F7B6136
:105CF00000BF00BFFDE7BB68002B1FD00023FB6186
:105D000012E0BA68FB69134419783A6BFB691344D3
:105D100034330A461A70BA68FB6913441B78002BA7
:105D200006D0FB690133FB61FB690F2BE9D900E069
:105D300000BF3B6B002283F8432003E03B6B002253
:105D400083F83420BB6A062B01D90623BB623B6B68
:105D5000BA6ADA623B6BBA6A5A643B6B00229A6495
:105D60003B6B04331846FFF72FF93B6B183318468B
:105D7000FFF72AF93B6B3A6B1A61BB6AC3F1070262
:105D80003B6B9A613B6B3A6B5A623B6B0022C3F8E8
:105D900098203B6B002283F89C203B6B4C334C22B9
:105DA0000021184604F024FB3B6B0D4A1A653B6B3F
:105DB0000C4A5A653B6B0C4A9A653A68F968B869AF
:105DC00000F0E0FD02463B6B1A60FB6A002B02D03C
:105DD000FB6A3A6B1A6000BF2037BD4680BD00BF2A
:105DE0000C62002074620020DC62002080B582B06A
:105DF00000AF786000F0F8FE2A4B1B680133294A97
:105E00001360294B1B68002B09D1274A7B6813605C
:105E1000244B1B68012B10D100F0E4FB0DE0234B59
:105E20001B68002B09D1204B1B68DA6A7B68DB6A90
:105E30009A4202D81C4A7B6813601D4B1B680133D1
:105E40001B4A13607B68DB6A01229A40194B1B686E
:105E50001343184A13607B68DA6A13469B001344A5
:105E60009B00154A1A447B68043319461046FFF715
:105E7000B8F800F0EBFE0D4B1B68002B0ED00A4B60
:105E80001B68DA6A7B68DB6A9A4207D20B4B4FF0D9
:105E900080521A60BFF34F8FBFF36F8F00BF083778
:105EA000BD4680BDB8250020B8240020C4250020B0
:105EB000D4250020C0250020BC24002004ED00E0F3
:105EC00080B584B000AF78600023FB607B68002B56
:105ED00018D0144B1B68002B0BD04FF0500383F3EA
:105EE0001188BFF36F8FBFF34F8FBB6000BF00BF40
:105EF000FDE700F085F80021786800F0DDFC00F097
:105F00008DF8F860FB68002B07D1074B4FF08052EB
:105F10001A60BFF34F8FBFF36F8F00BF1037BD46BE
:105F200080BD00BFE025002004ED00E080B58AB010
:105F300004AF0023BB6000237B603A46391D07F1A4
:105F400008031846F3F7A6FE39687B68BA68029220
:105F500001930023009300230A4621492148FFF7BB
:105F600000FE0346204A13601F4B1B68002B02D023
:105F700001237B6101E000237B617B69012B1BD145
:105F80004FF0500383F31188BFF36F8FBFF34F8F30
:105F90003B6100BF154B1B684C33154A1360154B12
:105FA0004FF0FF321A60144B01221A60134B00228B
:105FB0001A6000F075FD0FE07B69B3F1FF3F0BD174
:105FC0004FF0500383F31188BFF36F8FBFF34F8FF0
:105FD000FB6000BF00BFFDE700BF1837BD4680BDB6
:105FE0000CDB0108B5650108DC250020B824002081
:105FF000EC030020D8250020C4250020BC2500206B
:1060000080B400AF044B1B680133034A136000BF28
:10601000BD465DF8047B7047E025002080B584B064
:1060200000AF0023FB600023BB60424B1B68002BCA
:106030000BD14FF0500383F31188BFF36F8FBFF381
:106040004F8F3B6000BF00BFFDE700F0CDFD394B37
:106050001B68013B374A1360364B1B68002B61D12C
:10606000354B1B68002B5DD02EE0344BDB68DB68C2
:10607000FB60FB6818331846FFF710F8FB68043321
:106080001846FFF70BF8FB68DB6A01229A402C4B9D
:106090001B6813432A4A1360FB68DA6A13469B00A5
:1060A00013449B00274A1A44FB68043319461046E0
:1060B000FEF797FFFB68DA6A234B1B68DB6A9A429C
:1060C00002D3224B01221A601C4B1B68002BCCD13F
:1060D000FB68002B01D000F029FB1D4B1B687B6087
:1060E0007B68002B10D000F037F80346002B02D05D
:1060F000164B01221A607B68013B7B607B68002B9A
:10610000F1D1134B00221A60104B1B68002B09D0F1
:106110000123BB600F4B4FF080521A60BFF34F8FCB
:10612000BFF36F8F00F092FDBB6818461037BD4675
:1061300080BD00BFE0250020B82500207825002084
:10614000C0250020BC240020B8240020CC2500203D
:10615000C825002004ED00E080B586B000AF002324
:106160007B614F4B1B68002B40F08F804D4B1B68B1
:1061700001333B614B4A3B6913603B69002B21D1E2
:10618000494B1B681B68002B0BD04FF0500383F367
:106190001188BFF36F8FBFF34F8F3B6000BF00BF0D
:1061A000FDE7414B1B68FB60404B1B683E4A136098
:1061B0003E4AFB6813603E4B1B6801333C4A136048
:1061C00000F0B4FA3B4B1B683A699A4248D3364B0D
:1061D0001B681B68002B04D1364B4FF0FF321A604E
:1061E0003EE0314B1B68DB68DB68BB60BB685B680B
:1061F0007B603A697B689A4203D22E4A7B681360BF
:106200002EE0BB6804331846FEF748FFBB689B6A64
:10621000002B04D0BB6818331846FEF73FFFBB685D
:10622000DB6A01229A40244B1B681343224A136005
:10623000BB68DA6A13469B0013449B001F4A1A444A
:10624000BB68043319461046FEF7CBFEBB68DA6A1A
:106250001B4B1B68DB6A9A42B9D301237B61B6E70B
:10626000174B1B68DA6A154913469B0013449B00C1
:106270000B441B68012B01D901237B61114B1B6867
:10628000002B07D001237B6104E00F4B1B68013317
:106290000D4A13607B6918461837BD4680BD00BFA4
:1062A000E0250020BC25002070250020742500205A
:1062B000D0250020D8250020C0250020BC240020A7
:1062C000B8240020CC250020C825002080B487B049
:1062D00000AF2A4B1B68002B03D0294B01221A6008
:1062E00045E0274B00221A60264B1B68FB60FB68C9
:1062F000B3FA83F3FB72FB7AC3F11F037B6122497C
:106300007A6913469B0013449B000B441B68002BC7
:106310000BD14FF0500383F31188BFF36F8FBFF39E
:106320004F8F7B6000BF00BFFDE77A6913469B007B
:1063300013449B00144A13443B613B695B685A68F1
:106340003B695A603B695A683B6908339A4204D1F9
:106350003B695B685A683B695A603B695B68DB680C
:106360000A4A1360094B1B684C33094A136000BF8B
:106370001C37BD465DF8047B704700BFE025002058
:10638000CC250020C0250020BC240020B8240020FB
:10639000EC03002080B584B000AF786039607B6882
:1063A000002B0BD14FF0500383F31188BFF36F8F95
:1063B000BFF34F8FFB6000BF00BFFDE7074B1B68BB
:1063C000183319467868FEF730FE0121386800F06E
:1063D00073FA00BF1037BD4680BD00BFB82400204F
:1063E00080B586B000AF78607B68DB68DB683B61B6
:1063F0003B69002B0BD14FF0500383F31188BFF39F
:106400006F8FBFF34F8FFB6000BF00BFFDE73B699D
:1064100018331846FEF742FE1D4B1B68002B1CD19B
:106420003B6904331846FEF739FE3B69DB6A0122FB
:106430009A40184B1B681343164A13603B69DA6A8B
:1064400013469B0013449B00134A1A443B690433D0
:1064500019461046FEF7C5FD05E03B69183319469D
:106460000E48FEF7BEFD3B69DA6A0D4B1B68DB6A1E
:106470009A4205D901237B610A4B01221A6001E08F
:1064800000237B617B6918461837BD4680BD00BF7D
:10649000E0250020C0250020BC2400207825002015
:1064A000B8240020CC25002080B483B000AF7860F1
:1064B000064B1A687B681A60054B1A687B685A603D
:1064C00000BF0C37BD465DF8047B7047D025002027
:1064D000BC25002080B588B000AF786039607B684B
:1064E000002B0BD14FF0500383F31188BFF36F8F54
:1064F000BFF34F8F3B6100BF00BFFDE73B68002B40
:106500000BD14FF0500383F31188BFF36F8FBFF3AC
:106510004F8FFB6000BF00BFFDE700F065FB1D4B28
:106520001B68BB617B685B68BA69D31A7B613B6897
:106530001B68B3F1FF3F02D10023FB6123E07B68BE
:106540001A68154B1B689A4207D07B685B68BA696A
:106550009A4202D30123FB6115E03B681B687A690C
:106560009A420BD23B681A687B69D21A3B681A6060
:106570007868FFF799FF0023FB6104E03B68002285
:106580001A600123FB6100F061FBFB6918462037AC
:10659000BD4680BDBC250020D025002080B400AFC2
:1065A000034B01221A6000BFBD465DF8047B7047B3
:1065B000CC25002080B582B000AF786000F052F8A2
:1065C000064B1B68012BF9D9054B4FF080521A601E
:1065D000BFF34F8FBFF36F8FF0E700BFBC240020E5
:1065E00004ED00E080B582B000AF00237B600CE0DA
:1065F0007A6813469B0013449B00124A13441846C2
:10660000FEF7C2FC7B6801337B607B68062BEFD909
:106610000D48FEF7B9FC0D48FEF7B6FC0C48FEF736
:10662000B3FC0C48FEF7B0FC0B48FEF7ADFC0B4B7F
:10663000054A1A600A4B054A1A6000BF0837BD4672
:1066400080BD00BFBC240020482500205C25002020
:10665000782500208C250020A4250020702500200E
:106660007425002080B582B000AF19E000F0BCFABC
:10667000104BDB68DB687B607B6804331846FEF7F1
:106680000DFD0D4B1B68013B0B4A13600B4B1B6848
:10669000013B0A4A136000F0D9FA786800F010F85C
:1066A000064B1B68002BE1D100BF00BF0837BD4679
:1066B00080BD00BF8C250020B8250020A02500202B
:1066C00080B584B000AF78607B684C33184603F027
:1066D000D1FE7B6893F89D30002B08D17B681B6B43
:1066E000184600F071FC786800F06EFC19E07B68D9
:1066F00093F89D30012B03D1786800F065FC10E021
:106700007B6893F89D30022B0BD04FF0500383F33E
:106710001188BFF36F8FBFF34F8FFB6000BF00BFC7
:10672000FDE700BF1037BD4680BD000080B483B0D8
:1067300000AF0C4B1B681B68002B04D10A4B4FF0B9
:10674000FF321A6008E0074B1B68DB68DB687B6080
:106750007B685B68044A136000BF0C37BD465DF878
:10676000047B704770250020D825002080B483B0BA
:1067700000AF0B4B1B68002B02D101237B6008E0AC
:10678000084B1B68002B02D102237B6001E0002331
:106790007B607B6818460C37BD465DF8047B70470C
:1067A000C4250020E025002080B586B000AF7860C9
:1067B0007B683B6100237B617B68002B70D03B4B87
:1067C0001B683A699A420BD04FF0500383F311884B
:1067D000BFF36F8FBFF34F8FFB6000BF00BFFDE7BC
:1067E0003B699B6C002B0BD14FF0500383F3118856
:1067F000BFF36F8FBFF34F8FBB6000BF00BFFDE7DC
:106800003B699B6C5A1E3B699A643B69DA6A3B6937
:106810005B6C9A4244D03B699B6C002B40D13B6936
:1068200004331846FEF73AFC0346002B15D13B69AA
:10683000DA6A1F4913469B0013449B000B441B68F4
:10684000002B0AD13B69DB6A012202FA03F3DA4327
:10685000184B1B681340174A13603B695A6C3B691D
:10686000DA623B69DB6AC3F107023B699A613B6903
:10687000DB6A01229A400F4B1B6813430D4A1360D9
:106880003B69DA6A13469B0013449B00084A1A448A
:106890003B69043319461046FEF7A3FB01237B61D5
:1068A0007B6918461837BD4680BD00BFB82400205C
:1068B000BC240020C025002080B584B000AF7860E3
:1068C0003960294B1B68FB60284B1B680433184652
:1068D000FEF7E4FB0346002B0BD1244B1B68DB6A5D
:1068E000012202FA03F3DA43214B1B681340204ACA
:1068F00013607B68B3F1FF3F0AD13B68002B07D0E0
:106900001A4B1B68043319461A48FEF76AFB26E047
:10691000FA687B681344BB60144B1B68BA685A6002
:10692000BA68FB689A4209D2134B1A680F4B1B686E
:10693000043319461046FEF778FB10E00F4B1A6837
:106940000A4B1B68043319461046FEF76EFB0C4BCE
:106950001B68BA689A4202D2094ABB68136000BF3A
:106960001037BD4680BD00BFBC250020B8240020E4
:10697000C0250020A42500207425002070250020BB
:10698000D825002080B485B000AFF860B9607A6087
:10699000FB68043BFB60FB684FF080721A60FB6889
:1069A000043BFB60BB6823F00102FB681A60FB68D4
:1069B000043BFB600C4AFB681A60FB68143BFB60FD
:1069C0007A68FB681A60FB68043BFB60FB686FF049
:1069D00002021A60FB68203BFB60FB681846143714
:1069E000BD465DF8047B7047ED69010880B485B051
:1069F00000AF00237B60134B1B68B3F1FF3F0BD04C
:106A00004FF0500383F31188BFF36F8FBFF34F8FA5
:106A1000FB6000BF00BFFDE74FF0500383F3118818
:106A2000BFF36F8FBFF34F8FBB6000BF00BF7B68AA
:106A3000002BFCD000BF00BF1437BD465DF8047BBF
:106A4000704700BF7002002000000000000000003E
:106A5000074B19680868B0E8F04F80F30988BFF366
:106A60006F8F4FF0000080F311887047AFF3008004
:106A7000B824002000BF00BF08480068006880F309
:106A800008884FF0000080F3148862B661B6BFF347
:106A90004F8FBFF36F8F00DF00BF00BF08ED00E036
:106AA00080B586B000AF474B1B68474A93420BD175
:106AB0004FF0500383F31188BFF36F8FBFF34F8FF5
:106AC000FB6000BF00BFFDE73E4B1B683F4A93429F
:106AD0000BD14FF0500383F31188BFF36F8FBFF3D7
:106AE0004F8F3B6100BF00BFFDE7394B7B617B6986
:106AF0001B78DBB27B607B69FF221A707B691B7895
:106B0000DBB2FB70FB78DBB203F05003DAB2314B3F
:106B10001A70314B07221A6009E02F4B1B68013BAA
:106B20002D4A1360FB78DBB25B00DBB2FB70FB78B5
:106B3000DBB203F08003802BEFD0274B1B68C3F13F
:106B40000703042B0BD04FF0500383F31188BFF3DE
:106B50006F8FBFF34F8FBB6000BF00BFFDE71E4BC1
:106B60001B681B021C4A13601B4B1B6803F4E06389
:106B7000194A13607B68DAB27B691A70174B1B687D
:106B8000164A43F470031360144B1B68134A43F016
:106B90007043136000F0DAF8114B00221A6000F025
:106BA000F9F8104B1B680F4A43F040431360FFF79E
:106BB00063FFFFF78BFBFFF719FF00231846183719
:106BC000BD4680BD00ED00E071C20F4170C20F41B3
:106BD00000E400E0E4250020E825002020ED00E0AE
:106BE0007002002034EF00E080B483B000AF4FF0BB
:106BF000500383F31188BFF36F8FBFF34F8F7B6018
:106C000000BF104B1B6801330E4A13600D4B1B680D
:106C1000012B10D10C4B1B68DBB2002B0BD04FF0BB
:106C2000500383F31188BFF36F8FBFF34F8F3B6027
:106C300000BF00BFFDE700BF0C37BD465DF8047B19
:106C4000704700BF7002002004ED00E080B483B004
:106C500000AF124B1B68002B0BD14FF0500383F396
:106C60001188BFF36F8FBFF34F8F7B6000BF00BFF2
:106C7000FDE70A4B1B68013B084A1360074B1B6882
:106C8000002B05D100233B603B6883F3118800BFD4
:106C900000BF0C37BD465DF8047B704770020020D2
:106CA000EFF30980BFF36F8F154B1A681EF0100FBA
:106CB00008BF20ED108A20E9F04F106009B44FF0B2
:106CC000500080F31188BFF34F8FBFF36F8FFFF732
:106CD000FDFA4FF0000080F3118809BC19680868BC
:106CE000B0E8F04F1EF0100F08BFB0EC108A80F330
:106CF0000988BFF36F8F7047AFF30080AFF3008058
:106D0000B824002000BF00BF80B582B000AF4FF0B4
:106D1000500383F31188BFF36F8FBFF34F8F7B60F6
:106D200000BFFFF719FA0346002B03D0064B4FF0C4
:106D300080521A6000233B603B6883F3118800BFD8
:106D400000BF0837BD4680BD04ED00E080B400AF51
:106D50000B4B00221A600B4B00221A600A4B1B6877
:106D60000A4AA2FB03239B09094A013B1360044B17
:106D700007221A6000BFBD465DF8047B704700BF64
:106D800010E000E018E000E074000020D34D621035
:106D900014E000E0DFF80C00016841F470010160CC
:106DA000704700BF88ED00E080B485B000AFEFF31E
:106DB0000583FB60FB680F2B15D9184AFB68134449
:106DC0001B78FB72164B1B78FA7A9A420BD24FF063
:106DD000500383F31188BFF36F8FBFF34F8F7B6036
:106DE00000BF00BFFDE70F4B1B6803F4E0620E4BD2
:106DF0001B689A420BD94FF0500383F31188BFF3FD
:106E00006F8FBFF34F8F3B6000BF00BFFDE700BF38
:106E10001437BD465DF8047B704700BFF0E300E027
:106E2000E42500200CED00E0E825002080B58AB0C4
:106E300000AF78600023FB61FFF7E2F85C4B1B6852
:106E4000002B01D100F024F95A4B1A687B681340DB
:106E5000002B40F095807B68002B1ED008227B68B9
:106E600013447B607B6803F00703002B15D07B681D
:106E700023F0070308337B607B6803F00703002BD4
:106E80000BD04FF0500383F31188BFF36F8FBFF324
:106E90004F8F7B6100BF00BFFDE77B68002B6FD089
:106EA000454B1B687A689A426AD8444B3B62434B15
:106EB0001B687B6204E07B6A3B627B6A1B687B62C7
:106EC0007B6A5B687A689A4203D97B6A1B68002BED
:106ED000F1D1374B1B687A6A9A4251D03B6A1B68E2
:106EE00008221344FB617B6A1A683B6A1A607B6A5A
:106EF0005A687B68D21A08235B009A4220D97A6AC2
:106F00007B681344BB61BB6903F00703002B0BD004
:106F10004FF0500383F31188BFF36F8FBFF34F8F90
:106F20003B6100BF00BFFDE77B6A5A687B68D21AED
:106F3000BB695A607B6A7A685A60B86900F00AF9DE
:106F40001D4B1A687B6A5B68D31A1B4A13601A4B85
:106F50001A681B4B1B689A4203D2174B1B68184ACE
:106F600013607B6A5A68134B1B681A437B6A5A602A
:106F70007B6A00221A60134B1B680133114A1360AD
:106F8000FFF74CF8FB6903F00703002B0BD04FF021
:106F9000500383F31188BFF36F8FBFF34F8FFB60F4
:106FA00000BF00BFFDE7FB6918462837BD4680BD1E
:106FB000F461002008620020F8610020EC610020EC
:106FC000FC6100200062002080B586B000AF7860D0
:106FD0007B687B617B68002B4FD008235B427A691A
:106FE00013447B617B693B613B695A68254B1B6895
:106FF0001340002B0BD14FF0500383F31188BFF3E4
:107000006F8FBFF34F8FFB6000BF00BFFDE73B6991
:107010001B68002B0BD04FF0500383F31188BFF394
:107020006F8FBFF34F8FBB6000BF00BFFDE73B69B1
:107030005A68144B1B681340002B1ED03B691B6819
:10704000002B1AD13B695A680E4B1B68DB431A4070
:107050003B695A60FEF7D4FF3B695A680A4B1B68CC
:107060001344094A1360386900F074F8074B1B6831
:107070000133064A1360FEF7D1FF00BF1837BD4643
:1070800080BD00BF08620020F8610020046200207B
:1070900080B485B000AF4FF47053BB60274BFB60EA
:1070A000FB6803F00703002B0CD0FB680733FB6081
:1070B000FB6823F00703FB60BA68FB68D31A1F4A1A
:1070C0001344BB60FB687B601D4A7B6813601C4BEC
:1070D00000225A607B68BA681344FB600822FB6890
:1070E0009B1AFB60FB6823F00703FB60FB68154AF3
:1070F0001360144B1B6800225A60124B1B6800225D
:107100001A607B683B603B68FA68D21A3B685A6039
:107110000C4B1A683B681A603B685B680A4A13604C
:107120003B685B68094A1360094B4FF000421A60E4
:1071300000BF1437BD465DF8047B7047EC25002086
:10714000EC610020F4610020FC610020F861002067
:107150000862002080B485B000AF7860284BFB60E7
:1071600002E0FB681B68FB60FB681B687A689A4258
:10717000F7D8FB68BB60FB685B68BA6813447A6841
:107180009A4208D1FB685A687B685B681A44FB68BE
:107190005A60FB687B607B68BB607B685B68BA6831
:1071A0001A44FB681B689A4218D1FB681A68154B91
:1071B0001B689A420DD07B685A68FB681B685B6845
:1071C0001A447B685A60FB681B681A687B681A60FF
:1071D00008E00C4B1A687B681A6003E0FB681A68C9
:1071E0007B681A60FA687B689A4202D0FB687A680A
:1071F0001A6000BF1437BD465DF8047B704700BFBE
:10720000EC610020F461002080B586B000AFF8602A
:10721000B9607A60FB68002B05D0BB68002B02D0F8
:107220007B68002B05D1194B194A4E21194801F0F2
:107230009DFCBB681B687B611AE0FA687B6913449C
:107240001B78202B11D0FA687B6913441B78092B1B
:107250000BD0FA687B6913441B780A2B05D0FA68B7
:107260007B6913441B780D2B07D17B6901337B614C
:107270007A697B689A42E0D300E000BFBB687A6914
:107280001A6000BF1837BD4680BD00BF14DB01087F
:107290003CE401084CDB010880B485B000AF034634
:1072A000FB71FB79FB730023BB6005E0BB68013316
:1072B000BB60FB7B5B00FB7397F90F30002BF5DBAA
:1072C000BB6818461437BD465DF8047B7047000064
:1072D00080B586B000AF786039600023FB757B68AD
:1072E000012B02D97B68042B05D91B4B1B4A882133
:1072F0001B4801F03BFC7B68022B03D07B68032B0F
:1073000006D00CE080233B6140F2FF73FB600CE091
:107310004FF400633B614FF6FF73FB6005E04FF4F1
:1073200080333B610F4BFB6000BF3A683B699A4278
:107330000DD33A68FB689A4209D83B68B3F5584FB9
:1073400003D33B68B3F5604F01D30123FB75FB7D8D
:1073500018461837BD4680BD84DB010848E40108A3
:107360004CDB0108FFFF100080B58AB000AFF86069
:10737000B9607A60002387F827300023BB61FB687F
:10738000002B05D0BB68002B02D07B68002B05D1F9
:107390003C4B3D4AC5213D4801F0E8FBBB681B68FA
:1073A0003B623A6A7B689A4205D3394B364AC82118
:1073B000364801F0DBFBFA683B6A13441B785BB28A
:1073C000002B05DB334B304AC921304801F0CEFB9E
:1073D000FA683B6A13441B783B743B7CC12B4AD947
:1073E0003B7CF42B47D83B7C1846FFF755FF786170
:1073F0003B7C19467B69C3F107034FF0FF3202FA69
:1074000003F3DB430B40BB617B69013BFB611AE08B
:107410003B6A01333B623A6A7B689A4217D2FA6848
:107420003B6A13441B783B743B7C03F0C003802B06
:107430000FD1BB699A013B7C03F03F031343BB614F
:10744000FB69013BFB61FB69002BE1D102E000BF5E
:1074500000E000BFFB69002B0DD1B9697869FFF727
:1074600037FF0346002B06D03B6A5A1CBB681A60E4
:10747000012387F8273097F8273018462837BD466C
:1074800080BD00BF14DB010858E401084CDB010893
:10749000ACDB0108B4DB010880B586B000AFF86052
:1074A000B9607A600023FB75FB68002B05D0BB68D0
:1074B000002B02D07B68002B06D1144B144A4FF4EA
:1074C0008171144801F052FBBB681B687A689A42CC
:1074D00016D9BB681B68FA6813441B785BB2002B93
:1074E00007DBBB681B685A1CBB681A600123FB756D
:1074F00006E07A68B968F868FFF736FF0346FB755F
:10750000FB7D18461837BD4680BD00BF14DB01085F
:107510006CE401084CDB010880B485B000AF034681
:10752000FB71FB793B73FB79602B0BD9FB79662BE5
:1075300008D83B7B613BDBB23B733B7B0A33DBB25E
:107540003B731BE0FB79402B0BD9FB79462B08D80A
:107550003B7B413BDBB23B733B7B0A33DBB23B7390
:107560000CE0FB792F2B07D9FB79392B04D83B7B17
:10757000303BDBB23B7301E010233B733B7B18468F
:107580001437BD465DF8047B7047000080B58AB0B3
:1075900000AFF860B9607A603B60002387F827305D
:1075A0000023FB83FB68002B05D0BB68002B02D0B7
:1075B0007B68002B06D1324B324A40F24F113248E1
:1075C00001F0D4FA3B68002B06D1304B2D4A4FF422
:1075D000A8712D4801F0CAFABB681B683B623B6A80
:1075E0006FF00602934228BF13460633BB61BA69A7
:1075F0007B689A422ED2FA683B6A13441B785C2B54
:1076000028D13B6A0133FA6813441B78752B21D1CA
:107610003B6A02333B6217E0FA683B6A13441B780B
:107620001846FFF779FF0346FB75FB7D102B10D042
:10763000B7F91E301B011AB2FB7D1BB213431BB2FC
:10764000FB833B6A01333B623A6ABB699A42E3D3EC
:1076500000E000BF3A6ABB699A420BD1FB8B002B5A
:1076600008D0012387F827303B68FA8B1A80BB6863
:107670003A6A1A6097F8273018462837BD4680BD09
:1076800014DB010878E401084CDB0108CCDB0108BD
:1076900080B588B000AFF860B9607A600023FB77EE
:1076A000FB68002B05D0BB68002B02D07B68002B49
:1076B00006D1254B254A4FF4C771254801F056FAEB
:1076C000BB681B68BB6107F1160307F118017A68F4
:1076D000F868FFF75BFF0346002B29D0FB8AB3F560
:1076E000584F19D3FB8AB3F55C4F15D207F1160337
:1076F00007F118017A68F868FFF748FF0346002B86
:1077000015D0FB8AB3F55C4F11D3FB8AB3F5604FFC
:107710000DD20123FB770AE0FB8AB3F55C4F03D35C
:10772000FB8AB3F5604F03D30123FB7700E000BF72
:10773000FB7F002B02D0BA69BB681A60FB7F18463A
:107740002037BD4680BD00BF14DB01088CE4010872
:107750004CDB010880B586B000AFF860B9607A6094
:107760000023FB75FB68002B05D0BB68002B02D003
:107770007B68002B06D1344B344A40F2C1113448A7
:1077800001F0F4F9BB681B683B617B685A1E3B69DA
:107790009A424ED93B69FA6813441B785C2B48D156
:1077A0003B690133FA6813441B78BB75BB7D752BAD
:1077B0002FDC5C2B08DA2F2B25D02F2B29DC002B7C
:1077C00034D0222B1FD024E05C3B01229A40214B75
:1077D0001340002B14BF01230023DBB2002B12D176
:1077E00002F00073002B14BF01230023DBB2002B37
:1077F0000FD007F110037A681946F868FFF748FFC1
:107800000346FB7515E03B6902333B610123FB75C1
:107810000FE097F91630002B0ADBBB7D1F2B07D832
:107820003B6902333B610123FB7501E000BF00E0CF
:1078300000BFFB7D002B02D03A69BB681A60FB7D5C
:1078400018461837BD4680BD14DB01089CE40108CA
:107850004CDB01084104440180B586B000AFF860FC
:10786000B9607A600023FB75FB68002B05D0BB680C
:10787000002B02D07B68002B06D1314B314A4FF4EC
:107880000171314801F072F9BB681B683B613B69CB
:107890007A689A4249D93B69FA6813441B78222BCB
:1078A00043D13B6901333B6139E03B69FA681344DA
:1078B0001B78222B05D10123FB753B6901333B610A
:1078C00033E03B69FA6813441B785C2B0DD107F158
:1078D00010037A681946F868FFF73CFF034683F007
:1078E0000103DBB2002B1AD01FE03B69FA68134496
:1078F0001B785BB2002B05DB3B69FA6813441B78ED
:107900001F2B12D907F110037A681946F868FFF7A0
:10791000C3FD034683F00103DBB2002B04D13B69B6
:107920007A689A42C1D800E000BFFB7D002B02D0EC
:107930003A69BB681A60FB7D18461837BD4680BDA2
:1079400014DB0108A8E401084CDB010880B586B00F
:1079500000AFF860B9607A60FB68002B02D0BB68AA
:10796000002B06D1134B144A4FF41171134801F048
:10797000FDF800237B610CE0FA687B6913441A78F8
:10798000B9687B690B441B789A4207D17B69013344
:107990007B617A697B689A42EED300E000BF7A6926
:1079A0007B689A420CBF01230023DBB218461837CC
:1079B000BD4680BDE0DB0108B4E401084CDB0108F2
:1079C00080B586B000AFF860B9607A603B60002394
:1079D000FB75FB68002B05D0BB68002B02D07B68D1
:1079E000002B06D11A4B1B4A40F265211A4801F0C0
:1079F000BDF83B68002B06D1184B164A40F26621B1
:107A0000154801F0B3F8BB681B687A689A4211D92F
:107A1000BB681B687A68D31A3A6A9A420AD8BB686C
:107A20001B68FA6813443A6A39681846FFF78EFFF4
:107A30000346FB75FB7D002B05D0BB681A683B6ACB
:107A40001A44BB681A60FB7D18461837BD4680BDD6
:107A500014DB0108BCE401084CDB010800DC010870
:107A600080B588B002AFF860B9607A600023FB751A
:107A700004230093124B7A68B968F868FFF7A0FFF7
:107A80000346002B15D1052300930E4B7A68B96885
:107A9000F868FFF795FF0346002B0AD104230093F3
:107AA000094B7A68B968F868FFF78AFF0346002B2C
:107AB00001D00123FB75FB7D18461837BD4680BDFC
:107AC00010DC010818DC010820DC010880B58AB050
:107AD00000AFF860B9607A603B60002387F8273018
:107AE0000023FB61FB68002B05D0BB68002B02D094
:107AF0007B68002B06D12C4B2C4A40F2A9212C4844
:107B000001F034F8BB681B68BB61BB681B683B6253
:107B10002FE0FA683B6A13441B782F2B2DD9FA68A3
:107B20003B6A13441B78392B27D83B68002B1DD0A8
:107B3000FB69002B1ADBFA683B6A13441B78184672
:107B4000FFF7EAFC0346FB75FB691A4A93420ADA1F
:107B5000FA6913469B0013445B001A4697F91730E5
:107B60001344FB6102E04FF0FF33FB613B6A0133DA
:107B70003B623A6A7B689A42CBD33A6ABB699A42C3
:107B80000BD9012387F82730BB683A6A1A603B6833
:107B9000002B02D03B68FA691A6097F82730184624
:107BA0002837BD4680BD00BF14DB0108C8E40108CA
:107BB0004CDB0108CCCCCC0C80B586B000AFF860B3
:107BC000B9607A60FB68002B05D0BB68002B02D03F
:107BD0007B68002B06D1144B144A40F2DE21144876
:107BE00000F0C4FFBB681B687B617B697A689A42BE
:107BF00015D97B69FA6813441B782E2B0FD17B694A
:107C000001337B6107F1140100237A68F868FFF7FC
:107C10005DFF0346002B02D07A69BB681A6000BF83
:107C20001837BD4680BD00BF14DB0108D4E401084D
:107C30004CDB010880B586B000AFF860B9607A60AF
:107C4000FB68002B05D0BB68002B02D07B68002BA3
:107C500006D1204B204A40F2FA21204800F086FF4E
:107C6000BB681B687B617B697A689A422ED97B6905
:107C7000FA6813441B78652B05D07B69FA681344B6
:107C80001B78452B22D17B6901337B617B697A6844
:107C90009A420ED97B69FA6813441B782D2B05D0C4
:107CA0007B69FA6813441B782B2B02D17B69013363
:107CB0007B6107F1140100237A68F868FFF706FF7B
:107CC0000346002B02D07A69BB681A6000BF1837E0
:107CD000BD4680BD14DB0108E4E401084CDB01086B
:107CE00080B586B000AFF860B9607A600023FB759C
:107CF000FB68002B05D0BB68002B02D07B68002BF3
:107D000006D1244B244A40F21F31244800F02EFFB4
:107D1000BB681B683B613B697A689A4208D93B693A
:107D2000FA6813441B782D2B02D13B6901333B6168
:107D30003B697A689A4214D93B69FA6813441B7804
:107D4000302B05D10123FB753B6901333B6108E012
:107D500007F1100100237A68F868FFF7B7FE0346C1
:107D6000FB75FB7D002B10D007F110037A681946D4
:107D7000F868FFF721FF07F110037A681946F868E1
:107D8000FFF758FF3A69BB681A60FB7D1846183741
:107D9000BD4680BD14DB0108F4E401084CDB01089A
:107DA00080B586B000AFF860B9607A600023FB75DB
:107DB0007A68B968F868FFF74FFD0346002B0FD1CA
:107DC0007A68B968F868FFF74BFE0346002B07D1C5
:107DD0007A68B968F868FFF783FF0346002B01D083
:107DE0000123FB75FB7D18461837BD4680BD00009A
:107DF00080B586B000AFF860B9607A600023FB758B
:107E0000FB68002B05D0BB68002B02D07B68002BE1
:107E100006D11E4B1E4A40F275311E4800F0A6FEE8
:107E20007A68B968F868FFF7EFF9BB681B683B61CF
:107E30003B697A689A4224D93B69FA6813441B78F3
:107E40002C2B1ED13B6901333B6107F110037A688B
:107E50001946F868FFF7D8F93B697A689A4210D951
:107E60003B69FA6813441B787D2B0AD03B69FA689A
:107E700013441B785D2B04D00123FB753A69BB6862
:107E80001A60FB7D18461837BD4680BD14DB01081B
:107E900000E501084CDB010880B586B000AFF86052
:107EA000B9607A60FB68002B05D0BB68002B02D05C
:107EB0007B68002B06D11A4B1A4A4FF466711A4898
:107EC00000F054FEBB681B687B6119E007F11403E6
:107ED0007A681946F868FFF763FF034683F00103E9
:107EE000DBB2002B11D107F114037A681946F86848
:107EF000FFF77EFF034683F00103DBB2002B06D1C0
:107F00007B697A689A42E1D802E000BF00E000BFD6
:107F10007A69BB681A6000BF1837BD4680BD00BFD4
:107F200014DB010814E501084CDB010880B586B0BC
:107F300000AFF860B9607A60FB68002B05D0BB68C1
:107F4000002B02D07B68002B06D13B4B3B4A40F212
:107F5000C2313B4800F00AFEBB681B683B615AE037
:107F600007F110037A681946F868FFF775FC0346B5
:107F700083F00103DBB2002B52D107F110037A68C2
:107F80001946F868FFF740F93B697A689A4205D9C3
:107F90003B69FA6813441B783A2B43D13B690133A0
:107FA0003B6107F110037A681946F868FFF72CF96E
:107FB0003B697A689A420FD93B69FA6813441B7887
:107FC0007B2B05D03B69FA6813441B785B2B03D1EC
:107FD0003A69BB681A602AE007F110037A6819460B
:107FE000F868FFF7DDFE034683F00103DBB2002BE8
:107FF0001AD107F110037A681946F868FFF7F8FEFE
:108000000346FB753A69BB681A60FB7D83F0010388
:10801000DBB2002B0AD13B697A689A42A0D806E00D
:1080200000BF04E000BF02E000BF00E000BF00BFEF
:108030001837BD4680BD00BF14DB010828E50108E4
:108040004CDB010880B584B000AFF860B9607A609D
:10805000FB70FB787B2B09D0FB785B2B06D00F4B9A
:108060000F4A40F2F9310F4800F080FD7A68B96894
:10807000F868FFF7C9F8FB785B2B05D17A68B96817
:10808000F868FFF709FF04E07A68B968F868FFF755
:108090004DFF00BF1037BD4680BD00BF28DC010882
:1080A0003CE501084CDB010880B590B000AFF860FA
:1080B000B9607A60002387F83F304FF6FF73BB87C3
:1080C000FB68002B05D0BB68002B02D07B68002B1F
:1080D00006D1604B604A40F22241604800F046FD04
:1080E000BB681B687B61A0E07B69FA6813441B785E
:1080F00087F83B307B6901337B6197F83B307D2B00
:108100002FD07D2B00F388807B2B07D07B2B00F3B7
:1081100083805B2B02D05D2B23D07DE0B7F93C3010
:108120009BB201339BB2BB87B7F93C30202B03D104
:10813000032387F83F3074E0B7F93C3040333B44C9
:1081400097F83B2003F8282CB7F93C3040333B44E8
:1081500013F8283C07F114017A68F868FFF772FFFA
:108160005FE0B7F93C30002B34DDB7F93C304033E9
:108170003B4413F8283C7B2B03D197F83B307D2BF5
:108180000BD0B7F93C3040333B4413F8283C5B2B11
:1081900020D197F83B305D2B1CD1B7F93C309BB216
:1081A000013B9BB2BB8707F114037A681946F86854
:1081B000FFF71EFE0346002B32D0B7F93C304033A8
:1081C0003B4413F8283C07F114017A68F868FFF77C
:1081D00039FF25E0B7F93C30002B19D1B7F93C3015
:1081E00040333B4413F8283C7B2B03D197F83B30BA
:1081F0007D2B0BD0B7F93C3040333B4413F8283C7F
:108200005B2B05D197F83B305D2B01D1012300E0BA
:10821000022387F83F3004E0022387F83F3000E074
:1082200000BF97F83F30002B05D17B697A689A42EE
:108230003FF65AAF00E000BF97F83F30012B02D164
:108240007A69BB681A6097F83F3018464037BD46D8
:1082500080BD00BF14DB010848E501084CDB0108C4
:1082600080B584B000AF786039600023BB607B6864
:10827000002B02D10523FB7322E03B68002B02D1C7
:108280000623FB731CE007F108033A681946786877
:10829000FEF7BAFF07F108033A6819467868FFF756
:1082A0007FFD0346002B02D00123FB7308E007F19A
:1082B00008033A6819467868FFF7F6FE0346FB7331
:1082C000FB7B012B10D1BB683A689A420CD907F1AD
:1082D00008033A6819467868FEF796FFBB683A6863
:1082E0009A4201D00223FB73FB7B18461037BD4630
:1082F00080BD000080B588B000AFF860B9607A60DA
:108300003B600123FB77FB68002B05D0BB68002B8B
:1083100002D07B68002B06D1214B224A40F2B141AA
:10832000214800F023FC3B68002B02D0BB6A002BE5
:1083300006D11E4B1B4A40F2B2411B4800F016FC0E
:10834000BB681B687B617B69BB6107F114037A68BA
:108350001946F868FFF724FD0346002B09D107F101
:1083600014037A681946F868FFF79EFE0346012B4E
:1083700008D13B68BA691A607A69BB69D21ABB6ACC
:108380001A6001E00023FB77FB7F002B02D07A69A3
:10839000BB681A60FB7F18462037BD4680BD00BF12
:1083A00014DB010858E501084CDB010840DC01083A
:1083B00080B58AB002AFF860B9607A603B60012393
:1083C000FB77FB68002B05D0BB68002B02D07B68D5
:1083D000002B06D13B4B3C4A40F2E6413B4800F0C3
:1083E000C5FB3B68002B02D0BB6A002B06D1384B83
:1083F000354A40F2E741354800F0B8FBFB6A002BF4
:1084000002D03B6B002B06D1324B2F4A4FF49D61BB
:108410002E4800F0ABFBBB681B687B617B69BB61CE
:1084200007F114037A681946F868FFF715FA03464E
:10843000002B0AD0BB695A1C3B681A607A69BB6979
:10844000D31A9A1EBB6A1A6001E00023FB77FB7FF8
:10845000002B1DD007F114037A681946F868FEF75F
:10846000D3FE7B697A689A4210D97B69FA68134413
:108470001B783A2B0AD17B6901337B6107F1140326
:108480007A681946F868FEF7BFFE01E00023FB7723
:10849000FB7F002B0AD007F114013B6B0093FB6AB2
:1084A0007A68F868FFF726FF0346FB77FB7F002B0F
:1084B00002D07A69BB681A60FB7F18462037BD4638
:1084C00080BD00BF14DB010864E501084CDB010836
:1084D00070DC010840DC010880B58EB004AFF860A4
:1084E000B9607A603B60002387F8273000233B6245
:1084F00000237B6100233B61FB68002B02D07B687B
:10850000002B06D13F4B404A40F22F513F4800F02C
:108510002DFB3B6B002B02D07B6B002B06D13C4B21
:10852000394A4FF4A661394800F020FB07F12003D7
:10853000BA681946F868FEF767FE3B6ABA689A425D
:1085400050D93B6AFA6813441B787B2B4AD13B6AAB
:1085500001333B6207F12003BA681946F868FEF759
:1085600053FE37E007F11C0207F1200107F1100369
:10857000029307F11403019307F1180300931346C4
:10858000BA68F868FFF714FF034683F00103DBB213
:10859000002B24D1BB693A689A420ED1FB69FA6874
:1085A0001344BA6919467868FFF7D0F90346002BDF
:1085B00003D0012387F8273014E007F12003BA68BD
:1085C0001946F868FFF714FC034683F00103DBB299
:1085D000002B06D13B6ABA689A42C3D802E000BFBA
:1085E00000E000BF97F82730002B05D07A693B6B7D
:1085F0001A603A697B6B1A6097F82730184628375B
:10860000BD4680BD9CDC010878E501084CDB010813
:10861000C4DC010880B58CB002AFF860B9607A6044
:108620003B60002387F827300023FB610023BB61F8
:1086300000237B6100233B62FB68002B06D1394B92
:10864000394A40F27251394800F090FA3B68002BE9
:1086500002D03B6B002B06D1354B334A40F27351AD
:10866000324800F083FA07F11C03BA681946F8682B
:10867000FEF7CAFDFB69BA689A4242D9FB69FA68FB
:1086800013441B785B2B3CD1FB690133FB6107F181
:108690001C03BA681946F868FEF7B6FD29E007F131
:1086A000180207F11C0107F1140300931346BA687E
:1086B000F868FFF71FFE034683F00103DBB2002BCF
:1086C0001CD13A6A7B689A4203D1012387F827308C
:1086D00017E007F11C03BA681946F868FFF788FB32
:1086E000034683F00103DBB2002B09D13B6A01335F
:1086F0003B62FB69BA689A42D1D802E000BF00E051
:1087000000BF97F82730002B05D0BA693B681A6084
:108710007A693B6B1A6097F8273018462837BD46B0
:1087200080BD00BFF8DC010888E501084CDB0108CA
:10873000C4DC010880B586B000AFF860B9607A602B
:108740003B600023FB75FB68002B05D0BB68002B4A
:1087500002D03B68002B06D11E4B1F4A40F2B55198
:108760001E4800F003FA7B68002B06D11C4B1A4A06
:1087700040F2B651194800F0F9F9BB681B683B613B
:1087800002E03B6901333B613A697B689A420BD254
:10879000FA683B6913441B782E2B05D0FA683B69B5
:1087A00013441B785B2BECD1BB681B683A699A4277
:1087B0000AD90123FB75BB681B683A69D21A3B686A
:1087C0001A60BB683A691A60FB7D18461837BD46C7
:1087D00080BD00BF04DD010894E501084CDB010801
:1087E00044DD010890B591B002AFF860B9607A60DD
:1087F0003B60012387F8373000237B6200233B6313
:108800000023BB6200233B62BB68FB61FB68002B5B
:1088100002D07B68002B06D15F4B604A40F2E651E4
:108820005F4800F0A3F9BB6C002B02D0FB6C002B5F
:1088300006D15C4B594A40F2E751594800F096F98D
:10884000BB68002B03D03B68002B40F09080564B58
:10885000524A4FF4BD61524800F088F9002387F86E
:108860002F307B6A7A6813441B785B2B34D14FF02E
:10887000FF33BB617B6A01337B6207F1180307F1A9
:1088800024013A687868FFF721F9BB69002B09DBFE
:108890007B6A3A689A4205D97B6A7A6813441B78E6
:1088A0005D2B03D0062387F8373065E07B6A013300
:1088B0007B62FA683B6BD018F969BB691C4607F10B
:1088C000200207F11C03009313462246FFF7A2FE85
:1088D000034687F82F302EE000237B617B6ABB6262
:1088E00007F1140307F124013A687868FFF722FFC3
:1088F000034683F00103DBB2002B04D13B685A1E10
:108900007B6A9A4203D1062387F8373034E0FA684D
:108910003B6BD018F9697A68BB6A1A447C6907F125
:108920001C03019307F1200300932346FFF7D4FDB6
:10893000034687F82F3097F82F3083F00103DBB21E
:10894000002B03D0042387F8373015E03B6A3A6BDD
:1089500013443B637B6A3A689A4208D97B6A7A6817
:1089600013441B782E2B02D17B6A01337B627B6A16
:108970003A689A423FF672AF97F83730012B05D12B
:10898000BB6C3A6B1A60FA69FB6C1A6097F8373067
:1089900018463C37BD4690BD9CDC0108A4E50108A3
:1089A0004CDB0108C4DC010850DD010880B485B04F
:1089B00000AF0346FB71FB79222B4DD0222B5DDBF0
:1089C0007B2B5BDC5B2B59DB5B3B202B56D801A25E
:1089D00052F823F0658A01087D8A01087D8A010822
:1089E0007D8A01087D8A01087D8A01087D8A010847
:1089F0007D8A01087D8A01087D8A01087D8A010837
:108A0000718A01087D8A01087D8A01087D8A010832
:108A10007D8A01087D8A01087D8A01087D8A010816
:108A2000778A01087D8A01087D8A01087D8A01080C
:108A30007D8A01087D8A01086B8A01087D8A010808
:108A40007D8A01087D8A01087D8A01087D8A0108E6
:108A50007D8A01085F8A01080123FB7311E0062368
:108A6000FB730EE00723FB730BE00323FB7308E0AB
:108A70000423FB7305E00523FB7302E00223FB7371
:108A800000BFFB7B18461437BD465DF8047B70477A
:108A900080B588B002AFF860B9607A603B600023AF
:108AA0003B61FB68002B08D07B68002B05D03B6A3C
:108AB000002B02D07B6A002B02D10523FB7515E049
:108AC000BB68002B02D03B68002B02D10623FB754C
:108AD0000CE07B6A019307F1100300933B687A680E
:108AE000B968F868FFF77EFE0346FB75FB7D012B36
:108AF0001ED13B69FA6813441B781846FFF756FFEE
:108B00000346BB75BB7D012B07D13B6901333B613C
:108B10007B6A1B689A1E7B6A1A603B69FA681A4472
:108B20003B6A1A60BB6A002B02D0BB6ABA7D1A701E
:108B3000FB7D18461837BD4680BD80B588B004AFB0
:108B4000F860B9607A603B603B6A0293FB6901930D
:108B5000BB6900933B687A68B968F868FFF798FFCB
:108B6000034618461037BD4680BD00001FB51446A9
:108B70001A46094B1B680546D8684CB1074B009153
:108B8000CDE9013406492B4601F09CFB01F04CFD78
:108B9000044B1C46F3E700BFEC030020B0E50108DE
:108BA000BDE50108EBE5010870B504460D4645EC4E
:108BB000104B164603F06CFB51EC100B7EB1C5F365
:108BC0000A53C3F16B03002B09DD1B0503F17F552D
:108BD000002405F5401522462B46E7F71DFD41EC24
:108BE000100B70BD000000002DE9F04F9DB00E4647
:108BF00015920022049018924FF000084FF00009DF
:108C000017910A782B2A0D4601F101011DD00BD8CE
:108C10000D2A06D8082AF3D87AB100230B939A4676
:108C200083E0202AECD0F8E72D2A10D10122691C1C
:108C300017910B926A78002A37D1159B1796002B53
:108C400040F0958542464B462AE00022EFE700219E
:108C50000B91302A40F09B806A7802F0DF02582A9C
:108C60005AD102930B9B019318AB0093814A04984D
:108C700019AB17A902F0F6FB10F00F06044605D059
:108C8000062E14D10135002317950B93159B002B4D
:108C900040F06F850B9B002BD4D0424609F1004376
:108CA00043EC102B1DB0BDE8F08F0D46D1E7189AAC
:108CB0003AB135211AA803F0E5FB1899049802F09F
:108CC000ABFF013E042E06D8DFE806F014031E2198
:108CD0001400DDE91A89E00548BF49F0004929F090
:108CE00000431B0D1B05002BD0D101F057FC2223A4
:108CF0000360CBE7DDE91A83199A23F4801302F2AB
:108D0000334243EA0259E6E7DFF87091E3E76FF098
:108D100000494FF0FF38DEE7013517952B78302BEF
:108D2000FAD0002BB2D04FF0010A00272B460E9745
:108D3000BB460A21184613F8014BA4F13002092A58
:108D400028D94D49012201F06FFB002834D00020C2
:108D5000CDE9060022465C46652A01D0452A14D199
:108D600024B95AEA00033FF468AF0024179E731C2D
:108D7000179372782B2A73D02D2A77D04FF0000CDE
:108D8000A2F13003092B7FD9179600239EE04FF004
:108D9000000ACAE7BBF1080FD8BF0E9A1793DBBFD2
:108DA00001FB0242303A01FB07420E92C8BFA2F11A
:108DB00030070BF1010BBDE7179B5A1C17925A782D
:108DC000BBF1000F33D006905C46A2F13003092BB3
:108DD00012D901230793BFE7179B5A1C17925A78A1
:108DE0000130302AF8D0A2F13103082B00F2C684FA
:108DF0000690179D00200446303A00F1010310D080
:108E000006991944069120440A23A04211D108284A
:108E100000F1010419DC0E990A2303FB01230E93D0
:108E20000023179A511C179152781846CDE75846DF
:108E3000D7E7082C04F1010403DC0E9959430E9185
:108E4000E3E7102CD8BF5F43DFE70F28DCBF0A231E
:108E500003FB0727E4E700210123CDE9061380E7A0
:108E60004FF0000CB31C1793B27889E74FF0010C58
:108E7000F8E700BF98E70108ECE501080000F07F83
:108E8000179B5A1C17925A78302AF9D0A2F1310355
:108E9000082B3FF67AAF179B0593A2F1300E0133F2
:108EA00017931A78A2F1300109293CD905995B1A68
:108EB000082B44F61F633CDC9E457146A8BF19464B
:108EC0000591BCF1000F02D0059B5B420593002C7D
:108ED00050D15AEA00007FF4D9AE079B002B7FF4F3
:108EE000ACAE692A29D026DC492A26D04E2A7FF446
:108EF000A4AEA14917A802F0D7FC00283FF49DAE0C
:108F0000179B1B78282B2FD19C491AAA17A802F06F
:108F1000DFFC052828D11B9BDDF8688043F0FF4962
:108F200049F4E009B2E60A2101FB0E22A2F1300E5B
:108F3000B5E70593C5E76E2AD9E7914917A802F06E
:108F4000B3FC00283FF479AE179B8E49013B17A86C
:108F5000179302F0A9FC10B9179B01331793DFF8A0
:108F600034924FF0000891E6874801F055FB59EC28
:108F7000108B8BE6DDE905320E989B1ABBF1000FD2
:108F800008BFA346102C0A93A246A8BF4FF0100AB0
:108F9000E7F7C8FA092C8046894613DC0A9B002BA8
:108FA0003FF474AE0A9B73DD162B5ADC774901EB54
:108FB000C301D1E9000142464B46E7F72DFB80464D
:108FC000894663E6714B03EBCA0353E91223E7F7C3
:108FD00023FB804638468946E7F7A4FA02460B464B
:108FE00040464946E7F762F90F2C80468946D5DDB1
:108FF0000A9BA4EB0A0A9A44BAF1000F40F3978047
:109000002AF00F061AF00F0A51D1B6F59A7F5EDCEE
:109010000023DFF87CA13611404649461F46012E49
:1090200079D10BB1804689465949A9F1547901EBB0
:10903000C70142464B46D1E90001E7F7EDFA554B2F
:109040000A460B4054498B42804640D8A1F5801116
:109050008B4286BFDFF844914FF0FF3802F154791C
:1090600032E00A9AC4F125039342C1DB474DC4F1B3
:109070000F0405EBC40142464B46D1E90001E7F776
:10908000CBFA0A9B1C1B05EBC405D5E9002394E72A
:109090001633ADDBDDE905239A1A3C4B03EBC20323
:1090A000D3E9002340464946E7F7E0FB87E7374925
:1090B00001EBCA0142464B46D1E90001E7F7ACFAA1
:1090C00080468946002EA0D100230793A0E000240B
:1090D00005940E940694049ADFF8B8902223136046
:1090E0004FF000080E9B002B3FF4D0AD1899049868
:1090F00002F092FD0699049802F08EFDDDE904016C
:1091000002F08AFD0E99049802F086FD049821462B
:1091100002F082FDBAE5F20704D5DAE90023E7F7A9
:109120007BFA0123013776100AF1080A77E7CBD0E2
:10913000CAF1000A4FEA2A161AF00F0A0DD11F2EA3
:109140002EDD002405940E940694049A22234FF0F9
:1091500000084FF000091360C4E70C4B03EBCA038F
:1091600040464946D3E90023E7F780FB804689461D
:10917000002EA9D0E3E700BFFBE5010884E7010862
:10918000F3E501082DE60108EBE5010810E9010807
:10919000E8E801080000F07F0000A07CFFFFEF7FFF
:1091A00016F0100318BF6A23764F079340464946CE
:1091B0000023F20704D5D7E90023E7F72DFA0123AE
:1091C000761007F10807F4D10BB180468946079B5A
:1091D000B3B1C9F30A52C2F16B03002B49460FDD4C
:1091E0001F2B57DD342BDEBF4FF0FF33C2F14B0294
:1091F00093404FF00008CCBF4FF05C7903EA0109BF
:109200000022002340464946E7F76EFC002898D12B
:109210000E9B0093049823465A46294602F064FDAB
:109220000E9000283FF453AFDDE905239B1A0A9AFC
:10923000002AA8BF00231293002422EAE2731493A9
:1092400005940E9B0498596802F0A8FC069000282B
:109250003FF441AF0E9B1A69023203F10C019200F8
:109260000C3001F0C8F949EC108B04981AAA19A91E
:10927000CDE90C8903F07CF8189000283FF42BAF5F
:109280000498012102F0C6FD0590034648B9002369
:10929000059320E74FF0FF3202FA03F303EA0808D0
:1092A000AEE7199D1A9A002DABBF129B149B149E1A
:1092B000129FACBFEF185E1B079BED1A1544324B93
:1092C000013D9D42C2F136024FDA5B1B1F2BA2EB20
:1092D00003024FF001013CDC01FA03FA4FF0000BEE
:1092E000BD18079BAF4216441E443B46A8BF2B4601
:1092F000B342A8BF3346002BC2BFED1AF61AFF1ABD
:10930000129B002B16DDDDE904011A4602F042FE35
:1093100005900028BBD00146189A049802F090FDF1
:109320000F9000283FF4D7AE1899049802F074FC0F
:109330000F9B1893002D1BDC0A9B002B26DD149A33
:109340000699049802F026FE0690F8B900230693C9
:10935000C1E6C5F17F4505F57F0505F57B45E2359D
:1093600001FA05FB4FF0010ABAE74FF0000BF9E7ED
:10937000189904982A4602F069FE18900028DBD15B
:10938000A9E600BFB0E7010802FCFFFF002E07DDE1
:1093900006990498324602F059FE06900028D5D06E
:1093A000002F08DDDDE904013A4602F04FFE05908A
:1093B00000283FF490AE069A1899049802F0D0FE67
:1093C000044600283FF487AEC3680F930023059935
:1093D000C36002F0A9FE00283CDA0F9B53EA0803A1
:1093E0005ED1C9F313034D46002B59D129F0004338
:1093F0001B0D1B05B3F1D66F52D9636913B92369ED
:10940000012B4DDD21460122049802F01FFE059933
:10941000044602F089FE002842DDAD4B079A2B403E
:10942000002A5FD0B3F1D66F5CD8B3F15C7F7FF6D2
:109430008CAEA84B404649460022E7F7EDF8A44B16
:109440000B4080468946002B7FF450AE049A2223BD
:1094500013604BE64D4662D10F9AC9F3130342B332
:109460009D4A934228D1079B4146EBB1984B2B4034
:10947000B3F1D46F4FF0FF3219D81B0DC3F16B035A
:1094800002FA03F3994217D1944B9D4202D1013164
:109490003FF421AE8E4B2B4003F580194FF00008AE
:1094A000079B002BC5D121E64FF0FF33EAE71346B7
:1094B000E8E753EA0803B0D0BBF1000F1BD01BEA6A
:1094C000050FEDD00F9B079A40464946B3B1FFF711
:1094D0006BFBDDE90C0153EC102BE6F7E7FE804651
:1094E0008946DDE7A3F580136FEA13596FEA09593E
:1094F0004FF0FF38D4E71AEA080FE2E7FFF754FB12
:10950000DDE90C0153EC102BE6F7CEFE0022002320
:1095100080468946E7F7E8FA0028C1D015E60599A4
:10952000204602F07DFF57EC106B00224FF0804385
:1095300030463946E7F7ECFA002870D00F9B002B35
:109540007BD1B8F1000F56D1C9F31303002B58D1CA
:10955000634B002230463946E7F7D0FA002859D14C
:10956000604B002230463946E7F756F882468B4674
:109570000BF10043CDF820A00993554B544A2B40E2
:109580001393594B2A409A42DDE9086740F0B080B6
:10959000A5F1547949EC108B02F07AFEDDE908233D
:1095A00051EC100BE7F738F842464B46E6F77EFEE3
:1095B000474D4E4A0D409542804645D90D9A474B3E
:1095C0009A4203D10C9B01333FF485ADDFF80C9137
:1095D0004FF0FF381899049802F01EFB0699049882
:1095E00002F01AFBDDE9040102F016FB04982146A3
:1095F00002F012FB25E6B8F1010F02D1002D3FF475
:10960000A4AD9FED2B7BDFF8D8B08DED087B4FF03C
:10961000000AB2E7DFF8CCB04FF0000AA8E7314B00
:10962000002230463946E6F7F7FF0F9B82468B460D
:10963000002B9DD0CDE908AB9FE79FED1F7B8DED03
:10964000087B5BEC17AB98E701F15479079B002B83
:10965000C0D129F00043139A1B0D1B059A42B9D1C2
:1096600050465946E7F738FBE6F7A8FF02460B4697
:1096700050465946E6F718FE0F9AC9F3130343EA1A
:109680000803134306460F466BD00DA3D3E900230E
:10969000E7F734FA00287FF429AD0BA3D3E90023C0
:1096A00030463946E7F748FA002893D01EE500BF58
:1096B000000000000000F0BF000000000000F03FCC
:1096C0009535A094FFFFDF3F35E5AF350000E03F63
:1096D0000000F07F00005039FFFF0F00FFFFEF7F19
:1096E0000000F03F0000E03F0000E07FFFFF9F7CB4
:1096F000079B13B3139BB3F1D46F1ED824A3D3E9F4
:10970000002350465946E7F703FA90B159465046B0
:10971000E7F75AFA012838BF0120E6F703FF0F9B4D
:1097200082468B46D3B901F1004310901193DDE9D5
:109730001067139A07F1D6639F1A9DED0C0B02F088
:10974000A7FD304653EC102B3946E6F765FFDDE9FF
:109750000C23E6F7ABFD8046894677E7CDE910ABF1
:10976000E5E70DA3D3E90023E7F7C8F99CE7002359
:109770000B93159A179B1360FFF78CBA652A3FF479
:109780006AAB452A3FF467AB01230793FFF7A1BB00
:109790000000C0FFFFFFDF419535A094FFFFCF3FE2
:1097A0000A4601460248034B0068FFF71DBA00BF96
:1097B000EC03002080020020242B2DE9F047864690
:1097C000904601D8012B06D100F0E8FE1623036075
:1097D0000020BDE8F08734480D462A4615F8014BB5
:1097E000065D16F00806F8D12D2C10D12C78012634
:1097F000951C33F0100215D1302C0DD12A7802F0CF
:10980000DF02582A08D16C78023510230AE02B2C8D
:1098100004BF2C78951CECE7002BF6D1302C14BF3C
:109820000A23082306F1004C0CF1FF3C0022BCFB8C
:10983000F3F9104603FB19CAA4F13007092F0FD81A
:109840003C46A3421BDD571C07D0814514D301D1F0
:10985000A24511DB00FB0340012215F8014BEBE7A9
:10986000A4F14107192F01D8373CEAE7A4F16107B9
:10987000192F04D8573CE4E74FF0FF32EDE7531CB3
:1098800008D12223CEF800306046B8F1000FA0D0F6
:10989000691E06E006B14042B8F1000F99D0002AD7
:1098A000F6D1C8F8001094E7D9E7010813460A4634
:1098B000014602480068FFF77FBF00BFEC030020AD
:1098C0002DE9FF4757EC106B002F0C4619463B461D
:1098D000BBBF07F100431F4600232D230B700D9BD8
:1098E000DDF830A0914623F02008BCBF3246164672
:1098F000B8F1460F05D0B8F1450F00D1013402216F
:1099000000E0032103AB019302AB009347EC106B23
:109910005346224600F018FFB8F1470F054619D10B
:1099200019F0010F0ED000EB04090022002330468D
:109930003946E7F7D9F808B1CDF80C903022039BEF
:109940004B451ED3039B0E9A5B1B2846136004B045
:10995000BDE8F087B8F1460F00EB0409E5D10378C4
:10996000302B0AD10022002330463946E7F7BCF8F5
:1099700018B9C4F10104CAF80040DAF8003099447B
:10998000D3E7591C03911A70D9E7F7B50029BABF7C
:1099900049422D232B2309290270437029DD0DF143
:1099A000070425460A272246B1FBF7F607FB1613E4
:1099B000303302F8013C0B46632B04F1FF3431468F
:1099C000F1DC3031931E04F8011C411C1C46AB42F3
:1099D0000AD30DF109039B1AA54238BF0023821C4C
:1099E0001344181A03B0F0BD13F8016B01F8016FAE
:1099F000EDE7302330318370C170031DF1E70000C3
:109A00002DE9F04F8DB00C46DDF8588016461F4604
:109A1000054600F01BFD036806931846E6F738FC80
:109A200000230A93D8F8003094F818A0D4F800B0B6
:109A30000790073323F00703B3EC027B8DED047B23
:109A4000C8F80030DDE9048323F0004984ED127B7F
:109A50009C4B4FF0FF3240464946E7F777F870BB22
:109A6000984B4FF0FF3240464946E7F751F830BB7C
:109A7000DDE9040100220023E7F740F810B12D23AF
:109A800084F84330904A914BBAF1470F8CBF90460F
:109A90009846032323612BF0040323604FF0000951
:109AA000009733460BAA2146284600F0D1F9013031
:109AB00040F08C804FF0FF300DB0BDE8F08FDDE955
:109AC000042310461946E7F741F840B1059B804A48
:109AD000002BBCBF2D2384F843307E4BD4E7636852
:109AE0005A1C0AF0DF093BD1062363604BF4806205
:109AF0000023226003930AABCDE901A309AB0093D5
:109B000061689DED040B0DF123032846FFF7D8FE95
:109B1000B9F1470F0999804629D1C81C02DB636857
:109B20008B4241DAAAF1020A5FFA8AFA01395246F7
:109B300004F150000991FFF728FF0A9A1318012A2F
:109B40008146236102DC2268D20701D501332361FB
:109B50009DF82330002BA3D02D2384F843309FE7BA
:109B6000B9F1470FC2D1002BC0D10123BDE7BAF133
:109B7000650FDBD9BAF1660F18D1002963680BDDD8
:109B8000216113B92268D00702D501330B44236148
:109B9000A1654FF00009DBE713B92268D20701D5B0
:109BA0000233F4E70123F2E74FF0670A0A9B8B4286
:109BB00005DC23682161D807EAD54B1CE7E70029BB
:109BC000D4BFC1F1020201221344E0E723685A0521
:109BD00007D42369424631462846B84701302BD185
:109BE00068E7BAF1650F40F2DD80D4E91201002286
:109BF0000023E6F779FF002833D0374A01233146A6
:109C00002846B84701303FF455AFDDE909384345F0
:109C100002DB2368D8070FD5DDE906233146284645
:109C2000B84701303FF446AF4FF0000908F1FF3864
:109C300004F11A0AC84509DC23689B0700F1038177
:109C4000E0680B9B9842B8BF184635E7012352469F
:109C500031462846B84701303FF42CAF09F10109DD
:109C6000E8E7099B002B39DC1B4A012331462846D3
:109C7000B84701303FF41EAFDDE9093959EA030363
:109C800002D12368D907D7D5DDE906233146284616
:109C9000B84701303FF40EAF4FF0000A04F11A0B41
:109CA000099B5B42534501DC4B4693E701235A462F
:109CB00031462846B84701303FF4FCAE0AF1010AAC
:109CC000EEE700BFFFFFEF7FF2E50108EEE50108D8
:109CD000FAE50108F6E50108FEE50108A36DDDF8E7
:109CE00028A05345A8BF5346002B994636DC4FF0B9
:109CF000000B29EAE97904F11A02A36D0493A3EB9E
:109D000009035B4531DC099B9A453ADC2368DA0795
:109D100037D4099BAAEB0309049BAAEB03039945DB
:109D2000A8BF9946B9F1000F33DC4FF0000829EACB
:109D3000E97904F11A0B099BAAEB0303A3EB0903CE
:109D400043457FF779AF01235A4631462846B84745
:109D500001303FF4AFAE08F10108ECE7424631466E
:109D60002846B8470130C2D1A4E60123314628462F
:109D70000492B84701303FF49DAE049A0BF1010BF9
:109D8000BBE7DDE9062331462846B8470130C0D19C
:109D900090E6049A4B46424431462846B847013083
:109DA000C3D187E6DDF828A0BAF1010F01DCDB079B
:109DB00036D50123424631462846B84701303FF4A4
:109DC00079AEDDE9062331462846B84701303FF435
:109DD00071AED4E91201002200230AF1FF3AE6F73E
:109DE00083FEC0B9534608F1010231462846B84700
:109DF00001300CD15EE601235A4631462846B84769
:109E000001303FF457AE08F10108D045F3DB4B4673
:109E100004F15002DFE64FF0000804F11A0BF4E7FA
:109E200001234246E1E701234A4631462846B84726
:109E300001303FF43FAE08F10108E3680B995B1A6B
:109E40004345F0DCFCE64FF0000804F11909F4E7A3
:109E50002DE9F047164698468A680B69DDF8209090
:109E60009342B8BF1346336091F8432007460C462F
:109E70000AB1013333602368990642BF3368023365
:109E80003360256815F0060506D104F1190AE36868
:109E900032689B1AAB4226DC94F843302268003BC0
:109EA00018BF012392062BD404F1430241463846E1
:109EB000C84701301ED02368226903F00603042B33
:109EC00002BFE5683368ED1AA3680CBF25EAE575A3
:109ED00000259342C4BF9B1AED1800261A34B542E0
:109EE0001AD1002008E00123524641463846C847AF
:109EF000013003D14FF0FF30BDE8F0870135C6E7F0
:109F0000E1185A1C302081F84300224494F845108F
:109F100082F843100233C7E7012322464146384600
:109F2000C8470130E6D00136D9E700002DE9F043FB
:109F30000D7E85B0782D90460C9E07460C469946BE
:109F400001F1430207D8622D0AD8002D00F0D78016
:109F5000582D00F0BC8004F1420684F842503BE0EA
:109F6000A5F16303152BF6D801A151F823F000BF2A
:109F7000C99F0108DD9F0108579F0108579F0108ED
:109F8000579F0108579F0108DD9F0108579F01084F
:109F9000579F0108579F0108579F0108E5A0010836
:109FA00007A0010897A00108579F0108579F0108C3
:109FB00007A10108579F010807A00108579F010842
:109FC000579F01089FA0010833681A1D1B68326063
:109FD00004F1420684F842300123A1E0336820688E
:109FE000191D3160060601D51D6803E04506FBD545
:109FF000B3F90050002D03DA2D236D4284F843306D
:10A000005B480A2311E021683368080653F8045BB3
:10A0100002D4490648BFADB23360237E54486F2B4B
:10A020005CD10823002184F843106668A660002EE6
:10A0300005DB21682E4321F00401216050D0164633
:10A04000B5FBF3F103FB115C10F80CC006F801CD71
:10A05000AC4663450D46F3D9082B0BD12368DB07CB
:10A0600008D5236961689942DEBF302306F8013CB8
:10A0700006F1FF36921B2261CDF80090434603AAF9
:10A0800021463846FFF7E4FE01304ED14FF0FF3055
:10A0900005B0BDE8F083236843F020032360354812
:10A0A000782584F845502368316813F0800F51F803
:10A0B000045B03D113F0400F18BFADB23160D90774
:10A0C00044BF43F0200323601DB11023AAE72848B2
:10A0D000E7E7236823F020032360F6E70A23A1E7DC
:10A0E0001646B9E7336825686169181D30602E0689
:10A0F0001B6801D5196002E06806FBD519800023B2
:10A1000023611646B8E733681A1D32601E6862681C
:10A1100000213046E6F76CF808B1801B6060636888
:10A120002361002384F84330A6E723693246414681
:10A130003846C8470130A9D023689B0713D4E0688C
:10A14000039B9842B8BF1846A2E701233246414616
:10A150003846C847013099D00135E36803995B1A46
:10A16000AB42F2DCEBE7002504F11906F5E700BF8E
:10A1700000E6010811E60108002310B50446C0E915
:10A180000033C0E90433836081814366C281836107
:10A19000194608225C3000F02BF90D4B63620D4B21
:10A1A000A3620D4BE3620D4B23630D4B24629C4273
:10A1B00006D003F16802944202D0D0339C4205D10C
:10A1C00004F15800BDE8104000F012BA10BD00BF05
:10A1D00069A301088BA30108C3A30108E9A301082F
:10A1E0000C620020024A0349034800F07DB800BF1A
:10A1F0007402002059CB0108F003002041680C4B89
:10A20000994210B5044601D002F0A6FCA168094BA2
:10A21000994202D0204602F09FFCE168064B994229
:10A2200004D02046BDE8104002F096BC10BD00BF2F
:10A230000C62002074620020DC6200200C4B0D4A8E
:10A240000D4810B504211A600022FFF795FF0A4B54
:10A2500001221C46092103F16800FFF78DFF04F17C
:10A26000D0000222BDE810401221FFF785BF00BFD9
:10A2700044630020E5A101080C620020014800F0C1
:10A28000B8B900BF4D630020014800F0B3B900BF6A
:10A290004D63002010B50446FFF7F0FF236A1BB1A1
:10A2A000BDE81040FFF7F0BF044B2362044B1B686E
:10A2B000002BF5D1FFF7C2FFF2E700BFFDA10108B7
:10A2C000446300200EB403B5014603AB054853F8C0
:10A2D000042B0068019302F0A9FA02B05DF804EBC8
:10A2E00003B07047EC0300202DE9F8430746884689
:10A2F00014460026D4E90195B9F1010905D5246871
:10A30000002CF7D13046BDE8F883AB89012B07D983
:10A31000B5F90E30013303D029463846C04706430D
:10A320006835E9E70EB410B59DB01FAB02900690FA
:10A330006FF000410A48079104910A4953F8042B31
:10A340000591002402A9006801931B9402F04CF9C6
:10A35000029B1C701DB0BDE8104003B0704700BFE9
:10A36000EC0300200802FFFF10B50C46B1F90E10F7
:10A3700000F0F0F80028ABBF636DA3891B1823F42D
:10A380008053ACBF6365A38110BD2DE9F0411F462A
:10A390008B89DB0505460C46164605D5B1F90E102E
:10A3A0000223002200F0C4F8A389B4F90E1023F4AC
:10A3B0008053A38132463B462846BDE8F04100F079
:10A3C000DBB810B50C46B1F90E1000F0B1F8B4F9D5
:10A3D0000C30421C0BBF23F4805343F48053A38101
:10A3E000A38118BF606510BDB1F90E1000F032B83E
:10A3F00002440346934200D1704703F8011BF9E77A
:10A4000010B50B4662B913F8012B002AFBD104E00A
:10A4100013F8014B00F8014B14B9581A013810BD5C
:10A42000013AF5D10270EEE710B56AB1013984182E
:10A4300010F8012B11F8013F9A4203D1A04201D03C
:10A44000002AF5D1D01A10BD1046FCE7004870472D
:10A450007003002038B5064D0023044608462B60E3
:10A46000F0F700F9431C02D12B6803B1236038BD1B
:10A47000486300202D4B1B68834270B5044653D0BF
:10A48000C3691BB3DB6863B10025E369DB68595915
:10A49000B1B90435802DF8D1E3692046D96800F0C0
:10A4A0002FFFE369196811B1204600F029FFE36925
:10A4B0009D685DB1294620462D6800F021FFF8E730
:10A4C0000E68204600F01CFF3146E1E7616911B1DA
:10A4D000204600F015FFE16911B1204600F010FFA1
:10A4E000216B11B1204600F00BFF616B11B12046CA
:10A4F00000F006FFA16B11B1204600F001FFA16C36
:10A5000011B1204600F0FCFE616C11B1204600F054
:10A51000F7FEE16A11B1204600F0F2FE236A1BB19A
:10A520002046BDE87040184770BD00BFEC03002016
:10A5300038B5074D04460846114600222A601A46DF
:10A54000F0F7B7F8431C02D12B6803B1236038BD84
:10A550004863002038B5074D0446084611460022DE
:10A560002A601A46F0F745F8431C02D12B6803B164
:10A57000236038BD4863002038B5074D04460846BF
:10A58000114600222A601A46F0F750F8431C02D107
:10A590002B6803B1236038BD48630020014B186865
:10A5A000704700BFEC03002070B50D4B0D4D5B1BD9
:10A5B0009C100026A64209D102F0C0FC0A4D0B4BAC
:10A5C0005B1B9C100026A64205D170BD55F8043BCC
:10A5D00098470136EEE755F8043B98470136F2E715
:10A5E000E0E90108E0E90108E0E90108E4E901081F
:10A5F0007047704770470A44914200F1FF3300D121
:10A60000704710B511F8014B03F8014F9142F9D191
:10A6100010BD0000000000009FED010B704700BF5F
:10A62000000000000000F87F08B5062002F090FB53
:10A630000120EFF7D3FF2DE9F74F03690C69A3421F
:10A6400007467EDB013C01F11408A30000F114056C
:10A65000009305EB8403019358F8243055F8242027
:10A6600001339A4208EB8409B2FBF3F62ED34FF084
:10A67000000AC446AE46D3465CF8043B98B206FBDB
:10A6800000A0020C1B0C06FB0323DEF8002080B2A6
:10A6900092B2121A5A44DEF800004FEA134A9BB2F3
:10A6A000C3EB224303EB104392B242EA0342E1457B
:10A6B0004EF8042B4FEA234BDED2009BEB582BB90C
:10A6C000019B043B9D421A462FD33C61384601F062
:10A6D0002BFD002825DB2946002058F8042BD1F853
:10A6E00000C01FFA82FE1FFA8CF3A3EB0E03034493
:10A6F000120CC2EB234202EB1C429BB243EA024320
:10A70000C14541F8043B4FEA2240E6D255F82420E7
:10A7100005EB840322B9043B9D421A460BD33C61EE
:10A720000136304603B0BDE8F08F1268043B002AC2
:10A73000CBD1013CC6E71268043B002AEFD1013CB3
:10A74000EAE70020EEE700002DE9F04F99B08DED2B
:10A750000E0B0C92C269229C0A9157EC106B814639
:10A76000139382B9102001F051F90246C9F81C0078
:10A7700020B9AB4BEF21AB48FEF7F8F90023C0E955
:10A7800001330360C360116859B152684A60012304
:10A7900093408B60484601F03FFAD9F81C30002204
:10A7A0001A60B7F10008B5BF0123002323602360BE
:10A7B0009D4BBCBF28F00048CDF83C8033EA08032D
:10A7C0001AD1139AC8F3130842F20F7358EA060815
:10A7D000136000F06885239B53B9944B21E0944BA0
:10A7E00000930833239A1360009819B0BDE8F08FE6
:10A7F0008E4B00930333F5E79DED0E7B002251EC69
:10A80000170B00238DED067BE6F76EF9824650B1FB
:10A81000139A01231360239B13B1239A854B136072
:10A82000854B0093E0E79DED060B16AA17A9484655
:10A8300001F09EFD5FEA1854169D019079D0079BA8
:10A84000CDF850A0C3F31303DDE9060143F07F53B5
:10A8500043F44013A4F2FF3419460022774BE5F786
:10A8600023FD69A3D3E90023E5F7D6FE68A3D3E966
:10A870000023E5F71BFD064620460F46E5F762FE7E
:10A8800065A3D3E90023E5F7C7FE02460B46304631
:10A890003946E5F70BFD06460F46E6F76DF900224F
:10A8A0008046002330463946E6F728F948B140464D
:10A8B000E5F748FE32463B46E6F716F908B908F1D7
:10A8C000FF38B8F1160F51D85D4B03EBC803D3E93D
:10A8D0000023DDE90601E6F711F9002848D008F168
:10A8E000FF38002312932D1B6B1E089343BF0023D8
:10A8F000C5F1010708930027B8F1000F3ADB089B68
:10A90000CDF8348043440893002309930A9B092B14
:10A9100062D8052BC4BF043B0A930A9BA3F1020330
:10A92000CCBF00240124032B62D8DFE803F051538D
:10A93000362B179C2C4404F23243202BC1BFC3F1A9
:10A94000400308FA03F804F2124326FA03F3D6BFD1
:10A95000C3F1200348EA030006FA03F0E5F7E2FD3D
:10A960000122A1F1F873013C149275E70123B9E7C4
:10A970001290B8E7C8F1000309930023A7EB08077A
:10A980000D93C3E701230B930C9B434405930133C1
:10A99000012B0493B8BF012306E001230B930C9B0A
:10A9A000002B28DDCDE90433D9F81C000021042256
:10A9B00002F114059D4223D94160484601F0EEF8AA
:10A9C0000090002840D11F4B024640F2AF11D2E662
:10A9D0000023E3E70023D6E701240023CDE90A346E
:10A9E0004FF0FF33CDE90433002212230C92DBE752
:10A9F00001230B93F4E70123CDE904331A46F5E76D
:10AA000001315200D4E700BF61436F63A787D23F93
:10AA1000B3C8608B288AC63FFB799F501344D33F4D
:10AA200037E601084EE601080000F07F33E6010832
:10AA30002AE60108FFE50108FEE501080000F83FED
:10AA400010E90108A6E60108D9F81C30009A1A603E
:10AA5000049B0E2B00F2A180002C00F09E80B8F128
:10AA6000000F36DD9E4B08F00F0203EBC20318F413
:10AA7000807FD3E900AB4FEA281516D0994BDDE96A
:10AA80000601D3E90823E5F7F1FECDE9020105F05F
:10AA90000F050324934E75B9DDE9020152465B466A
:10AAA000E5F7E4FE82468B462DE09DED067B022411
:10AAB0008DED027BEEE7E90708D550465946D6E909
:10AAC0000023E5F7A9FD013482468B466D10083658
:10AAD000E1E700F0AD80C8F10005814B814E05F043
:10AAE0000F0203EBC203D3E90023DDE90601E5F71A
:10AAF00093FD2D1182468B4600230224002D40F049
:10AB00008C80002BCED1129B002B00F09580764BD1
:10AB1000002250465946E5F7F1FF002800F08C80EE
:10AB2000049B002B00F08880059B002B35DD08F18D
:10AB3000FF330293504659466C4B0022E5F76CFDFB
:10AB4000059E82468B4601342046E5F7FBFC5246C3
:10AB50005B46E5F761FD664B0022E5F7A7FB04467F
:10AB6000A1F15075CDE91045002E69D1614B00224D
:10AB700050465946E5F798FB22462B4682468B46BF
:10AB8000E5F7DAFF002840F09482224605F1004301
:10AB900050465946E5F7B2FF20BB179B002BC0F289
:10ABA0006081B8F10E0F00F35C814D4B03EBC803DD
:10ABB000D3E900AB0C9B002B80F2EE80049B002BB2
:10ABC00000F3EA800ED14B4B002250465946E5F780
:10ABD00023FD02460B46DDE90601E5F799FF002853
:10ABE00000F06A8200252C460C9B009EDB430293FA
:10ABF000274600242946484601F00EF8002F00F0B1
:10AC0000C1802CB1BC4203D02146484601F004F873
:10AC10003946484601F000F8B4E0EA0705D5D6E920
:10AC20000023E5F7F9FC013401236D10083665E7D0
:10AC3000DDE906AB022466E7049ECDF8088083E7D1
:10AC4000274B03EBC60353E902010B9B002B55D0A6
:10AC500002460B4600202849E5F708FEDDE91023EF
:10AC6000E5F722FB009BCDE910019D191E465946D0
:10AC70005046E5F781FF0446E5F764FC02460B46C3
:10AC800050465946E5F710FB3034DDE9102306F84D
:10AC9000014B82468B46E5F731FF002872D15246C0
:10ACA0005B4611490020E5F7FFFADDE91023E5F7DF
:10ACB00025FF002840F0B680AE423FF46EAFDDE9DC
:10ACC00010010A4B0022E5F7A7FC084BCDE9100163
:10ACD000002250465946E5F79FFC82468B46C6E760
:10ACE00010E90108E8E801080000F03F00002440F6
:10ACF00000001C40000014400000E03FDDE910238C
:10AD0000E5F78AFC009B009DCDE9100133441593C3
:10AD100059465046E5F730FF0446E5F713FC30345A
:10AD20000B46024659465046E5F7BEFA05F8014B78
:10AD3000159B9D4282468B4627D1009B0022DDE970
:10AD400010011E44B34BE5F7B1FA02460B465046DC
:10AD50005946E5F7F1FE002864D1DDE91023AD493D
:10AD60000020E5F7A1FA02460B4650465946E5F7A2
:10AD7000C5FE00283FF411AF334616F8012D302AE6
:10AD8000FAD01E46DDF808803AE0A34B0022E5F732
:10AD900043FC82468B46BBE7009E52465B46DDE99C
:10ADA0000601E5F763FDE5F7E7FE0746E5F7CAFBB1
:10ADB00052465B46E5F730FC02460B46DDE90601EC
:10ADC000E5F772FA07F1300C009C06F801CBA6EB10
:10ADD000040C049C644502460B4633D1E5F766FA41
:10ADE00052465B4604460D46E5F7A6FEC0B95246FC
:10ADF0005B4620462946E5F777FE08B1FB070FD4EE
:10AE00000199484600F008FF0023139A337008F1B7
:10AE100001031360239B002B3FF4E6AC1E60E3E4C8
:10AE2000CDF8088033461E4613F8012D392A06D185
:10AE3000009A9A42F7D1029A0132029230220132EC
:10AE40001A709FE7744B0022E5F7E6FB02460B46BB
:10AE5000CDE9062300220023E5F746FE00289CD01A
:10AE6000CEE70B9A002A00F0E3800A9A012A00F349
:10AE7000C280149A002A00F0BA8003F23343099D7D
:10AE80003E46089A01211A4448461F44089200F0A1
:10AE9000C1FF044656B1089B002B07DDB342089A58
:10AEA000A8BF3346FF1AF61AD31A0893099B0BB3AF
:10AEB0000B9B002B00F0C380002D00F0BD802146CD
:10AEC0002A46484601F066F8019A0146044648467B
:10AED00000F0B6FF01998246484600F09DFE099BAE
:10AEE0005B1B099300F0AE80099A5146484601F079
:10AEF00051F801900121484600F08CFF0D9B05465A
:10AF0000002B00F0D7811A460146484601F042F86E
:10AF10000A9B012B054600F39D800E9B002B40F001
:10AF200094800F9BC3F31303002B40F08E800F9B84
:10AF300023F000431B0D1B05002B00F08980089BAC
:10AF40000133013708934FF0010A0D9B002B00F0ED
:10AF5000B7812B6905EB8303186900F00FFFC0F17F
:10AF60002000089B184410F01F007ED0C0F1200381
:10AF7000042B72DD089BC0F11C0003440744064407
:10AF80000893002F05DD01993A46484601F05EF826
:10AF90000190089B002B05DD29461A46484601F022
:10AFA00055F80546129B002B61D00198294601F007
:10AFB000BBF800285BDA08F1FF3302930199002304
:10AFC0000A22484600F04AFE0B9B0190002B00F03D
:10AFD0007981002321460A22484600F03FFE059B66
:10AFE000002B044672DC0A9B022B49DC6EE0169BA8
:10AFF000C3F1360343E7049B5D1E099BAB420DDBA7
:10B000005D1B049B002BBFF63BAF049BFE1A002385
:10B0100037E700BF0000E03F00002440099B0D9A85
:10B020000995EB1A1A440D92049B3E46002528E729
:10B03000099D0B9C3E462DE7DDF804A054E7099AD4
:10B04000019953E7CDF804A054E74FF0000A7CE7DC
:10B050009A467AE74FF0000A7BE792D0089A1C33B1
:10B060001A441F441E4408928BE70346F6E7049BEC
:10B07000CDF80880002B23DC05930A9B022B21DDF1
:10B08000059B002B7FF4B0AD29460522484600F011
:10B09000E5FD01460546019801F046F800287FF7D6
:10B0A000A3AD009E312306F8013B029B01330293BE
:10B0B0009EE535462C46F4E7049DCDF80880F9E777
:10B0C000049B05930B9B002B00F00081002E05DDF7
:10B0D00021463246484600F0B9FF0446BAF1000F57
:10B0E0005AD06168484600F059FD064628B9824B9F
:10B0F000024640F2EF21FFF73EBB22690232920086
:10B1000004F10C010C30FFF776FA01223146484673
:10B1100000F09CFF0746009B009A03F1010B059B82
:10B12000134406930E9B03F0010308930BF1FF33C6
:10B13000294601980493FFF77EFA2146059000F115
:10B14000300A019800F0F0FF3A468046294648460A
:10B1500001F006F8C268064602BB0146019800F0FD
:10B16000E3FF024631464846099200F055FDDDE90D
:10B17000092342EA0301089B19435E4610D1BAF144
:10B18000390F2BD0B8F1000F02DD059B03F1310A16
:10B19000049B83F800A02DE52746BCE70122E1E7E8
:10B1A000B8F1000F06DB0A9B48EA0308089B58EA3F
:10B1B000030820D1002AEBDD01990122484600F066
:10B1C00045FF2946019000F0AFFF002803DCDFD1E6
:10B1D0001AF0010FDCD0BAF1390FD6D1049A392315
:10B1E000137033461E46013B16F8012C392A52D003
:10B1F00001321A70FEE4002A07DDBAF1390FEDD0F2
:10B20000049A0AF101031370F4E4069B0BF801ACF5
:10B210005B452AD0019900230A22484600F01EFD12
:10B22000BC4201904FF000034FF00A02214648460D
:10B2300006D100F013FD044607460BF1010B75E73C
:10B2400000F00CFD3946044600230A22484600F06F
:10B2500005FD0746F1E7059B5E1E002B009BD8BF4E
:10B2600000265A1C2746164400240199012248460C
:10B2700000F0ECFE2946019000F056FF0028B0DCFB
:10B2800002D11AF0010FACD133461E4613F8012D3E
:10B29000302AFAD0AEE4009A9A42A3D1029B01333D
:10B2A00002933123AFE7239B002B7FF498AA134B23
:10B2B000FFF7B7BA0A9B012B7FF72FAEDDF834A05A
:10B2C00001204EE6059B002B7FF7D7AE009E01982C
:10B2D0002946FFF7B0F900F1300A009B06F801ABF0
:10B2E000F21A059B9342B6DD019900230A224846D3
:10B2F00000F0B4FC0190EAE7A6E601082AE601089E
:10B3000038B50546002941D051F8043C0C1F002BEC
:10B31000B8BFE41800F036FC1D4A136833B9636007
:10B3200014602846BDE8384000F032BCA34208D97A
:10B33000206821188B4201BF19685B6809182160D9
:10B34000EDE71A465B680BB1A342FAD911685018B1
:10B35000A0420BD120680144501883421160E0D113
:10B3600018685B68536008441060DAE702D90C2360
:10B370002B60D6E7206821188B4204BF19685B68F0
:10B38000636004BF091821605460CAE738BD00BF7C
:10B39000546300200369B3EB611F2DE9F0434FEACA
:10B3A000611200F1140445DD11F01F0104EB830666
:10B3B00004EB82050CD100F110072946B14234D3C9
:10B3C0009B1A9B00EA1E964238BF0023234415E0D7
:10B3D00054F82270C1F12008CF4005F1040EA146B7
:10B3E0007645F44615D89A1A9200043A0135AE42D1
:10B3F00038BF0022A318A75007B104331A1BA34279
:10B400004FEAA20208BF0023026108BF4361BDE802
:10B41000F083DCF800C00CFA08FC4CEA070749F896
:10B42000047B5EF8047BCF40DAE751F804CB47F8A1
:10B4300004CFC3E72346E1E7A0F13003092B02D88C
:10B440002038C0B27047A0F16103052B01D84738FE
:10B45000F7E7A0F14103052B01D82738F1E70020D9
:10B46000704700002DE9F04F85B08A4602930B68C3
:10B47000019090469C1CA14614F8010B3028FAD08C
:10B48000A9EB0303A3F1020BFFF7D6FF0546002843
:10B4900068D1A04901224846FEF7C6FF07460028AA
:10B4A00067D199F801002646FFF7C6FF002862D051
:10B4B000234618783028994603F10103F9D0FFF7A5
:10B4C000BBFFB0FA80F56D094FF0010B4A461646F6
:10B4D00001323078FFF7B0FF0028F8D18D49012202
:10B4E0003046FEF7A1FF00283FD144B9741C224624
:10B4F000164601323078FFF79FFF0028F8D1A41BD1
:10B50000A700337803F0DF03502B3ED173782B2B49
:10B5100033D02D2B34D0711C00240878FFF78CFF1A
:10B52000431EDBB2182B30D8A0F1100211F8010F26
:10B53000FFF782FF00F1FF3C5FFA8CFCBCF1180FB3
:10B540004FF00A031ED904B152421744CAF8001042
:10B55000EDB1BBF1000F0CBF06250025284605B054
:10B56000BDE8F08F00252C46B0E7002CC7D1274658
:10B57000C7E74E462F460125C3E70024B11CCCE7A0
:10B580000124FBE703FB0200CEE73146DEE7A6EB32
:10B590000903013B2946072B0ADC019800F0FEFA5B
:10B5A000044640B95C4B0246E4215C48FDF7DEFAF4
:10B5B00001315B10EFE700F1140A002355469B466A
:10B5C000B14537D345F804BBA5EB0A05AD1025619D
:10B5D000584600F0D3FB6D01D8F800602D1AB54233
:10B5E00054DDAD1B2946204600F06FFF814678B13F
:10B5F0006B1E591103F01F025AF821104FF0010978
:10B6000009FA02F20A4203D04B4536DC4FF0020938
:10B6100029462046FFF7BEFE2F44D8F80830BB422B
:10B6200042DA0198214600F0F7FA0E9A00231360DF
:10B63000A32593E716F8012D2E2A12D0202B04D132
:10B6400045F804BB4FF0000B5B4630780393FFF7DF
:10B65000F3FE039B00F00F0098404BEA000B04330D
:10B66000AEE7B145EAD82B49039301223046FEF7F5
:10B67000DBFE039B0028E1D1A2E7A91E204600F0D3
:10B6800024FF0028C2D04FF00309C1E709DA751B77
:10B69000214601982A4600F0D9FC7F1B044600F1A0
:10B6A000140A4FF00009B8E7D8F80450BD426FDD26
:10B6B000ED1BAE4234DCD8F80C30022B22D0032B29
:10B6C00024D0012B15D1AE4213D1012E0BD1029AF9
:10B6D000D8F80430136001232361CAF800300E9BB0
:10B6E00062251C603AE7711E204600F0EEFE00283D
:10B6F000EDD10198214600F08FFA0E9A00231360D5
:10B7000050252BE70F9B002BF3D1E0E70F9B002B7D
:10B71000DDD1EEE7ECE50108A6E60108B7E6010891
:10B720006F1EB9F1000F30D127B13946204600F025
:10B73000CCFE81467A1101235AF8222007F01F0718
:10B74000BB4013422946204618BF49F00209FFF7C3
:10B7500021FED8F80470761B0225B9F1000F47D0FE
:10B76000D8F80C30022B15D0032B17D0012B09D1A0
:10B7700019F0020F06D0DAF8003049EA030919F08F
:10B78000010F0ED145F0100532E04FF00109D1E76D
:10B790000125E2E70F9BC3F101030F930F9B002BE1
:10B7A000F0D0D4F810B004F114034FEA8B0A03EB85
:10B7B0008B014FF0000C184653F8042BB2F1FF3FF9
:10B7C0001BD001320260022D04F114033CD1D8F8E1
:10B7D0000020013AB24209D17111012253F82130FF
:10B7E00006F01F0602FA06F61E423AD145F0200581
:10B7F0000E9B1C60029B1F60B0E6994243F804CC8C
:10B80000D9D8A3689B4517DB61680198013100F026
:10B81000C5F9814618B91A4B02468421C5E622694A
:10B82000023204F10C0192000C30FEF7E4FE2146D6
:10B83000019800F0F1F94C4623695A1C04EB83038C
:10B84000226101225A61BEE722695A450BDD0121BE
:10B850002046FFF79FFDD8F808300137BB42FFF6BE
:10B86000E0AE0125C2E716F01F06FAD05344C6F138
:10B87000200653F8040C00F081FAB042E7DBF0E751
:10B88000A6E60108C2F10802920070B5C2F12006D6
:10B890004368046803FA06F52C43D340046040F87B
:10B8A000043F8842F4D370BD30B50368013311F80A
:10B8B000014B14B90360012030BD13F8012BA2F134
:10B8C0004105192D98BF2032A242F0D00020F3E7A5
:10B8D0002DE9F04F0B6801685E1102EB860613F04C
:10B8E0001F0387B018BF04360025371F82469046D5
:10B8F000019346F8045CB9463C460295AB464A784B
:10B900004B1C039342B3104605910492FFF794FD3C
:10B91000002853D1049A0599202A18D8029B9B45E8
:10B9200013DD4C4506D2072D04DC2A464946204645
:10B93000FFF7A8FF444554D90023A4F1040944F8B3
:10B94000043CCDF808B04C461D460399D7E7292A98
:10B9500059D10231CAF80010BBF1000F53D04C4549
:10B9600006D2072D04DC2A4649462046FFF78AFF07
:10B97000444538D9A8F10402234653F8041B42F881
:10B98000041F9F42F9D23B1B23F003030134033E03
:10B99000B44288BF002308F10402134400211A4670
:10B9A00004339F421160FAD23B681BB9474528D146
:10B9B00001233B60052007B0BDE8F08F0135082D5D
:10B9C0000BF1010B06DD4445BFD9002344F8043CCC
:10B9D0000125043C226800F00F0040EA02102060BC
:10B9E000B3E70825B1E7019B002BDDD0C3F12003AD
:10B9F0004FF0FF32DA4056F8043C134046F8043C5E
:10BA0000D2E7043FD0E70420D5E70000024B01460F
:10BA1000186800F025B800BFEC03002070B50F4E89
:10BA20000C463168054611B901F0AEF93060214687
:10BA3000284601F0A9F9431C03D14FF0FF342046FA
:10BA400070BDC41C24F00304A042F8D0211A28467B
:10BA500001F09AF90130F2D1EFE700BF5063002006
:10BA60002DE9F843CD1C25F0030508350C2D38BF12
:10BA70000C25002D064601DBA94204D90C233360B6
:10BA80000020BDE8F883DFF8D48000F07BF8D8F818
:10BA900000301C4644BB29463046FFF7BFFF431C1D
:10BAA000044658D1D8F800402746002F43D1002C37
:10BAB0004BD023683946304604EB030901F064F9A2
:10BAC000814542D121686D1A29463046FFF7A6FF0D
:10BAD00001303AD023682B442360D8F800305A68EC
:10BAE00062BBC8F800700FE02268521B20D40B2AFA
:10BAF00017D96119A342256018BF5960636808BF50
:10BB0000C8F8001062514B60304600F041F804F173
:10BB10000B00231D20F00700C21A1CBF1B1AA350E4
:10BB2000AFE76268A3420CBFC8F800205A60EBE799
:10BB300023466468AEE73C467F68B6E71A465B6812
:10BB4000A342FBD100235360DEE70C233360304671
:10BB500000F01EF894E70560D6E700BF54630020AC
:10BB600082B001B901A942B14BB113780B601278D0
:10BB7000101E18BF012002B070471046FBE76FF09F
:10BB80000100F8E70148FEF734BD00BF4C63002018
:10BB90000148FEF72FBD00BF4C63002070B5C4699B
:10BBA00005460E4684B91020FFF730FF0446E861D1
:10BBB00028B90246164B17486B21FCF7D7FF002324
:10BBC000C0E901330360C360E36853B92122042153
:10BBD000284601F0E9F8EB69E060DB680BB900206A
:10BBE00070BD53F8260030B1026843F826200023C8
:10BBF000C0E90333F4E7012101FA06F4621D920063
:10BC0000284601F0D1F80028E9D0C0E90164EEE748
:10BC100037E6010817E7010870B5C66905460C4606
:10BC200076B91020FFF7F2FE0246E86120B9094B11
:10BC300009488F21FCF79AFFC0E901660660C660DB
:10BC40003CB1EB696268DB6853F82210216043F86D
:10BC5000224070BD37E6010817E701082DE9F041E1
:10BC60000D6907460C461E4601F1140C0020DCF855
:10BC7000003099B202FB01611E0C0B0C02FB063373
:10BC800089B2013001EB034185424CF8041B4FEAB5
:10BC90001346ECDC0EB3A368AB4219DC616838468E
:10BCA0000131FFF77BFF804628B902460C4B0D4857
:10BCB000BA21FCF75BFF2269023204F10C01920009
:10BCC0000C30FEF798FC21463846FFF7A5FF4446A6
:10BCD00004EB850301355E6125612046BDE8F081F6
:10BCE000A6E6010817E701082DE9F8430C461546BA
:10BCF0001F4609220833064693FBF2F30021012276
:10BD00009A4209DB3046FFF749FF40B90246194B1A
:10BD10001948D321FCF72AFF52000131F0E7089BB4
:10BD20004361092D4FF00103036116DD04F1090899
:10BD3000C1462C4419F8013B0146303B0A223046EB
:10BD4000FFF78CFFA145F5D1A844A8F108042D1BED
:10BD500063199F4204DCBDE8F8830A340925F6E73D
:10BD600014F8013B0146303B0A223046FFF776FFCC
:10BD7000EEE700BFA6E6010817E70108B0F5803F2F
:10BD8000034636BF030400201020B3F1807F3CBF80
:10BD90001B020830B3F1805F3CBF1B010430B3F1DC
:10BDA000804F3CBF9B000230002B05DB13F0804F1F
:10BDB00000F1010008BF202070470368024613F01D
:10BDC00007000BD0D90721D4980749BF5B089B080F
:10BDD000012013605CBF13600220704799B209B95B
:10BDE0001B0C1020D9B209B908301B0A190704BF6F
:10BDF0001B090430990704BF9B080230D90703D4FC
:10BE00005B0800F1010003D0136070470020704709
:10BE10002020704710B50C460121FFF7BFFE0246F7
:10BE200028B9054B054840F24511FCF79FFE012358
:10BE30004461036110BD00BFA6E6010817E70108D1
:10BE40002DE9F04FD1F81090D2F810A0D14585B06F
:10BE50008846144604DB53460C46CA46904699462B
:10BE6000A36861680AEB0906B342B8BF0131FFF766
:10BE700095FE30B90246454B45484FF4B171FCF789
:10BE800075FE00F1140505EB86072B460022BB4228
:10BE90001FD304F1140C08F114010CEB8A0301EB1D
:10BEA000890202921A1B153A22F0030215349C42B1
:10BEB00088BF00220192029A03918A420CD8002E78
:10BEC00003DD57F8043D002B5DD0066105B0BDE8E9
:10BED000F08F43F8042BDAE7B1F800A0BAF1000FB5
:10BEE00024D0E046A9464FF0000E58F8042BD9F8AC
:10BEF00000401FFA82FBA4B20AFB0B444FEA124B2C
:10BF0000D9F8002074444FEA124E0AFB0BE202EB10
:10BF10001442A4B244EA0244434549F8044B4FEAB0
:10BF2000124EE2D8019AAA18C2F804E0039AB2F8B5
:10BF300002800431B8F1000F23D02A68E64691460A
:10BF4000AA464FF0000BBEF8004008FB04B404EB17
:10BF5000194492B242EA04424AF8042B5EF8042BD8
:10BF6000DAF800904FEA124B1FFA89F208FB0B2215
:10BF700002EB144273454FEA124BE4D8019C2C1992
:10BF80006260043597E7013E99E700BFA6E6010825
:10BF900017E701082DE9F843174612F0030280461F
:10BFA0000D4607D0264C013A002354F82220FFF713
:10BFB00055FE0546BF103FD0D8F81C4094B910205C
:10BFC000FFF724FD0446C8F81C0030B902461D4B9B
:10BFD0001D4840F2B311FCF7C9FD0023C0E901334D
:10BFE0000360C360A66846B940F271214046FFF77E
:10BFF00011FF0023A060064603602C464FF00009A5
:10C0000007F001037F1053B1294632464046FFF73F
:10C0100017FF214605464046FFF7FEFD67B1306831
:10C0200038B9324631464046FFF70AFF3060C0F863
:10C03000009006462C46E3E72846BDE8F88300BF9B
:10C04000DCE8010837E6010817E701082DE9F84F99
:10C050000C464968236903EB6218A3680746154636
:10C060004FEA621A08F101094B450BDB3846FFF72E
:10C0700095FD064648B90246294B2A484FF4EF7110
:10C08000FCF774FD01315B00EEE7002300F1140CB6
:10C0900000F110021946534535DB22692AEAEA7A93
:10C0A0000CEB8A0C04F1140315F01F0E614603EB30
:10C0B00082022CD0CEF1200A002518688B4600FAA7
:10C0C0000EF02843CBF8000053F8045B9A4201F1CC
:10C0D000040125FA0AF5F0D8131B153B23F00303DE
:10C0E00004F115018A4238BF00239C44CCF8045067
:10C0F00005B9C1463846C6F810902146FFF78CFDB9
:10C100003046BDE8F88F42F8041F0133C3E753F807
:10C11000045B0D609A4201F10401F8D8E9E700BF21
:10C12000A6E6010817E701080A6903460069801AB4
:10C1300030B50ED11433143103EB820401EB8201CC
:10C1400054F8045D51F8042D954203D005D24FF008
:10C15000FF3030BDA342F3D3FBE70120F9E7000035
:10C160002DE9F74F8A460646114650461446FFF71A
:10C17000DBFF051E12D129463046FFF70FFD0246B0
:10C1800028B9414B40F237214048FCF7EFFC01232E
:10C19000C0E90435104603B0BDE8F08FBCBF53467C
:10C1A000A2463046DAF80410BABF1C460125002525
:10C1B000FFF7F4FC024618B9334B40F24521E3E7A0
:10C1C000DAF810702669C5600AF1140904F1140E3A
:10C1D00000F114050AF1100309EB87080EEB86063F
:10C1E0000193AB464FF0000C019B5EF8040B53F833
:10C1F00004AF01931FFA8AF3194683B2CB1A000CDD
:10C200006344C0EB1A4000EB23409BB243EA004377
:10C2100076454BF8043B4FEA204CE5D8331B153BE1
:10C22000153423F00303A64238BF0023E8184B441B
:10C230001C1D04302646A5EB0905464506EB050EF8
:10C240000ED308F10301091B21F0030101339845C6
:10C2500038BF0021014451F8043D9BB1176199E7B3
:10C2600056F8041BE2464FEA11491CFA81FC51447E
:10C2700009EB2C4989B241EA09414FEA294CCEF831
:10C280000010DAE7013FE6E7A6E6010817E7010834
:10C2900082B08DED000B019A0F4B1340A3F1507348
:10C2A000002B08DC5B42B3F1A07F4FEA235204DA93
:10C2B0004FF400231341002208E0A2F114031E2BC7
:10C2C000DABF4FF00042DA4001220023194610463F
:10C2D00041EC100B02B070470000F07F2DE9F041F7
:10C2E000066900F1140808EB8606371F56F8042C7F
:10C2F0001046FFF743FDC0F120030A280B601B49DD
:10C3000015DCC0F10B0C22FA0CF3B84543EA010529
:10C3100034BF56F8083C0023153002FA00F023FA27
:10C320000CF303431C4645EC104BBDE8F081B845C7
:10C330003ABF56F8083CA6F1080700230B3812D084
:10C34000C0F1200123FA01F482402243474542F024
:10C350007F558CBF57F8042C00228340CA4045F417
:10C3600040151343DEE742EA0105DBE70000F03F3A
:10C370002DE9F7430F46012159EC108B1646FFF7C4
:10C380000DFC044630B90246234B244840F20F31DD
:10C39000FCF7ECFBC9F30A55C9F313030DB143F4E1
:10C3A00080130193B8F1000323D068460093FFF790
:10C3B00004FD0099D8B1019AC0F1200302FA03F3F9
:10C3C0000B43C24063610192019BA361002B0CBF30
:10C3D000012202222261A5B1A5F2334505443D6048
:10C3E000C0F135003060204603B0BDE8F0836161E4
:10C3F000EAE701A8FFF7E1FC019B6361203001221D
:10C40000E8E704EB8203A0F2324038601869FFF7D6
:10C41000B5FCC0EB4210E5E7A6E6010817E7010806
:10C420002DE9F04F85B0CDE9001002A9FFF756FFC6
:10C43000009803A955EC104BFFF750FF019B1969B9
:10C44000009B1B69C91ADDE902329B1A5BEC10AB39
:10C4500003EB4113002BCEBF2A46C3EB03335A46EE
:10C460002F46D946CCBF02EB035702EB03594B468C
:10C47000524620463946E4F7F9F941EC100B05B075
:10C48000BDE8F08F013970B549111469013102F12D
:10C49000140300EB810103EB8404051FA3420CD3BA
:10C4A000A31A113B23F003031132944238BF002337
:10C4B00018440023884205D370BD53F8046B45F837
:10C4C000046FEBE740F8043BF4E700F11402006965
:10C4D0004B11984210B511DB0ADD11F01F0107D096
:10C4E00052F8234024FA01F000FA01F18C420BD1FA
:10C4F00002EB8303934203D8002010BD0346F7E705
:10C5000053F8041D0029F5D00120F6E7034608463C
:10C5100041B1FF2A04D98A221A604FF0FF307047D8
:10C520000A70012070472DE9F0478E681F46BE4211
:10C5300082460C469046334653D8B1F90C0010F4AD
:10C54000906F2BD065692368096905EB4505A3EB5E
:10C55000010905EBD5757B1C6D104B44AB422A4697
:10C5600084BF1D462A46430527D511465046FFF78E
:10C5700077FA064658B321694A46FEF73CF8A38984
:10C5800023F4906343F08003A381266165614E44E8
:10C59000A5EB09052660A5603E463B461F46206880
:10C5A0003A46414600F092FBA3689B1BA3602368B8
:10C5B0003B4423600020BDE8F087504600F008FCB3
:10C5C00006460028E1D121695046FEF799FE0C236A
:10C5D000CAF80030A38943F04003A3814FF0FF3035
:10C5E000E9E73E46DBE700002DE9F0471F468B896F
:10C5F0001B069CB006460D46144610D50B6973B950
:10C600004021FFF72DFA2860286130B90C233360F0
:10C610004FF0FF301CB0BDE8F08740236B61002372
:10C62000099320238DF8293003973023654F8DF827
:10C630002A304FF001082346994613F8012B0AB11E
:10C64000252AF9D1B9EB040A0BD0534622462946D4
:10C650003046FFF768FF013000F0A480099A524489
:10C66000099299F80030002B00F09C8000234FF0D5
:10C67000FF32CDE9052309F10109049307938DF8F1
:10C6800053301A934C464F4814F8011B0522E3F728
:10C69000AFFD049BD0B9D80644BF20228DF85320AB
:10C6A000190744BF2B228DF8532099F800202A2A1D
:10C6B00013D0079A4C4600204FF00A0C214611F87F
:10C6C000013B303B092B49D968B913E0C01B08FA7C
:10C6D00000F018430490A146D4E7039A111D126894
:10C6E0000391002A01DB079204E0524243F0020367
:10C6F0000792049323782E2B0AD163782A2B32D108
:10C70000039B1A1D1B68039243EAE37302340593EB
:10C71000DFF8C090217803224846E3F769FD38B17D
:10C72000049BA0EB09004022824013430134049390
:10C7300014F8011B24488DF828100622E3F758FD51
:10C74000002835D0214818BB039B073323F007038B
:10C7500008330393099B034409936CE70CFB0232F3
:10C760000C460120AAE700230134059319464FF037
:10C770000A0C204610F8012B303A092A03D9002B65
:10C78000C6D00591C4E70CFB012104460123F0E764
:10C7900003AB00932A460E4B04A93046FDF730F94F
:10C7A000421CD7D1AB895B063FF532AF099831E720
:10C7B00003AB00932A46064B04A93046FDF7B6FBAF
:10C7C000EEE700BF70E701087AE70108019A010867
:10C7D00027C5010876E701089368013B002B10B4D8
:10C7E000936008DA9469A34201DB0A2903D15DF85A
:10C7F000044B00F0D9B91368581C10601970084632
:10C800005DF8044B7047F8B506460F461446D51838
:10C81000AC4201D1002007E014F8011B3A46304633
:10C82000FFF7DAFF431CF3D1F8BD00002DE9F04714
:10C830000D469CB014461F46064618B1036A0BB954
:10C84000FDF728FD6B6ED90705D4AB899A0502D494
:10C85000A86DFDF7CEFEAB891B0701D52B699BB9EF
:10C860002946304600F0DEF970B16B6EDC0704D566
:10C870004FF0FF301CB0BDE8F087AB899805F7D4C6
:10C88000A86DFDF7B7FEF3E70023099320238DF889
:10C890002930039730236A4F8DF82A304FF0010872
:10C8A0002346994613F8012B0AB1252AF9D1B9EB91
:10C8B000040A0BD05346224629463046FFF7A3FF11
:10C8C000013000F0A480099A5244099299F800308E
:10C8D000002B00F09C8000234FF0FF32CDE90523B0
:10C8E00009F10109049307938DF853301A934C46CC
:10C8F000534814F8011B0522E3F77AFC049BD0B9D6
:10C90000D90644BF20228DF853201A0744BF2B229A
:10C910008DF8532099F800202A2A13D0079A4C4604
:10C9200000204FF00A0C214611F8013B303B092B47
:10C9300049D968B913E0C01B08FA00F01843049005
:10C94000A146D4E7039A111D12680391002A01DB66
:10C95000079204E0524243F00203079204932378C3
:10C960002E2B0AD163782A2B32D1039B1A1D1B6808
:10C97000039243EAE37302340593DFF8D4902178FD
:10C9800003224846E3F734FC38B1049BA0EB0900CE
:10C990004022824013430134049314F8011B2948B8
:10C9A0008DF828100622E3F723FC00283ED0264805
:10C9B00018BB039B073323F0070308330393099B3A
:10C9C000034409936CE70CFB02320C460120AAE7F2
:10C9D00000230134059319464FF00A0C204610F845
:10C9E000012B303A092A03D9002BC6D00591C4E7A0
:10C9F0000CFB012104460123F0E703AB00932A4618
:10CA0000124B04A93046FCF7FBFF431CD7D16B6ED9
:10CA1000D90705D4AB899A0502D4A86DFDF7EAFDC4
:10CA2000AB895B063FF524AF099823E703AB00937E
:10CA30002A46064B04A93046FDF778FAE5E700BF21
:10CA400070E701087AE70108019A010807C80108A0
:10CA500076E70108B1F90C202DE9F04116070546EB
:10CA60000C4651D44B68002B02DC0B6C002B49DDCB
:10CA7000E66A002E46D0002312F480522F682B6005
:10CA800031D0626DA389590705D56368D21A636BEB
:10CA90000BB1236CD21A0023E66A216A2846B047FC
:10CAA000421CB4F90C3006D129681D2946D8294A00
:10CAB000CA40D60742D500226260D90422692260AA
:10CAC00004D5421C01D12B6803B96065616B2F60EE
:10CAD000C1B104F14403994202D02846FEF710FC8C
:10CAE000002363630EE0216A01232846B047024613
:10CAF000501CC7D12B68002BC4D01D2B01D0162B86
:10CB00001AD12F6000201EE00F69002FFAD0930782
:10CB10000E6808BF4B690F6018BF0023A6EB07081B
:10CB20008B60B8F1000FEDDD216AA66A43463A46F4
:10CB30002846B047002808DCB4F90C3043F0400325
:10CB4000A3814FF0FF30BDE8F0810744A8EB000857
:10CB5000E7E700BF0100402038B50B6905460C46E9
:10CB600013B90025284638BD18B1036A0BB9FDF783
:10CB700091FBB4F90C30002BF3D0626ED00704D4D3
:10CB8000990502D4A06DFDF734FD28462146FFF734
:10CB900061FF636EDA070546E4D4A3899B05E1D4FF
:10CBA000A06DFDF727FDDDE7F8B50E4614460546F6
:10CBB00018B1036A0BB9FDF76DFBA369A360A389E4
:10CBC0001A0701D5236943B92146284600F02AF8FF
:10CBD00018B14FF0FF373846F8BD23682269981A1C
:10CBE0006369F6B28342374605DC21462846FFF7E3
:10CBF000B3FF0028EDD1A368013BA36023685A1C52
:10CC000022601E706269431C9A4204D0A389DB072C
:10CC1000E1D50A2EDFD121462846FFF79DFF0028E7
:10CC2000D9D0D6E738B5284B054618680C4618B158
:10CC3000036A0BB9FDF72EFBB4F90C301A0721D4A7
:10CC4000D80607D409222A6043F04003A3814FF09D
:10CC5000FF3030E0590712D5616B41B104F1440354
:10CC6000994202D02846FEF74BFB00236363002263
:10CC7000B4F90C3062602269226023F0240343F08F
:10CC80000803A38122693AB99A0501D5180603D58C
:10CC90002146284600F0EEF8B4F90C3013F00102FA
:10CCA0000AD00022A26062695242A261226942B99E
:10CCB00013F08000C8D138BD990758BF6269A260DF
:10CCC000F4E70020F7E700BFEC030020884210B52E
:10CCD00001EB020402D98442234607D8431EA14235
:10CCE00007D011F8012B03F8012FF8E70244824224
:10CCF00000D110BD13F8011D02F8011DF7E71F292F
:10CD000038B505460C4604D9162303604FF0FF30B2
:10CD100038BDC26B12B152F821304BB9284600F031
:10CD200031F8224601462846BDE8384000F018B8E0
:10CD3000012B0AD0591C03D1162303600120E7E719
:10CD4000002142F82410204698470020E0E7000028
:10CD5000024B01461868FFF7D2BF00BFEC0300206A
:10CD600038B5074D00230446084611462B60EDF701
:10CD700025FC431C02D12B6803B1236038BD00BFE2
:10CD800048630020EDF712BC38B5064D0023044679
:10CD900008462B60EDF79AFC431C02D12B6803B1C7
:10CDA000236038BD4863002070B5A1FB025434B93C
:10CDB0002946FEF755FE064628B9304670BD0C22BE
:10CDC00002600026F9E72A462146FDF711FBF4E749
:10CDD0002DE9F041074614460D4621B9BDE8F04162
:10CDE0001146FEF73DBE2AB9FEF78AFA25462846C7
:10CDF000BDE8F08100F09AF88442064602D8B4EB10
:10CE0000500FF4D821463846FEF72AFE804608B96E
:10CE10004546ECE7B4422246294628BF3246FDF794
:10CE2000EAFB29463846FEF76BFAF1E770B50C4687
:10CE3000B1F90E10002996B015461E460ADAA189EE
:10CE400011F0800113D14FF48062002031602A601C
:10CE500016B070BD6A4600F047F80028EFDB019974
:10CE600001F47041A1F5005359425941EBE700210B
:10CE70004022EAE78B8973B59E0705460C4607D525
:10CE800004F14703236023610123636102B070BD95
:10CE900001AB6A46FFF7CAFF009E28463146FEF7FF
:10CEA000DFFDB4F90C3038B99A05EFD423F0030351
:10CEB00043F00203A381E3E743F08003A381019BD6
:10CEC0002060C4E90406002BE0D0B4F90E10284617
:10CED00000F01CF80028D9D0A38923F0030343F005
:10CEE0000103A381D2E7000038B5074D00230446B3
:10CEF000084611462B60EDF7C1FB431C02D12B689D
:10CF000003B1236038BD00BF4863002038B5064D2B
:10CF10000023044608462B60EDF7C0FB431C02D1FA
:10CF20002B6803B1236038BD4863002051F8043CEE
:10CF3000181F002BBCBF0B58C0187047F8B500BFB6
:10CF4000F8BC08BC9E467047F8B500BFF8BC08BCEA
:04CF50009E46704742
:10CF5800444953504154434845520000706172613E
:10CF68006D65746572732E76616C756500000000DE
:10CF7800706172616D65746572732E696E74657225
:10CF88006E616C5F6964000063727970746F5F72C0
:10CF9800656D6F76655F6B6579000000454E5600DC
:10CFA80048454154455200004C434D0050554D50A2
:10CFB8000000000050575220535550504C59000063
:10CFC80053595354454D0000555345525F494E54EB
:10CFD800455246414345000056414C564500000025
:10CFE8002530385800000000484541525442454118
:10CFF800545F53544154455F4F464600484541529B
:10D0080054424541545F53544154455F4F4E0000CC
:10D0180070756D705F73706565645F73657400002B
:10D0280070756D705F73706565645F676574000027
:10D0380070756D705F63757272656E745F67657425
:10D048000000000070756D705F696E697400000003
:10D0580076616C76655F73746174655F736574007F
:10D0680076616C76655F73746174655F676574007B
:10D0780076616C76655F63757272656E745F6765FD
:10D088007400000076616C76655F696E69740000F3
:10D098006865617465725F73746174655F736574E4
:10D0A800000000006865617465725F73746174657F
:10D0B8005F676574000000006865617465725F638E
:10D0C800757272656E745F67657400006865617477
:10D0D80065725F74656D705F67657400726573650E
:10D0E80072766F69725F6C6576656C5F67657400F0
:10D0F800706F7765725F737570706C795F766F6C3F
:10D10800746167655F67657400000000706F77651C
:10D11800725F737570706C795F63757272656E7427
:10D128005F67657400000000706F7765725F7375E4
:10D1380070706C795F73746174655F7365740000F7
:10D14800706F7765725F737570706C795F737461F7
:10D1580074655F67657400006C636D5F7370656507
:10D16800645F7365740000006C636D5F7370656560
:10D17800645F6765740000006C636D5F637572724D
:10D18800656E745F676574006C636D5F74656D7060
:10D198005F676574000000006C636D5F66616E5FB9
:10D1A80073746174655F7365740000006C636D5F10
:10D1B80066616E5F73746174655F67657400000013
:10D1C8006C636D5F66616E5F73706565645F7365E0
:10D1D800740000006C636D5F66616E5F73706565F7
:10D1E800645F676574000000737570706C795F70B8
:10D1F8007265735F67657400737570706C795F74BE
:10D20800656D705F6765740072657475726E5F74C2
:10D21800656D705F67657400616D6269656E745FE6
:10D2280074696C745F67657400000000616D626901
:10D23800656E745F74656D705F67657400000000EB
:10D2480073797374656D5F6D6F64655F7365740082
:10D2580073797374656D5F7374617475735F6765F3
:10D268007400000073797374656D5F6D66675F6441
:10D278006174615F7365740073797374656D5F6D54
:10D2880066675F646174615F67657400737973745E
:10D29800656D5F66775F76657273696F6E5F6765E8
:10D2A8007400000073797374656D5F68775F7665E5
:10D2B8007273696F6E5F67657400000073797374C9
:10D2C800656D5F7265736574000000006372797044
:10D2D800746F5F6E65775F6B65795F726571756591
:10D2E80073740000696E76616C69645F636F6D6D5D
:10D2F800616E6400696E76616C69645F6A736F6EF3
:10D30800000000007069645F73746174655F736521
:10D31800740000007069645F73746174655F6765A9
:10D32800740000007069645F6D6F64655F73657495
:10D33800000000007069645F6D6F64655F67657405
:10D34800000000007069645F736574706F696E74C3
:10D358005F736574000000007069645F73657470C2
:10D368006F696E745F676574000000007069645FC0
:10D3780070726F706F7274696F6E616C5F736574D1
:10D38800000000007069645F70726F706F7274697A
:10D398006F6E616C5F676574000000007069645FA0
:10D3A800696E74656772616C5F7365740000000074
:10D3B8007069645F696E74656772616C5F676574D4
:10D3C800000000007069645F646572697661746961
:10D3D80076655F73657400007069645F646572697F
:10D3E8007661746976655F67657400007069645F6B
:10D3F800687973746572657369735F736574000027
:10D408007069645F687973746572657369735F675F
:10D41800657400007069645F73656E736F725F7224
:10D428006174696F5F736574000000007069645F00
:10D4380073656E736F725F726174696F5F6765742D
:10D44800000000007069645F706572696F645F73E3
:10D45800657400007069645F706572696F645F6706
:10D46800657400007069645F73616D706C65735FEB
:10D47800736574007069645F73616D706C65735F68
:10D488006765740075695F627574746F6E5F737435
:10D49800617475735F6765740000000075695F618A
:10D4A8006C6572745F6C6576656C5F73657400009B
:10D4B80075695F616C6572745F6C6576656C5F67D2
:10D4C800657400007069645F70756D705F73706576
:10D4D80065645F73657400007069645F70756D7072
:10D4E8005F73706565645F67657400007069645F89
:10D4F80064656275675F67657400000068656172DE
:10D5080074626561740000006865617274626561C7
:10D51800745F73746174655F7365740068656172C4
:10D5280074626561745F73746174655F67657400C4
:10D53800766F6C746167655F6D5600006375727213
:10D54800656E745F6D410000706F745F76616C7515
:10D5580065000000737461746500000074656D7087
:10D568005F46000074656D705F4300006C6576650A
:10D578006C000000707265735F5053490000000032
:10D5880073706565645F52504D00000061636365A8
:10D598006C5F7800616363656C5F790061636365E4
:10D5A8006C5F7A006779726F5F7800006779726FD5
:10D5B8005F7900006779726F5F7A00006D66675F58
:10D5C800646174610000000066775F766572736954
:10D5D8006F6E0000696E7465726E616C5F696400DD
:10D5E80076616C7565000000090000004D4F4445E8
:10D5F8005F534146450000004D4F44455F53544139
:10D608004E444259000000004D4F44455F53484185
:10D618004D000000636F6D6D616E64007365715F2E
:10D628006E756D6265720000706172616D6574651A
:10D638007273000073656E736F725F64617461006A
:10D64800535550504C595F32345600005355505082
:10D658004C595F3132560000535550504C595F3584
:10D6680056000000535550504C595F335633000054
:10D6780073797374656D5F7374617465000000007D
:10D688007265736572766F6972000000616D626918
:10D69800656E7400737570706C79000072657475CE
:10D6A800726E000076616C76655F69640000000048
:10D6B80072736572766F69725F696400706F7765FF
:10D6C800725F737570706C795F6964006C65645F14
:10D6D8006964000073746174757300006572726F19
:10D6E800725F636F646500004F4B00005379737479
:10D6F800656D20697320627573790000524E47206A
:10D708006572726F720000004B657920464C415378
:10D7180048206572726F72004A534F4E20636F6DD6
:10D728006D616E64207374727563747572652069B7
:10D738006E76616C69640000436F6D6D616E642084
:10D748006E6F74207265636F676E697A6564000036
:10D75800496E76616C69642073657175656E636581
:10D76800206E756D62657200546865207265636528
:10D778006976656420696420697320696E76616CD6
:10D7880069640000506172616D65746572206D692D
:10D798007373696E672066726F6D20636F6D6D615C
:10D7A8006E640000506172616D6574657220766107
:10D7B8006C756520696E76616C69640054686520D3
:10D7C8007265636569766564207374617465206940
:10D7D8007320696E76616C69640000005468652086
:10D7E8007265636569766564207370656564206930
:10D7F80073206F7574206F662072616E6765000014
:10D80800536F6D657468696E672077726F6E6720F5
:10D81800776974682055415254000000536F6D6554
:10D828007468696E672077726F6E672077697468AD
:10D838002053504900000000536F6D657468696E8D
:10D84800672077726F6E6720776974682049324362
:10D858000000000044657669636520696E205361A5
:10D8680066652D6D6F646500546869732061637423
:10D87800696F6E2069732064697361626C65640006
:10D8880073656E736F725F6572726F72000000006D
:10D89800446576696365206E6F7420696E69746982
:10D8A800616C697A6564000056414C56455F4D418C
:10D8B800494E000056414C56455F4155585F41005E
:10D8C80056414C56455F4155585F420056414C56AB
:10D8D800455F4155585F4300414C4552545F4E4F98
:10D8E800545F524541445900414C4552545F4E4F94
:10D8F8004E450000414C4552545F4C4F57000000C4
:10D90800414C4552545F4D454449554D0000000077
:10D91800414C4552545F484947480000414C4552E4
:10D92800545F5741524E494E4700000053544154EA
:10D93800455F4F4E0000000053544154455F4F4629
:10D948004600000053544154455F494E41435449F1
:10D958005645000053544154455F41435449564588
:10D96800000000005049445F4D4F44455F53544107
:10D978004E444259000000005049445F4D4F444511
:10D988005F4C434D000000005049445F4D4F4445F3
:10D998005F484541544552005049445F53544154EF
:10D9A800455F4F46460000005049445F5354415478
:10D9B800455F4F4E0000000000000000312E302E61
:10D9C8003700000025303278000000002564000090
:10D9D800252E2A6600000000627574746F6E5F72EF
:10D9E800656C656173656400627574746F6E5F70F1
:10D9F800726573736564000053544154455F4F4E1C
:10DA08000000000053544154455F4F464600000053
:10DA180053544154455F4F4E000000005354415445
:10DA2800455F4F464600000041505000424F4F545A
:10DA380000000000505443480000000000000000AF
:10DA48000000000047616964000000004741494444
:10DA5800000000005357536B0000000053575372E7
:10DA68000000000053574446000000005357554635
:10DA78000000000047536B43000000004753724307
:10DA88000000000047505049000000005353724303
:10DA9800000000004D4252640000000050424D73E7
:10DAA8000000000050424D630000000050424D65E8
:10DAB80000000000474F32500000000044426667F3
:10DAC80000000000493243720000000049324377E9
:10DAD80000000000464C726400000000464C61647F
:10DAE80000000000464C776400000000464C767940
:10DAF80000000000803300003132000062000000A6
:10DB08006C19002049444C4500000000282062752B
:10DB18006620213D204E554C4C20292026262028C1
:10DB280020737461727420213D204E554C4C20297D
:10DB38002026262028206D6178203E203055202977
:10DB4800000000002E2E2F4D6964646C65776172A9
:10DB580065732F54686972645F50617274792F63BA
:10DB68006F72654A534F4E2F536F757263652F63FB
:10DB78006F72655F6A736F6E2E63000028206C6594
:10DB88006E677468203E3D203255202920262620C5
:10DB980028206C656E677468203C3D203455202928
:10DBA8000000000069203C206D61780021697361E4
:10DBB800736369695F28206275665B2069205D2050
:10DBC800290000006F757456616C756520213D2031
:10DBD8004E554C4C0000000028206120213D204E6D
:10DBE800554C4C20292026262028206220213D2023
:10DBF8004E554C4C202900006C69746572616C208C
:10DC0800213D204E554C4C00747275650000000093
:10DC180066616C73650000006E756C6C0000000036
:10DC280069734F70656E427261636B65745F28201B
:10DC38006D6F646520290000282076616C75652069
:10DC4800213D204E554C4C20292026262028207680
:10DC5800616C75654C656E67746820213D204E5572
:10DC68004C4C20290000000028206B657920213DBC
:10DC7800204E554C4C20292026262028206B6579DB
:10DC88004C656E67746820213D204E554C4C202908
:10DC980000000000282062756620213D204E554C6A
:10DCA8004C2029202626202820717565727920218C
:10DCB8003D204E554C4C20290000000028206F754F
:10DCC8007456616C756520213D204E554C4C2029B9
:10DCD8002026262028206F757456616C75654C6562
:10DCE8006E67746820213D204E554C4C2029000059
:10DCF80062756620213D204E554C4C0028206275E7
:10DD08006620213D204E554C4C20292026262028CF
:10DD180020737461727420213D204E554C4C20298B
:10DD28002026262028206F75744C656E677468203D
:10DD3800213D204E554C4C20290000006D61782073
:10DD48003E2030550000000028206D6178203E20DC
:10DD58003055202920262620282071756572794C97
:10DD6800656E677468203E20305520290000000049
:10DD7800282062756620213D204E554C4C202920D4
:10DD880026262028206D6178203E20305520290045
:10DD98002820737461727420213D204E554C4C200C
:10DDA800292026262028206E65787420213D204EC3
:10DDB800554C4C202900000028206F75744B65795C
:10DDC80020213D204E554C4C202920262620282055
:10DDD8006F75744B65794C656E67746820213D20BA
:10DDE8004E554C4C2029000000000000F0CF0108DF
:10DDF8000100000004D001080000000018D001084C
:10DE08000100000028D001080200000038D00108F5
:10DE1800030000004CD001080400000058D001089D
:10DE28000500000068D001080600000078D001084D
:10DE3800070000008CD001080800000098D00108F5
:10DE480009000000ACD001080A000000C0D0010899
:10DE58000B000000D4D001080C000000E4D0010839
:10DE68000D000000F8D001080E00000014D10108D0
:10DE78000F00000030D101081000000048D101084F
:10DE88001100000060D101081200000070D10108E3
:10DE98001300000080D101081400000090D101088F
:10DEA80015000000A0D1010816000000B4D1010837
:10DEB80017000000C8D1010818000000DCD10108D3
:10DEC80019000000F0D101081A00000000D2010872
:10DED8001B00000010D201081C00000020D201081D
:10DEE8001D00000034D201081E00000048D20108BD
:10DEF8001F00000058D20108200000006CD2010861
:10DF08002100000080D201082200000094D20108FC
:10DF180023000000ACD2010824000000C4D201088C
:10DF280025000000D4D2010826000000ECD2010828
:10DF380027000000FCD20108280000000CD30108CB
:10DF4800290000001CD301082A0000002CD3010876
:10DF58002B0000003CD301082C0000004CD3010822
:10DF68002D00000060D301082E00000074D30108C2
:10DF78002F0000008CD3010830000000A4D3010852
:10DF880031000000B8D3010832000000CCD30108EA
:10DF980033000000E0D3010834000000F4D3010886
:10DFA8003500000008D40108360000001CD4010820
:10DFB8003700000034D40108380000004CD40108B0
:10DFC800390000005CD401083A0000006CD4010854
:10DFD8003B0000007CD401083C0000008CD4010800
:10DFE8003D000000A4D401083E000000B8D4010898
:10DFF8003F000000CCD4010840000000E0D4010834
:10E0080041000000F4D401084200000004D50108D2
:10E018004300000010D501084400000024D5010881
:10E028000000000038D501080100000044D50108AF
:10E038000200000050D50108030000005CD501086B
:10E048000400000064D50108050000006CD5010833
:10E058000600000074D50108070000007CD50108FF
:10E068000800000088D501080900000094D50108BF
:10E078000A0000009CD501080B000000A4D5010887
:10E088000C000000ACD501080D000000B4D5010853
:10E098000E000000BCD501080F000000C4D501081F
:10E0A80010000000D0D5010811000000DCD50108DF
:10E0B80012000000E8D5010800000000F0D50108B2
:10E0C80001000000F4D501080200000000D6010894
:10E0D8000300000010D60108000000001CD601084B
:10E0E8000100000024D601080200000030D6010813
:10E0F800030000003CD601080400000048D60108CF
:10E108000500000054D601080600000060D601088A
:10E11800070000006CD601080800000078D6010846
:10E128000900000088D601080C00000094D60108F8
:10E138000D0000009CD601080E000000A4D60108BE
:10E148000A000000ACD601080B000000B8D6010890
:10E158000F000000C4D6010810000000D4D6010842
:10E1680011000000DCD6010812000000E4D6010806
:10E1780000000000F0D6010801000000F4D60108F4
:10E188000200000004D701080300000010D70108AE
:10E198000400000020D701080500000040D701084E
:10E1A8000600000058D701080700000070D70108D2
:10E1B800080000008CD7010809000000ACD701084E
:10E1C8000A000000C4D701080B000000E4D70108CA
:10E1D8000C00000008D801080D00000024D8010830
:10E1E8000E00000040D801080F0000005CD80108AC
:10E1F8001000000070D801081100000088D801083C
:10E208001200000098D8010800000000B0D80108EA
:10E2180001000000BCD8010802000000C8D80108AD
:10E2280003000000D4D8010800000000E0D801086D
:10E2380001000000F0D8010802000000FCD8010825
:10E248000300000008D901080400000018D90108DB
:10E258000500000024D901080000000034D9010895
:10E268000100000040D90108000000004CD9010855
:10E27800010000005CD90108000000000000000057
:10E288000000000000000000000000000000000086
:10E298000000000000000000000000000000000076
:10E2A8000000000000000000000000000000000066
:10E2B8000102030406070809000000000102030424
:10E2C80000000000E0D9010801000000F0D90108B1
:10E2D8000000000000DA0108010000000CDA010863
:10E2E800780564190000000000800000001002405A
:10E2F8006400E803010000000080000000100240F4
:10E30800C800E80302000000000400000004024006
:10E31800C800E803030000000004000000040240F5
:10E328006400D00704000000000800000004024058
:10E338006400F40105000000000800000004024029
:10E34800C800E803080000001608000041000000AB
:10E35800F20B000036000000051300002A00000040
:10E36800661F00001E000000923500001200000029
:10E37800D35E0000060000005FAF0000FAFFFFFF59
:10E388004E540100EEFFFFFF0800000023080000C4
:10E39800410000001B0C000036000000351300008F
:10E3A8002A000000791F00001E00000071350000DF
:10E3B800120000006A5E00000600000052AE000075
:10E3C800FAFFFFFFE5510100EEFFFFFFA20000008A
:10E3D8006C1900200000000018DA01080100000094
:10E3E80024DA0108CDCC8C3F8FC2D53FAE4781409F
:10E3F8000000004123DBF93D0000A03F0000803F02
:10E408005C8FDA40080000000E00000002000000E7
:10E41800050000000F0000000700000001000000D8
:10E4280006000000D50000006C190020010102025E
:10E4380003030004736B6970537061636500000027
:10E4480073686F7274657374555446380000000021
:10E45800736B6970555446384D756C74694279749C
:10E4680065000000736B6970555446380000000061
:10E47800736B69704F6E6548657845736361706545
:10E4880000000000736B69704865784573636170BC
:10E4980065000000736B6970457363617065000007
:10E4A800736B6970537472696E6700007374726E6F
:10E4B80045710000736B69704C69746572616C001A
:10E4C800736B69704469676974730000736B697072
:10E4D800446563696D616C7300000000736B69705B
:10E4E8004578706F6E656E7400000000736B69701C
:10E4F8004E756D6265720000736B6970537061636D
:10E5080065416E64436F6D6D61000000736B6970E7
:10E5180041727261795363616C617273000000002B
:10E52800736B69704F626A6563745363616C61727F
:10E5380073000000736B69705363616C61727300E0
:10E54800736B6970436F6C6C656374696F6E000000
:10E558006E65787456616C75650000006E65787438
:10E568004B657956616C75655061697200000000F1
:10E578006F626A65637453656172636800000000C6
:10E58800617272617953656172636800736B697057
:10E598005175657279506172740000006D756C7404
:10E5A80069536561726368002C2066756E637469CF
:10E5B8006F6E3A2000617373657274696F6E202202
:10E5C800257322206661696C65643A2066696C650A
:10E5D80020222573222C206C696E65202564257302
:10E5E80025730A002E00494E4600696E66004E41AA
:10E5F8004E006E616E0030003031323334353637BC
:10E608003839414243444546003031323334353697
:10E61800373839616263646566004300504F534977
:10E628005800496E66696E697479004E614E0052F1
:10E6380045454E54206D616C6C6F63207375636340
:10E648006565646564002F6275696C642F676E7513
:10E658002D746F6F6C732D666F722D73746D3332FA
:10E668005F31342E332E72656C312E3230323531B3
:10E678003032372D303730302F7372632F6E657715
:10E688006C69622F6E65776C69622F6C6962632FA3
:10E698007374646C69622F64746F612E63004261E5
:10E6A8006C6C6F6320737563636565646564002FC4
:10E6B8006275696C642F676E752D746F6F6C732D3E
:10E6C800666F722D73746D33325F31342E332E7250
:10E6D800656C312E32303235313032372D303730AB
:10E6E800302F7372632F6E65776C69622F6E657752
:10E6F8006C69622F6C6962632F7374646C69622F32
:10E708006764746F612D6765746865782E63002F80
:10E718006275696C642F676E752D746F6F6C732DDD
:10E72800666F722D73746D33325F31342E332E72EF
:10E73800656C312E32303235313032372D3037304A
:10E74800302F7372632F6E65776C69622F6E6577F1
:10E758006C69622F6C6962632F7374646C69622FD1
:10E768006D707265632E6300232D302B2000686C5A
:10E778004C0065666745464700000000340000000D
:10E78800CEFBFFFFCB0300000100000000000000EB
:10E7980035000000CEFBFFFFCB03000001000000A6
:10E7A8000000000000000000BC89D897B2D29C3C51
:10E7B80033A7A8D523F649393DA7F444FD0FA53260
:10E7C8009D978CCF08BA5B25436FAC642806681107
:10E7D8000020202020202020202028282828282029
:10E7E8002020202020202020202020202020202021
:10E7F8002088101010101010101010101010101089
:10E808001004040404040404040404101010101078
:10E818001010414141414141010101010101010142
:10E828000101010101010101010101011010101094
:10E838001010424242424242020202020202020214
:10E848000202020202020202020202021010101068
:10E858002000000000000000000000000000000090
:10E8680000000000000000000000000000000000A0
:10E878000000000000000000000000000000000090
:10E888000000000000000000000000000000000080
:10E898000000000000000000000000000000000070
:10E8A8000000000000000000000000000000000060
:10E8B8000000000000000000000000000000000050
:10E8C8000000000000000000000000000000000040
:10E8D8000000000005000000190000007D00000095
:10E8E8000080E03779C34143176E05B5B5B8934644
:10E8F800F5F93FE9034F384D321D30F94877825A10
:10E908003CBF737FDD4F1575000000000000F03F2D
:10E9180000000000000024400000000000005940F2
:10E928000000000000408F40000000000088C34045
:10E9380000000000006AF8400000000080842E41BA
:10E9480000000000D01263410000000084D7974106
:10E958000000000065CDCD41000000205FA002420C
:10E96800000000E876483742000000A2941A6D4281
:10E97800000040E59C30A2420000901EC4BCD64274
:10E9880000003426F56B0C430080E03779C341431F
:10E9980000A0D8855734764300C84E676DC1AB4395
:10E9A800003D9160E458E143408CB5781DAF1544B3
:10E9B80050EFE2D6E41A4B4492D54D06CFF080448E
:10E9C800F64AE1C7022DB544B49DD9794378EA44A3
:08E9D8001818FE7F0100000089
:04E9E000D501000855
:04E9E400B101000875
:10E9E800420000006C190020000000000100000037
:10E9F800941B00206CD9010880D9010890D901081E
:10EA0800A0D90108B0D901080000DEC3CDCC0CC0E4
:10EA18000000C0C00000803F640000000A00000041
:10EA28006666663F280000000000E0410000000024
:10EA38009A99193F0000803F640000000A00000016
:10EA48006666663F280000000000AC42041B0020F8
:10EA58000000003F0024F4004BAF000835B0000868
:10EA680083B00008B1B000080DB1000855B1000826
:10EA7800B5B1000841B2000849B3000881B30008E5
:10EA8800FDB3000895B400084DB4000843B500086C
:10EA98008BB50008E9B500088DB6000885B70008F1
:10EAA800BDB7000851B80008F7B80008AFB80008AB
:10EAB80010000000010000001C16002000000000EB
:10EAC800010000000000000000000000241C0020DD
:10EAD80000000000BC1A0020000C024001000000E9
:10EAE800008000000004024000020000000C024008
:10EAF80000080000000C024000040000000C024066
:10EB0800DC1B0020741A00200D000000A400000087
:10EB18006C1900200000000000100001080010001F
:10EB28000008000000100240000C024000100240E3
:10EB38000010024000080240C00000006C190020CC
:10EB48000000000000000000010000000060EA452D
:10EB580090E301080200000000E008464CE30108C9
:10EB68000300000000E008464CE3010890000000A4
:10EB78006C190020000000000000000000040240A2
:10EB88000002000030DA010834DA01083CDA010832
:10EB980044DA01084CDA010854DA01085CDA0108A1
:10EBA80064DA01086CDA010874DA01087CDA010811
:10EBB80084DA01088CDA010894DA01089CDA010881
:10EBC800A4DA0108ACDA0108B4DA0108BCDA0108F1
:10EBD800C4DA0108CCDA0108D4DA0108DCDA010861
:10EBE800E4DA0108ECDA0108F4DA010800000000B0
:10EBF800FC1C0020AC1D0020000000002C1E002082
:10EC08000000000001000000B41C0020AC1E002021
:10EC180000000000AC200020000000000000000000
:10EC280000000000000000000000000000000000DC
:10EC380000000000000000000000000000000000CC
:10EC48000000000000000000000000004C1B002035
:10EC5800AAAAAAAA00000000030000000C62002073
:10EC68004300000000000000000000000000000059
:10EC7800000000000000000000000000000000008C
:10EC88004300000000000000000000000000000039
:10EC9800000000000000000000000000000000006C
:10ECA8004300000000000000000000000000000019
:10ECB800000000000000000000000000000000004C
:10ECC80043000000000000000000000000000000F9
:10ECD800000000000000000000000000000000002C
:10ECE80043000000000000000000000000000000D9
:10ECF800000000000000000000000000000000000C
:10ED080043000000000000000000000000000000B8
:10ED180000000000000000000000000000000000EB
:10ED28004300000000000000000000000000000098
:10ED380000000000000000000000000000000000CB
:10ED48000DC5010861BB010800000000D8E70108F3
:10ED5800ECE50108EBE50108EBE50108EBE5010846
:10ED6800EBE50108EBE50108EBE50108EBE5010837
:10ED7800EBE50108EBE50108FFFFFFFFFFFFFFFFE1
:10ED8800FFFFFFFFFFFF0000010041534349490017
:10ED9800000000000000000000000000000000006B
:10EDA80000000000000000000000415343494900F2
:10EDB800000000000000000000000000000000004B
:10EDC800000000000000000000000000F003002028
:10EDD800000000000C62002074620020DC62002049
:10EDE800000000000000000000000000000000001B
:10EDF800000000000000000000000000000000000B
:10EE080000000000000000000000000000000000FA
:0CEE1800000000000000000000000000EE
:040000050800AEF948
:00000001FF
